Fecha sistema,Fecha (DD/MM/AAAA),Nombre del índice,Índice,Variación absoluta,Variación porcentual
08/09/2026 12:56:07,2008-01-15 00:00:00,Índice del mercado bursátil colombiano - COLCAP,980.214,-19.785,-1.9785
08/09/2026 12:56:07,2008-01-16 00:00:00,Índice del mercado bursátil colombiano - COLCAP,958.9932,-21.2208,-2.1649
08/09/2026 12:56:07,2008-01-17 00:00:00,Índice del mercado bursátil colombiano - COLCAP,928.3796,-30.6136,-3.1923
08/09/2026 12:56:07,2008-01-18 00:00:00,Índice del mercado bursátil colombiano - COLCAP,903.485,-24.8946,-2.6815
08/09/2026 12:56:07,2008-01-21 00:00:00,Índice del mercado bursátil colombiano - COLCAP,832.3668,-71.1182,-7.8715
08/09/2026 12:56:07,2008-01-22 00:00:00,Índice del mercado bursátil colombiano - COLCAP,879.6671,47.3003,5.6826
08/09/2026 12:56:07,2008-01-23 00:00:00,Índice del mercado bursátil colombiano - COLCAP,890.8945,11.2274,1.2763
08/09/2026 12:56:07,2008-01-24 00:00:00,Índice del mercado bursátil colombiano - COLCAP,933.786,42.8915,4.8144
08/09/2026 12:56:07,2008-01-25 00:00:00,Índice del mercado bursátil colombiano - COLCAP,939.6051,5.8191,0.6232
08/09/2026 12:56:07,2008-01-28 00:00:00,Índice del mercado bursátil colombiano - COLCAP,930.9722,-8.6329,-0.9188
08/09/2026 12:56:07,2008-01-29 00:00:00,Índice del mercado bursátil colombiano - COLCAP,946.5078,15.5356,1.6688
08/09/2026 12:56:07,2008-01-30 00:00:00,Índice del mercado bursátil colombiano - COLCAP,936.5527,-9.9551,-1.0518
08/09/2026 12:56:07,2008-01-31 00:00:00,Índice del mercado bursátil colombiano - COLCAP,937.3271,0.7744,0.0827
08/09/2026 12:56:07,2008-02-01 00:00:00,Índice del mercado bursátil colombiano - COLCAP,938.1561,0.829,0.0884
08/09/2026 12:56:07,2008-02-04 00:00:00,Índice del mercado bursátil colombiano - COLCAP,945.1821,7.026,0.7489
08/09/2026 12:56:07,2008-02-05 00:00:00,Índice del mercado bursátil colombiano - COLCAP,920.474,-24.7081,-2.6141
08/09/2026 12:56:07,2008-02-06 00:00:00,Índice del mercado bursátil colombiano - COLCAP,900.8916,-19.5824,-2.1274
08/09/2026 12:56:07,2008-02-07 00:00:00,Índice del mercado bursátil colombiano - COLCAP,891.3037,-9.5879,-1.0643
08/09/2026 12:56:07,2008-02-08 00:00:00,Índice del mercado bursátil colombiano - COLCAP,906.0276,14.7239,1.652
08/09/2026 12:56:07,2008-02-11 00:00:00,Índice del mercado bursátil colombiano - COLCAP,920.7783,14.7507,1.6281
08/09/2026 12:56:07,2008-02-12 00:00:00,Índice del mercado bursátil colombiano - COLCAP,915.7368,-5.0415,-0.5475
08/09/2026 12:56:07,2008-02-13 00:00:00,Índice del mercado bursátil colombiano - COLCAP,918.8485,3.1117,0.3398
08/09/2026 12:56:07,2008-02-14 00:00:00,Índice del mercado bursátil colombiano - COLCAP,928.6693,9.8208,1.0688
08/09/2026 12:56:07,2008-02-15 00:00:00,Índice del mercado bursátil colombiano - COLCAP,929.6327,0.9634,0.1037
08/09/2026 12:56:07,2008-02-18 00:00:00,Índice del mercado bursátil colombiano - COLCAP,944.247,14.6143,1.5721
08/09/2026 12:56:07,2008-02-19 00:00:00,Índice del mercado bursátil colombiano - COLCAP,945.3986,1.1516,0.122
08/09/2026 12:56:07,2008-02-20 00:00:00,Índice del mercado bursátil colombiano - COLCAP,941.3807,-4.0179,-0.425
08/09/2026 12:56:07,2008-02-21 00:00:00,Índice del mercado bursátil colombiano - COLCAP,944.3819,3.0012,0.3188
08/09/2026 12:56:07,2008-02-22 00:00:00,Índice del mercado bursátil colombiano - COLCAP,940.0535,-4.3284,-0.4583
08/09/2026 12:56:07,2008-02-25 00:00:00,Índice del mercado bursátil colombiano - COLCAP,938.4855,-1.568,-0.1668
08/09/2026 12:56:07,2008-02-26 00:00:00,Índice del mercado bursátil colombiano - COLCAP,938.5766,0.0911,0.0097
08/09/2026 12:56:07,2008-02-27 00:00:00,Índice del mercado bursátil colombiano - COLCAP,935.1515,-3.4251,-0.3649
08/09/2026 12:56:07,2008-02-28 00:00:00,Índice del mercado bursátil colombiano - COLCAP,931.0341,-4.1174,-0.4403
08/09/2026 12:56:07,2008-02-29 00:00:00,Índice del mercado bursátil colombiano - COLCAP,914.902,-16.1321,-1.7327
08/09/2026 12:56:07,2008-03-03 00:00:00,Índice del mercado bursátil colombiano - COLCAP,896.7302,-18.1718,-1.9862
08/09/2026 12:56:07,2008-03-04 00:00:00,Índice del mercado bursátil colombiano - COLCAP,859.793,-36.9372,-4.1191
08/09/2026 12:56:07,2008-03-05 00:00:00,Índice del mercado bursátil colombiano - COLCAP,897.6132,37.8202,4.3988
08/09/2026 12:56:07,2008-03-06 00:00:00,Índice del mercado bursátil colombiano - COLCAP,889.83,-7.7832,-0.8671
08/09/2026 12:56:07,2008-03-07 00:00:00,Índice del mercado bursátil colombiano - COLCAP,900.7931,10.9631,1.232
08/09/2026 12:56:07,2008-03-10 00:00:00,Índice del mercado bursátil colombiano - COLCAP,907.8282,7.0351,0.781
08/09/2026 12:56:07,2008-03-11 00:00:00,Índice del mercado bursátil colombiano - COLCAP,911.7186,3.8904,0.4285
08/09/2026 12:56:07,2008-03-12 00:00:00,Índice del mercado bursátil colombiano - COLCAP,914.8944,3.1758,0.3483
08/09/2026 12:56:07,2008-03-13 00:00:00,Índice del mercado bursátil colombiano - COLCAP,912.7449,-2.1495,-0.2349
08/09/2026 12:56:07,2008-03-14 00:00:00,Índice del mercado bursátil colombiano - COLCAP,902.1264,-10.6185,-1.1634
08/09/2026 12:56:07,2008-03-17 00:00:00,Índice del mercado bursátil colombiano - COLCAP,890.5737,-11.5527,-1.2806
08/09/2026 12:56:07,2008-03-18 00:00:00,Índice del mercado bursátil colombiano - COLCAP,899.6733,9.0996,1.0218
08/09/2026 12:56:07,2008-03-19 00:00:00,Índice del mercado bursátil colombiano - COLCAP,902.5586,2.8853,0.3207
08/09/2026 12:56:07,2008-03-25 00:00:00,Índice del mercado bursátil colombiano - COLCAP,895.0817,-7.4769,-0.8284
08/09/2026 12:56:07,2008-03-26 00:00:00,Índice del mercado bursátil colombiano - COLCAP,891.7282,-3.3535,-0.3747
08/09/2026 12:56:07,2008-03-27 00:00:00,Índice del mercado bursátil colombiano - COLCAP,887.8864,-3.8418,-0.4308
08/09/2026 12:56:07,2008-03-28 00:00:00,Índice del mercado bursátil colombiano - COLCAP,890.0251,2.1387,0.2409
08/09/2026 12:56:07,2008-03-31 00:00:00,Índice del mercado bursátil colombiano - COLCAP,889.2841,-0.741,-0.0833
08/09/2026 12:56:07,2008-04-01 00:00:00,Índice del mercado bursátil colombiano - COLCAP,913.7326,24.4485,2.7492
08/09/2026 12:56:07,2008-04-02 00:00:00,Índice del mercado bursátil colombiano - COLCAP,919.2985,5.5659,0.6091
08/09/2026 12:56:07,2008-04-03 00:00:00,Índice del mercado bursátil colombiano - COLCAP,923.0373,3.7388,0.4067
08/09/2026 12:56:07,2008-04-04 00:00:00,Índice del mercado bursátil colombiano - COLCAP,921.9986,-1.0387,-0.1125
08/09/2026 12:56:07,2008-04-07 00:00:00,Índice del mercado bursátil colombiano - COLCAP,928.3232,6.3246,0.686
08/09/2026 12:56:07,2008-04-08 00:00:00,Índice del mercado bursátil colombiano - COLCAP,930.5726,2.2494,0.2423
08/09/2026 12:56:07,2008-04-09 00:00:00,Índice del mercado bursátil colombiano - COLCAP,936.5257,5.9531,0.6397
08/09/2026 12:56:07,2008-04-10 00:00:00,Índice del mercado bursátil colombiano - COLCAP,922.0535,-14.4722,-1.5453
08/09/2026 12:56:07,2008-04-11 00:00:00,Índice del mercado bursátil colombiano - COLCAP,917.7291,-4.3244,-0.469
08/09/2026 12:56:07,2008-04-14 00:00:00,Índice del mercado bursátil colombiano - COLCAP,917.5709,-0.1582,-0.0172
08/09/2026 12:56:07,2008-04-15 00:00:00,Índice del mercado bursátil colombiano - COLCAP,931.6134,14.0425,1.5304
08/09/2026 12:56:07,2008-04-16 00:00:00,Índice del mercado bursátil colombiano - COLCAP,936.5458,4.9324,0.5294
08/09/2026 12:56:07,2008-04-17 00:00:00,Índice del mercado bursátil colombiano - COLCAP,934.6571,-1.8887,-0.2017
08/09/2026 12:56:07,2008-04-18 00:00:00,Índice del mercado bursátil colombiano - COLCAP,952.82,18.1629,1.9433
08/09/2026 12:56:07,2008-04-21 00:00:00,Índice del mercado bursátil colombiano - COLCAP,953.2528,0.4328,0.0454
08/09/2026 12:56:07,2008-04-22 00:00:00,Índice del mercado bursátil colombiano - COLCAP,950.9711,-2.2817,-0.2394
08/09/2026 12:56:07,2008-04-23 00:00:00,Índice del mercado bursátil colombiano - COLCAP,942.2131,-8.758,-0.921
08/09/2026 12:56:07,2008-04-24 00:00:00,Índice del mercado bursátil colombiano - COLCAP,949.5175,7.3044,0.7752
08/09/2026 12:56:07,2008-04-25 00:00:00,Índice del mercado bursátil colombiano - COLCAP,953.0722,3.5547,0.3744
08/09/2026 12:56:07,2008-04-28 00:00:00,Índice del mercado bursátil colombiano - COLCAP,962.4019,9.3297,0.9789
08/09/2026 12:56:07,2008-04-29 00:00:00,Índice del mercado bursátil colombiano - COLCAP,969.1061,6.7042,0.6966
08/09/2026 12:56:07,2008-04-30 00:00:00,Índice del mercado bursátil colombiano - COLCAP,985.9506,16.8445,1.7381
08/09/2026 12:56:07,2008-05-02 00:00:00,Índice del mercado bursátil colombiano - COLCAP,1012.3067,26.3561,2.6732
08/09/2026 12:56:07,2008-05-06 00:00:00,Índice del mercado bursátil colombiano - COLCAP,1032.0792,19.7725,1.9532
08/09/2026 12:56:07,2008-05-07 00:00:00,Índice del mercado bursátil colombiano - COLCAP,1010.9633,-21.1159,-2.046
08/09/2026 12:56:07,2008-05-08 00:00:00,Índice del mercado bursátil colombiano - COLCAP,1001.2391,-9.7242,-0.9619
08/09/2026 12:56:07,2008-05-09 00:00:00,Índice del mercado bursátil colombiano - COLCAP,1008.4879,7.2488,0.724
08/09/2026 12:56:07,2008-05-12 00:00:00,Índice del mercado bursátil colombiano - COLCAP,1010.2715,1.7836,0.1769
08/09/2026 12:56:07,2008-05-13 00:00:00,Índice del mercado bursátil colombiano - COLCAP,1015.6337,5.3622,0.5308
08/09/2026 12:56:07,2008-05-14 00:00:00,Índice del mercado bursátil colombiano - COLCAP,1027.7436,12.1099,1.1923
08/09/2026 12:56:07,2008-05-15 00:00:00,Índice del mercado bursátil colombiano - COLCAP,1024.5775,-3.1661,-0.3081
08/09/2026 12:56:07,2008-05-16 00:00:00,Índice del mercado bursátil colombiano - COLCAP,1016.1089,-8.4686,-0.8265
08/09/2026 12:56:07,2008-05-19 00:00:00,Índice del mercado bursátil colombiano - COLCAP,1016.0957,-0.0132,-0.0013
08/09/2026 12:56:07,2008-05-20 00:00:00,Índice del mercado bursátil colombiano - COLCAP,1009.4831,-6.6126,-0.6508
08/09/2026 12:56:07,2008-05-21 00:00:00,Índice del mercado bursátil colombiano - COLCAP,1015.6038,6.1207,0.6063
08/09/2026 12:56:07,2008-05-22 00:00:00,Índice del mercado bursátil colombiano - COLCAP,1008.6685,-6.9353,-0.6829
08/09/2026 12:56:07,2008-05-23 00:00:00,Índice del mercado bursátil colombiano - COLCAP,1003.0714,-5.5971,-0.5549
08/09/2026 12:56:07,2008-05-27 00:00:00,Índice del mercado bursátil colombiano - COLCAP,999.4953,-3.5761,-0.3565
08/09/2026 12:56:07,2008-05-28 00:00:00,Índice del mercado bursátil colombiano - COLCAP,1000.2254,0.7301,0.073
08/09/2026 12:56:07,2008-05-29 00:00:00,Índice del mercado bursátil colombiano - COLCAP,1010.1485,9.9231,0.9921
08/09/2026 12:56:07,2008-05-30 00:00:00,Índice del mercado bursátil colombiano - COLCAP,1019.7793,9.6308,0.9534
08/09/2026 12:56:07,2008-06-03 00:00:00,Índice del mercado bursátil colombiano - COLCAP,1004.7982,-14.9811,-1.4691
08/09/2026 12:56:07,2008-06-04 00:00:00,Índice del mercado bursátil colombiano - COLCAP,1015.9158,11.1176,1.1065
08/09/2026 12:56:07,2008-06-05 00:00:00,Índice del mercado bursátil colombiano - COLCAP,1015.3603,-0.5555,-0.0547
08/09/2026 12:56:07,2008-06-06 00:00:00,Índice del mercado bursátil colombiano - COLCAP,1013.7311,-1.6292,-0.1605
08/09/2026 12:56:07,2008-06-09 00:00:00,Índice del mercado bursátil colombiano - COLCAP,1004.2774,-9.4537,-0.9326
08/09/2026 12:56:07,2008-06-10 00:00:00,Índice del mercado bursátil colombiano - COLCAP,990.4982,-13.7792,-1.3721
08/09/2026 12:56:07,2008-06-11 00:00:00,Índice del mercado bursátil colombiano - COLCAP,989.3905,-1.1077,-0.1118
08/09/2026 12:56:07,2008-06-12 00:00:00,Índice del mercado bursátil colombiano - COLCAP,990.2888,0.8983,0.0908
08/09/2026 12:56:07,2008-06-13 00:00:00,Índice del mercado bursátil colombiano - COLCAP,991.8508,1.562,0.1577
08/09/2026 12:56:07,2008-06-16 00:00:00,Índice del mercado bursátil colombiano - COLCAP,991.657,-0.1938,-0.0195
08/09/2026 12:56:07,2008-06-17 00:00:00,Índice del mercado bursátil colombiano - COLCAP,979.8443,-11.8127,-1.1912
08/09/2026 12:56:07,2008-06-18 00:00:00,Índice del mercado bursátil colombiano - COLCAP,972.1297,-7.7146,-0.7873
08/09/2026 12:56:07,2008-06-19 00:00:00,Índice del mercado bursátil colombiano - COLCAP,941.4709,-30.6588,-3.1538
08/09/2026 12:56:07,2008-06-20 00:00:00,Índice del mercado bursátil colombiano - COLCAP,959.266,17.7951,1.8901
08/09/2026 12:56:07,2008-06-23 00:00:00,Índice del mercado bursátil colombiano - COLCAP,959.1293,-0.1367,-0.0143
08/09/2026 12:56:07,2008-06-24 00:00:00,Índice del mercado bursátil colombiano - COLCAP,956.2226,-2.9067,-0.3031
08/09/2026 12:56:07,2008-06-25 00:00:00,Índice del mercado bursátil colombiano - COLCAP,956.1381,-0.0845,-0.0088
08/09/2026 12:56:07,2008-06-26 00:00:00,Índice del mercado bursátil colombiano - COLCAP,942.9866,-13.1515,-1.3755
08/09/2026 12:56:07,2008-06-27 00:00:00,Índice del mercado bursátil colombiano - COLCAP,945.3059,2.3193,0.246
08/09/2026 12:56:07,2008-07-01 00:00:00,Índice del mercado bursátil colombiano - COLCAP,924.7011,-20.6048,-2.1797
08/09/2026 12:56:07,2008-07-02 00:00:00,Índice del mercado bursátil colombiano - COLCAP,924.4749,-0.2262,-0.0245
08/09/2026 12:56:07,2008-07-03 00:00:00,Índice del mercado bursátil colombiano - COLCAP,938.4365,13.9616,1.5102
08/09/2026 12:56:07,2008-07-04 00:00:00,Índice del mercado bursátil colombiano - COLCAP,943.7551,5.3186,0.5668
08/09/2026 12:56:07,2008-07-07 00:00:00,Índice del mercado bursátil colombiano - COLCAP,936.9359,-6.8192,-0.7226
08/09/2026 12:56:07,2008-07-08 00:00:00,Índice del mercado bursátil colombiano - COLCAP,925.6642,-11.2717,-1.203
08/09/2026 12:56:07,2008-07-09 00:00:00,Índice del mercado bursátil colombiano - COLCAP,932.3546,6.6904,0.7228
08/09/2026 12:56:07,2008-07-10 00:00:00,Índice del mercado bursátil colombiano - COLCAP,929.8104,-2.5442,-0.2729
08/09/2026 12:56:07,2008-07-11 00:00:00,Índice del mercado bursátil colombiano - COLCAP,917.5418,-12.2686,-1.3195
08/09/2026 12:56:07,2008-07-14 00:00:00,Índice del mercado bursátil colombiano - COLCAP,915.396,-2.1458,-0.2339
08/09/2026 12:56:07,2008-07-15 00:00:00,Índice del mercado bursátil colombiano - COLCAP,901.6055,-13.7905,-1.5065
08/09/2026 12:56:07,2008-07-16 00:00:00,Índice del mercado bursátil colombiano - COLCAP,899.9966,-1.6089,-0.1784
08/09/2026 12:56:07,2008-07-17 00:00:00,Índice del mercado bursátil colombiano - COLCAP,909.8346,9.838,1.0931
08/09/2026 12:56:07,2008-07-18 00:00:00,Índice del mercado bursátil colombiano - COLCAP,911.3152,1.4806,0.1627
08/09/2026 12:56:07,2008-07-21 00:00:00,Índice del mercado bursátil colombiano - COLCAP,919.1905,7.8753,0.8642
08/09/2026 12:56:07,2008-07-22 00:00:00,Índice del mercado bursátil colombiano - COLCAP,917.0862,-2.1043,-0.2289
08/09/2026 12:56:07,2008-07-23 00:00:00,Índice del mercado bursátil colombiano - COLCAP,922.5112,5.425,0.5915
08/09/2026 12:56:07,2008-07-24 00:00:00,Índice del mercado bursátil colombiano - COLCAP,926.0733,3.5621,0.3861
08/09/2026 12:56:07,2008-07-25 00:00:00,Índice del mercado bursátil colombiano - COLCAP,932.5914,6.5181,0.7038
08/09/2026 12:56:07,2008-07-28 00:00:00,Índice del mercado bursátil colombiano - COLCAP,921.9372,-10.6542,-1.1424
08/09/2026 12:56:07,2008-07-29 00:00:00,Índice del mercado bursátil colombiano - COLCAP,923.1687,1.2315,0.1336
08/09/2026 12:56:07,2008-07-30 00:00:00,Índice del mercado bursátil colombiano - COLCAP,935.3889,12.2202,1.3237
08/09/2026 12:56:07,2008-07-31 00:00:00,Índice del mercado bursátil colombiano - COLCAP,944.8652,9.4763,1.0131
08/09/2026 12:56:07,2008-08-01 00:00:00,Índice del mercado bursátil colombiano - COLCAP,943.2263,-1.6389,-0.1735
08/09/2026 12:56:07,2008-08-04 00:00:00,Índice del mercado bursátil colombiano - COLCAP,935.9788,-7.2475,-0.7684
08/09/2026 12:56:07,2008-08-05 00:00:00,Índice del mercado bursátil colombiano - COLCAP,936.9976,1.0188,0.1088
08/09/2026 12:56:07,2008-08-06 00:00:00,Índice del mercado bursátil colombiano - COLCAP,931.6128,-5.3848,-0.5747
08/09/2026 12:56:07,2008-08-11 00:00:00,Índice del mercado bursátil colombiano - COLCAP,937.9616,0.7031,0.075
08/09/2026 12:56:07,2008-08-12 00:00:00,Índice del mercado bursátil colombiano - COLCAP,934.1222,-3.8394,-0.4093
08/09/2026 12:56:07,2008-08-13 00:00:00,Índice del mercado bursátil colombiano - COLCAP,939.6853,5.5631,0.5955
08/09/2026 12:56:07,2008-08-14 00:00:00,Índice del mercado bursátil colombiano - COLCAP,938.2478,-1.4375,-0.153
08/09/2026 12:56:07,2008-08-15 00:00:00,Índice del mercado bursátil colombiano - COLCAP,944.9011,6.6533,0.7091
08/09/2026 12:56:07,2008-08-19 00:00:00,Índice del mercado bursátil colombiano - COLCAP,941.0236,-3.8775,-0.4104
08/09/2026 12:56:07,2008-08-20 00:00:00,Índice del mercado bursátil colombiano - COLCAP,948.7232,7.6996,0.8182
08/09/2026 12:56:07,2008-08-21 00:00:00,Índice del mercado bursátil colombiano - COLCAP,955.5048,6.7816,0.7148
08/09/2026 12:56:07,2008-08-22 00:00:00,Índice del mercado bursátil colombiano - COLCAP,955.7167,0.2119,0.0222
08/09/2026 12:56:07,2008-08-25 00:00:00,Índice del mercado bursátil colombiano - COLCAP,950.3273,-5.3894,-0.5639
08/09/2026 12:56:07,2008-08-26 00:00:00,Índice del mercado bursátil colombiano - COLCAP,952.6247,2.2974,0.2417
08/09/2026 12:56:07,2008-08-27 00:00:00,Índice del mercado bursátil colombiano - COLCAP,956.4317,3.807,0.3996
08/09/2026 12:56:07,2008-08-28 00:00:00,Índice del mercado bursátil colombiano - COLCAP,978.3928,21.9611,2.2961
08/09/2026 12:56:07,2008-08-29 00:00:00,Índice del mercado bursátil colombiano - COLCAP,992.2538,13.861,1.4167
08/09/2026 12:56:07,2008-09-01 00:00:00,Índice del mercado bursátil colombiano - COLCAP,1025.0962,32.8424,3.3099
08/09/2026 12:56:07,2008-09-02 00:00:00,Índice del mercado bursátil colombiano - COLCAP,1022.4518,-2.6444,-0.258
08/09/2026 12:56:07,2008-09-03 00:00:00,Índice del mercado bursátil colombiano - COLCAP,1017.2419,-5.2099,-0.5095
08/09/2026 12:56:07,2008-09-04 00:00:00,Índice del mercado bursátil colombiano - COLCAP,1005.9593,-11.2826,-1.1091
08/09/2026 12:56:07,2008-09-05 00:00:00,Índice del mercado bursátil colombiano - COLCAP,998.9458,-7.0135,-0.6972
08/09/2026 12:56:07,2008-09-08 00:00:00,Índice del mercado bursátil colombiano - COLCAP,1010.7432,11.7974,1.181
08/09/2026 12:56:07,2008-09-09 00:00:00,Índice del mercado bursátil colombiano - COLCAP,1010.5164,-0.2268,-0.0224
08/09/2026 12:56:07,2008-09-10 00:00:00,Índice del mercado bursátil colombiano - COLCAP,1012.7638,2.2474,0.2224
08/09/2026 12:56:07,2008-09-11 00:00:00,Índice del mercado bursátil colombiano - COLCAP,1025.8227,13.0589,1.2894
08/09/2026 12:56:07,2008-09-12 00:00:00,Índice del mercado bursátil colombiano - COLCAP,1023.764,-2.0587,-0.2007
08/09/2026 12:56:07,2008-09-15 00:00:00,Índice del mercado bursátil colombiano - COLCAP,1003.9248,-19.8392,-1.9379
08/09/2026 12:56:07,2008-09-16 00:00:00,Índice del mercado bursátil colombiano - COLCAP,967.4576,-36.4672,-3.6325
08/09/2026 12:56:07,2008-09-17 00:00:00,Índice del mercado bursátil colombiano - COLCAP,950.3935,-17.0641,-1.7638
08/09/2026 12:56:07,2008-09-18 00:00:00,Índice del mercado bursátil colombiano - COLCAP,949.6928,-0.7007,-0.0737
08/09/2026 12:56:07,2008-09-19 00:00:00,Índice del mercado bursátil colombiano - COLCAP,985.0866,35.3938,3.7269
08/09/2026 12:56:07,2008-09-22 00:00:00,Índice del mercado bursátil colombiano - COLCAP,983.0443,-2.0423,-0.2073
08/09/2026 12:56:07,2008-09-23 00:00:00,Índice del mercado bursátil colombiano - COLCAP,963.8319,-19.2124,-1.9544
08/09/2026 12:56:07,2008-09-24 00:00:00,Índice del mercado bursátil colombiano - COLCAP,976.2229,12.391,1.2856
08/09/2026 12:56:07,2008-09-25 00:00:00,Índice del mercado bursátil colombiano - COLCAP,989.6809,13.458,1.3786
08/09/2026 12:56:07,2008-09-26 00:00:00,Índice del mercado bursátil colombiano - COLCAP,983.869,-5.8119,-0.5872
08/09/2026 12:56:07,2008-09-29 00:00:00,Índice del mercado bursátil colombiano - COLCAP,960.9075,-22.9615,-2.3338
08/09/2026 12:56:07,2008-09-30 00:00:00,Índice del mercado bursátil colombiano - COLCAP,973.5342,12.6267,1.314
08/09/2026 12:56:07,2008-10-01 00:00:00,Índice del mercado bursátil colombiano - COLCAP,975.8289,2.2947,0.2357
08/09/2026 12:56:07,2008-10-02 00:00:00,Índice del mercado bursátil colombiano - COLCAP,965.8551,-9.9738,-1.0221
08/09/2026 12:56:07,2008-10-03 00:00:00,Índice del mercado bursátil colombiano - COLCAP,966.1444,0.2893,0.03
08/09/2026 12:56:07,2008-10-06 00:00:00,Índice del mercado bursátil colombiano - COLCAP,921.9033,-44.2411,-4.5791
08/09/2026 12:56:07,2008-10-07 00:00:00,Índice del mercado bursátil colombiano - COLCAP,915.0459,-6.8574,-0.7438
08/09/2026 12:56:07,2008-10-08 00:00:00,Índice del mercado bursátil colombiano - COLCAP,888.0204,-27.0255,-2.9535
08/09/2026 12:56:07,2008-10-09 00:00:00,Índice del mercado bursátil colombiano - COLCAP,868.4242,-19.5962,-2.2067
08/09/2026 12:56:07,2008-10-10 00:00:00,Índice del mercado bursátil colombiano - COLCAP,794.2778,-74.1464,-8.538
08/09/2026 12:56:07,2008-10-14 00:00:00,Índice del mercado bursátil colombiano - COLCAP,866.7482,72.4704,9.1241
08/09/2026 12:56:07,2008-10-15 00:00:00,Índice del mercado bursátil colombiano - COLCAP,815.0675,-51.6807,-5.9626
08/09/2026 12:56:07,2008-10-16 00:00:00,Índice del mercado bursátil colombiano - COLCAP,782.8537,-32.2138,-3.9523
08/09/2026 12:56:07,2008-10-17 00:00:00,Índice del mercado bursátil colombiano - COLCAP,805.0023,22.1486,2.8292
08/09/2026 12:56:07,2008-10-20 00:00:00,Índice del mercado bursátil colombiano - COLCAP,811.1513,6.149,0.7638
08/09/2026 12:56:07,2008-10-21 00:00:00,Índice del mercado bursátil colombiano - COLCAP,808.0864,-3.0649,-0.3778
08/09/2026 12:56:07,2008-10-22 00:00:00,Índice del mercado bursátil colombiano - COLCAP,766.0325,-42.0539,-5.2041
08/09/2026 12:56:07,2008-10-23 00:00:00,Índice del mercado bursátil colombiano - COLCAP,739.7206,-26.3119,-3.4348
08/09/2026 12:56:07,2008-10-24 00:00:00,Índice del mercado bursátil colombiano - COLCAP,706.5826,-33.138,-4.4798
08/09/2026 12:56:07,2008-10-27 00:00:00,Índice del mercado bursátil colombiano - COLCAP,686.6453,-19.9373,-2.8217
08/09/2026 12:56:07,2008-10-28 00:00:00,Índice del mercado bursátil colombiano - COLCAP,714.5454,27.9001,4.0632
08/09/2026 12:56:07,2008-10-29 00:00:00,Índice del mercado bursátil colombiano - COLCAP,750.9199,36.3745,5.0906
08/09/2026 12:56:07,2008-10-30 00:00:00,Índice del mercado bursátil colombiano - COLCAP,778.1893,27.2694,3.6315
08/09/2026 12:56:07,2008-10-31 00:00:00,Índice del mercado bursátil colombiano - COLCAP,788.7302,10.5409,1.3545
08/09/2026 12:56:07,2008-11-04 00:00:00,Índice del mercado bursátil colombiano - COLCAP,803.1141,14.3839,1.8237
08/09/2026 12:56:07,2008-11-05 00:00:00,Índice del mercado bursátil colombiano - COLCAP,778.689,-24.4251,-3.0413
08/09/2026 12:56:07,2008-11-06 00:00:00,Índice del mercado bursátil colombiano - COLCAP,744.2679,-34.4211,-4.4204
08/09/2026 12:56:07,2008-11-07 00:00:00,Índice del mercado bursátil colombiano - COLCAP,774.5778,30.3099,4.0724
08/09/2026 12:56:07,2008-11-10 00:00:00,Índice del mercado bursátil colombiano - COLCAP,774.0747,-0.5031,-0.065
08/09/2026 12:56:07,2008-11-11 00:00:00,Índice del mercado bursátil colombiano - COLCAP,767.3361,-6.7386,-0.8705
08/09/2026 12:56:07,2008-11-12 00:00:00,Índice del mercado bursátil colombiano - COLCAP,754.7574,-12.5787,-1.6393
08/09/2026 12:56:07,2008-11-13 00:00:00,Índice del mercado bursátil colombiano - COLCAP,751.103,-3.6544,-0.4842
08/09/2026 12:56:07,2008-11-14 00:00:00,Índice del mercado bursátil colombiano - COLCAP,776.9391,25.8361,3.4398
08/09/2026 12:56:07,2008-11-18 00:00:00,Índice del mercado bursátil colombiano - COLCAP,758.9639,-17.9752,-2.3136
08/09/2026 12:56:07,2008-11-19 00:00:00,Índice del mercado bursátil colombiano - COLCAP,758.7424,-0.2215,-0.0292
08/09/2026 12:56:07,2008-11-20 00:00:00,Índice del mercado bursátil colombiano - COLCAP,751.7715,-6.9709,-0.9187
08/09/2026 12:56:07,2008-11-21 00:00:00,Índice del mercado bursátil colombiano - COLCAP,746.1408,-5.6307,-0.749
08/09/2026 12:56:07,2008-11-24 00:00:00,Índice del mercado bursátil colombiano - COLCAP,770.4929,24.3521,3.2637
08/09/2026 12:56:07,2008-11-25 00:00:00,Índice del mercado bursátil colombiano - COLCAP,774.5749,4.082,0.5298
08/09/2026 12:56:07,2008-11-26 00:00:00,Índice del mercado bursátil colombiano - COLCAP,791.397,16.8221,2.1718
08/09/2026 12:56:07,2008-11-27 00:00:00,Índice del mercado bursátil colombiano - COLCAP,803.8587,12.4617,1.5746
08/09/2026 12:56:07,2008-11-28 00:00:00,Índice del mercado bursátil colombiano - COLCAP,803.1149,-0.7438,-0.0925
08/09/2026 12:56:07,2008-12-01 00:00:00,Índice del mercado bursátil colombiano - COLCAP,789.2716,-13.8433,-1.7237
08/09/2026 12:56:07,2008-12-02 00:00:00,Índice del mercado bursátil colombiano - COLCAP,796.5772,7.3056,0.9256
08/09/2026 12:56:07,2008-12-03 00:00:00,Índice del mercado bursátil colombiano - COLCAP,816.1602,19.583,2.4584
08/09/2026 12:56:07,2008-12-04 00:00:00,Índice del mercado bursátil colombiano - COLCAP,821.9165,5.7563,0.7053
08/09/2026 12:56:07,2008-12-05 00:00:00,Índice del mercado bursátil colombiano - COLCAP,816.875,-5.0415,-0.6134
08/09/2026 12:56:07,2008-12-09 00:00:00,Índice del mercado bursátil colombiano - COLCAP,840.7556,23.8806,2.9234
08/09/2026 12:56:07,2008-12-10 00:00:00,Índice del mercado bursátil colombiano - COLCAP,859.4882,18.7326,2.2281
08/09/2026 12:56:07,2008-12-11 00:00:00,Índice del mercado bursátil colombiano - COLCAP,865.8329,6.3447,0.7382
08/09/2026 12:56:07,2008-12-12 00:00:00,Índice del mercado bursátil colombiano - COLCAP,861.7371,-4.0958,-0.473
08/09/2026 12:56:07,2008-12-16 00:00:00,Índice del mercado bursátil colombiano - COLCAP,866.4109,-1.5751,-0.1815
08/09/2026 12:56:07,2008-12-17 00:00:00,Índice del mercado bursátil colombiano - COLCAP,865.109,-1.3019,-0.1503
08/09/2026 12:56:07,2008-12-18 00:00:00,Índice del mercado bursátil colombiano - COLCAP,856.5377,-8.5713,-0.9908
08/09/2026 12:56:07,2008-12-19 00:00:00,Índice del mercado bursátil colombiano - COLCAP,854.9219,-1.6158,-0.1886
08/09/2026 12:56:07,2008-12-22 00:00:00,Índice del mercado bursátil colombiano - COLCAP,856.9663,2.0444,0.2391
08/09/2026 12:56:07,2008-12-23 00:00:00,Índice del mercado bursátil colombiano - COLCAP,856.1861,-0.7802,-0.091
08/09/2026 12:56:07,2008-12-24 00:00:00,Índice del mercado bursátil colombiano - COLCAP,851.1676,-5.0185,-0.5861
08/09/2026 12:56:07,2008-12-26 00:00:00,Índice del mercado bursátil colombiano - COLCAP,850.3981,-0.7695,-0.0904
08/09/2026 12:56:07,2008-12-29 00:00:00,Índice del mercado bursátil colombiano - COLCAP,845.0899,-5.3082,-0.6242
08/09/2026 12:56:07,2008-12-30 00:00:00,Índice del mercado bursátil colombiano - COLCAP,851.3496,6.2597,0.7407
08/09/2026 12:56:07,2009-01-02 00:00:00,Índice del mercado bursátil colombiano - COLCAP,861.1714,9.8218,1.1537
08/09/2026 12:56:07,2009-01-05 00:00:00,Índice del mercado bursátil colombiano - COLCAP,862.2468,1.0754,0.1249
08/09/2026 12:56:07,2009-01-06 00:00:00,Índice del mercado bursátil colombiano - COLCAP,882.4484,20.2016,2.3429
08/09/2026 12:56:07,2009-01-07 00:00:00,Índice del mercado bursátil colombiano - COLCAP,870.5504,-11.898,-1.3483
08/09/2026 12:56:07,2009-01-08 00:00:00,Índice del mercado bursátil colombiano - COLCAP,873.3125,2.7621,0.3173
08/09/2026 12:56:07,2009-01-09 00:00:00,Índice del mercado bursátil colombiano - COLCAP,873.0906,-0.2219,-0.0254
08/09/2026 12:56:07,2009-01-13 00:00:00,Índice del mercado bursátil colombiano - COLCAP,871.8388,-1.2518,-0.1434
08/09/2026 12:56:07,2009-01-14 00:00:00,Índice del mercado bursátil colombiano - COLCAP,855.9132,-15.9256,-1.8267
08/09/2026 12:56:07,2009-01-15 00:00:00,Índice del mercado bursátil colombiano - COLCAP,844.7772,-11.136,-1.3011
08/09/2026 12:56:07,2009-01-16 00:00:00,Índice del mercado bursátil colombiano - COLCAP,846.5067,1.7295,0.2047
08/09/2026 12:56:07,2009-01-19 00:00:00,Índice del mercado bursátil colombiano - COLCAP,849.0583,2.5516,0.3014
08/09/2026 12:56:07,2009-01-20 00:00:00,Índice del mercado bursátil colombiano - COLCAP,837.3892,-11.6691,-1.3744
08/09/2026 12:56:07,2009-01-21 00:00:00,Índice del mercado bursátil colombiano - COLCAP,832.9167,-4.4725,-0.5341
08/09/2026 12:56:07,2009-01-22 00:00:00,Índice del mercado bursátil colombiano - COLCAP,831.8168,-1.0999,-0.1321
08/09/2026 12:56:07,2009-01-23 00:00:00,Índice del mercado bursátil colombiano - COLCAP,833.9073,2.0905,0.2513
08/09/2026 12:56:07,2009-01-26 00:00:00,Índice del mercado bursátil colombiano - COLCAP,845.4228,11.5155,1.3809
08/09/2026 12:56:07,2009-01-27 00:00:00,Índice del mercado bursátil colombiano - COLCAP,849.9492,4.5264,0.5354
08/09/2026 12:56:07,2009-01-28 00:00:00,Índice del mercado bursátil colombiano - COLCAP,865.443,15.4938,1.8229
08/09/2026 12:56:07,2009-01-29 00:00:00,Índice del mercado bursátil colombiano - COLCAP,862.4016,-3.0414,-0.3514
08/09/2026 12:56:07,2009-01-30 00:00:00,Índice del mercado bursátil colombiano - COLCAP,869.8021,7.4005,0.8581
08/09/2026 12:56:07,2009-02-02 00:00:00,Índice del mercado bursátil colombiano - COLCAP,861.5966,-8.2055,-0.9434
08/09/2026 12:56:07,2009-02-03 00:00:00,Índice del mercado bursátil colombiano - COLCAP,865.7658,4.1692,0.4839
08/09/2026 12:56:07,2009-02-04 00:00:00,Índice del mercado bursátil colombiano - COLCAP,871.2477,5.4819,0.6332
08/09/2026 12:56:07,2009-02-05 00:00:00,Índice del mercado bursátil colombiano - COLCAP,872.4584,1.2107,0.139
08/09/2026 12:56:07,2009-02-06 00:00:00,Índice del mercado bursátil colombiano - COLCAP,884.2732,11.8148,1.3542
08/09/2026 12:56:07,2009-02-09 00:00:00,Índice del mercado bursátil colombiano - COLCAP,886.37,2.0968,0.2371
08/09/2026 12:56:07,2009-02-10 00:00:00,Índice del mercado bursátil colombiano - COLCAP,879.72,-6.65,-0.7503
08/09/2026 12:56:07,2009-02-11 00:00:00,Índice del mercado bursátil colombiano - COLCAP,874.27,-5.45,-0.6195
08/09/2026 12:56:07,2009-02-12 00:00:00,Índice del mercado bursátil colombiano - COLCAP,865.27,-9,-1.0294
08/09/2026 12:56:07,2009-02-13 00:00:00,Índice del mercado bursátil colombiano - COLCAP,879.41,14.14,1.6342
08/09/2026 12:56:07,2009-02-16 00:00:00,Índice del mercado bursátil colombiano - COLCAP,875.43,-3.98,-0.4526
08/09/2026 12:56:07,2009-02-17 00:00:00,Índice del mercado bursátil colombiano - COLCAP,857.65,-17.78,-2.031
08/09/2026 12:56:07,2009-02-18 00:00:00,Índice del mercado bursátil colombiano - COLCAP,848.07,-9.58,-1.117
08/09/2026 12:56:07,2009-02-19 00:00:00,Índice del mercado bursátil colombiano - COLCAP,849.2,1.13,0.1332
08/09/2026 12:56:07,2009-02-20 00:00:00,Índice del mercado bursátil colombiano - COLCAP,834.24,-14.96,-1.7617
08/09/2026 12:56:07,2009-02-23 00:00:00,Índice del mercado bursátil colombiano - COLCAP,831.19,-3.05,-0.3656
08/09/2026 12:56:07,2009-02-24 00:00:00,Índice del mercado bursátil colombiano - COLCAP,825.17,-6.02,-0.7243
08/09/2026 12:56:07,2009-02-25 00:00:00,Índice del mercado bursátil colombiano - COLCAP,833.07,7.9,0.9574
08/09/2026 12:56:07,2009-02-26 00:00:00,Índice del mercado bursátil colombiano - COLCAP,845.42,12.35,1.4825
08/09/2026 12:56:07,2009-02-27 00:00:00,Índice del mercado bursátil colombiano - COLCAP,852.16,6.74,0.7972
08/09/2026 12:56:07,2009-03-02 00:00:00,Índice del mercado bursátil colombiano - COLCAP,831.95,-20.21,-2.3716
08/09/2026 12:56:07,2009-03-03 00:00:00,Índice del mercado bursátil colombiano - COLCAP,836.43,4.48,0.5385
08/09/2026 12:56:07,2009-03-04 00:00:00,Índice del mercado bursátil colombiano - COLCAP,847.72,11.29,1.3498
08/09/2026 12:56:07,2009-03-05 00:00:00,Índice del mercado bursátil colombiano - COLCAP,836.56,-11.16,-1.3165
08/09/2026 12:56:07,2009-03-06 00:00:00,Índice del mercado bursátil colombiano - COLCAP,839.26,2.7,0.3228
08/09/2026 12:56:07,2009-03-09 00:00:00,Índice del mercado bursátil colombiano - COLCAP,837.87,-1.39,-0.1656
08/09/2026 12:56:07,2009-03-10 00:00:00,Índice del mercado bursátil colombiano - COLCAP,849.64,11.77,1.4048
08/09/2026 12:56:07,2009-03-11 00:00:00,Índice del mercado bursátil colombiano - COLCAP,844.1,-5.54,-0.652
08/09/2026 12:56:07,2009-03-12 00:00:00,Índice del mercado bursátil colombiano - COLCAP,849.28,5.18,0.6137
08/09/2026 12:56:07,2009-03-13 00:00:00,Índice del mercado bursátil colombiano - COLCAP,853.48,4.2,0.4945
08/09/2026 12:56:07,2009-03-16 00:00:00,Índice del mercado bursátil colombiano - COLCAP,860.68,7.2,0.8436
08/09/2026 12:56:07,2009-03-17 00:00:00,Índice del mercado bursátil colombiano - COLCAP,858.04,-2.64,-0.3067
08/09/2026 12:56:07,2009-03-18 00:00:00,Índice del mercado bursátil colombiano - COLCAP,861.29,3.25,0.3788
08/09/2026 12:56:07,2009-03-19 00:00:00,Índice del mercado bursátil colombiano - COLCAP,870.05,8.76,1.0171
08/09/2026 12:56:07,2009-03-20 00:00:00,Índice del mercado bursátil colombiano - COLCAP,865.59,-4.46,-0.5126
08/09/2026 12:56:07,2009-03-24 00:00:00,Índice del mercado bursátil colombiano - COLCAP,876.42,10.83,1.2512
08/09/2026 12:56:07,2009-03-25 00:00:00,Índice del mercado bursátil colombiano - COLCAP,876.51,0.09,0.0103
08/09/2026 12:56:07,2009-03-26 00:00:00,Índice del mercado bursátil colombiano - COLCAP,874.55,-1.96,-0.2236
08/09/2026 12:56:07,2009-03-27 00:00:00,Índice del mercado bursátil colombiano - COLCAP,873.16,-1.39,-0.1589
08/09/2026 12:56:07,2009-03-30 00:00:00,Índice del mercado bursátil colombiano - COLCAP,862.14,-11.02,-1.2621
08/09/2026 12:56:07,2009-03-31 00:00:00,Índice del mercado bursátil colombiano - COLCAP,874.21,12.07,1.4
08/09/2026 12:56:07,2009-04-01 00:00:00,Índice del mercado bursátil colombiano - COLCAP,878.12,3.91,0.4473
08/09/2026 12:56:07,2009-04-02 00:00:00,Índice del mercado bursátil colombiano - COLCAP,891.09,12.97,1.477
08/09/2026 12:56:07,2009-04-03 00:00:00,Índice del mercado bursátil colombiano - COLCAP,887.26,-3.83,-0.4298
08/09/2026 12:56:07,2009-04-06 00:00:00,Índice del mercado bursátil colombiano - COLCAP,886.41,-0.85,-0.0958
08/09/2026 12:56:07,2009-04-07 00:00:00,Índice del mercado bursátil colombiano - COLCAP,887.58,1.17,0.132
08/09/2026 12:56:07,2009-04-08 00:00:00,Índice del mercado bursátil colombiano - COLCAP,882.87,-4.71,-0.5307
08/09/2026 12:56:07,2009-04-13 00:00:00,Índice del mercado bursátil colombiano - COLCAP,879.78,-3.09,-0.35
08/09/2026 12:56:07,2009-04-14 00:00:00,Índice del mercado bursátil colombiano - COLCAP,884.57,4.79,0.5445
08/09/2026 12:56:07,2009-04-15 00:00:00,Índice del mercado bursátil colombiano - COLCAP,888.74,4.17,0.4714
08/09/2026 12:56:07,2009-04-16 00:00:00,Índice del mercado bursátil colombiano - COLCAP,889.61,0.87,0.0979
08/09/2026 12:56:07,2009-04-17 00:00:00,Índice del mercado bursátil colombiano - COLCAP,885,-4.61,-0.5182
08/09/2026 12:56:07,2009-04-20 00:00:00,Índice del mercado bursátil colombiano - COLCAP,878.58,-6.42,-0.7254
08/09/2026 12:56:07,2009-04-21 00:00:00,Índice del mercado bursátil colombiano - COLCAP,880.4,1.82,0.2072
08/09/2026 12:56:07,2009-04-22 00:00:00,Índice del mercado bursátil colombiano - COLCAP,881.55,1.15,0.1306
08/09/2026 12:56:07,2009-04-23 00:00:00,Índice del mercado bursátil colombiano - COLCAP,891.19,9.64,1.0935
08/09/2026 12:56:07,2009-04-24 00:00:00,Índice del mercado bursátil colombiano - COLCAP,914.93,23.74,2.6639
08/09/2026 12:56:07,2009-04-27 00:00:00,Índice del mercado bursátil colombiano - COLCAP,912.5,-2.43,-0.2656
08/09/2026 12:56:07,2009-04-28 00:00:00,Índice del mercado bursátil colombiano - COLCAP,918.25,5.75,0.6301
08/09/2026 12:56:07,2009-04-29 00:00:00,Índice del mercado bursátil colombiano - COLCAP,933.82,15.57,1.6956
08/09/2026 12:56:07,2009-04-30 00:00:00,Índice del mercado bursátil colombiano - COLCAP,931.93,-1.89,-0.2024
08/09/2026 12:56:07,2009-05-04 00:00:00,Índice del mercado bursátil colombiano - COLCAP,947.85,15.92,1.7083
08/09/2026 12:56:07,2009-05-05 00:00:00,Índice del mercado bursátil colombiano - COLCAP,953.11,5.26,0.5549
08/09/2026 12:56:07,2009-05-06 00:00:00,Índice del mercado bursátil colombiano - COLCAP,960.78,7.67,0.8047
08/09/2026 12:56:07,2009-05-07 00:00:00,Índice del mercado bursátil colombiano - COLCAP,973.07,12.29,1.2792
08/09/2026 12:56:07,2009-05-08 00:00:00,Índice del mercado bursátil colombiano - COLCAP,1004.96,31.89,3.2773
08/09/2026 12:56:07,2009-05-11 00:00:00,Índice del mercado bursátil colombiano - COLCAP,996.84,-8.12,-0.808
08/09/2026 12:56:07,2009-05-12 00:00:00,Índice del mercado bursátil colombiano - COLCAP,1003.38,6.54,0.6561
08/09/2026 12:56:07,2009-05-13 00:00:00,Índice del mercado bursátil colombiano - COLCAP,989,-14.38,-1.4332
08/09/2026 12:56:07,2009-05-14 00:00:00,Índice del mercado bursátil colombiano - COLCAP,1001.37,12.37,1.2508
08/09/2026 12:56:07,2009-05-15 00:00:00,Índice del mercado bursátil colombiano - COLCAP,1001.45,0.08,0.008
08/09/2026 12:56:07,2009-05-18 00:00:00,Índice del mercado bursátil colombiano - COLCAP,1012.19,10.74,1.0724
08/09/2026 12:56:07,2009-05-19 00:00:00,Índice del mercado bursátil colombiano - COLCAP,1022.41,10.22,1.0097
08/09/2026 12:56:07,2009-05-20 00:00:00,Índice del mercado bursátil colombiano - COLCAP,1024.78,2.37,0.2318
08/09/2026 12:56:07,2009-05-21 00:00:00,Índice del mercado bursátil colombiano - COLCAP,1007.56,-17.22,-1.6804
08/09/2026 12:56:07,2009-05-22 00:00:00,Índice del mercado bursátil colombiano - COLCAP,1008.43,0.87,0.0863
08/09/2026 12:56:07,2009-05-26 00:00:00,Índice del mercado bursátil colombiano - COLCAP,1016.43,8,0.7933
08/09/2026 12:56:07,2009-05-27 00:00:00,Índice del mercado bursátil colombiano - COLCAP,1012.49,-3.94,-0.3876
08/09/2026 12:56:07,2009-05-28 00:00:00,Índice del mercado bursátil colombiano - COLCAP,1024.05,11.56,1.1417
08/09/2026 12:56:07,2009-05-29 00:00:00,Índice del mercado bursátil colombiano - COLCAP,1031.53,7.48,0.7304
08/09/2026 12:56:07,2009-06-01 00:00:00,Índice del mercado bursátil colombiano - COLCAP,1054.15,22.62,2.1929
08/09/2026 12:56:07,2009-06-02 00:00:00,Índice del mercado bursátil colombiano - COLCAP,1049.71,-4.44,-0.4212
08/09/2026 12:56:07,2009-06-03 00:00:00,Índice del mercado bursátil colombiano - COLCAP,1042.32,-7.39,-0.704
08/09/2026 12:56:07,2009-06-04 00:00:00,Índice del mercado bursátil colombiano - COLCAP,1052.39,10.07,0.9661
08/09/2026 12:56:07,2009-06-05 00:00:00,Índice del mercado bursátil colombiano - COLCAP,1052.93,0.54,0.0513
08/09/2026 12:56:07,2009-06-08 00:00:00,Índice del mercado bursátil colombiano - COLCAP,1048.86,-4.07,-0.3865
08/09/2026 12:56:07,2009-06-09 00:00:00,Índice del mercado bursátil colombiano - COLCAP,1051.36,2.5,0.2384
08/09/2026 12:56:07,2009-06-10 00:00:00,Índice del mercado bursátil colombiano - COLCAP,1056.77,5.41,0.5146
08/09/2026 12:56:07,2009-06-11 00:00:00,Índice del mercado bursátil colombiano - COLCAP,1074.78,18.01,1.7042
08/09/2026 12:56:07,2009-06-12 00:00:00,Índice del mercado bursátil colombiano - COLCAP,1076.81,2.03,0.1889
08/09/2026 12:56:07,2009-06-16 00:00:00,Índice del mercado bursátil colombiano - COLCAP,1066.41,-10.4,-0.9658
08/09/2026 12:56:07,2009-06-17 00:00:00,Índice del mercado bursátil colombiano - COLCAP,1072.41,6,0.5626
08/09/2026 12:56:07,2009-06-18 00:00:00,Índice del mercado bursátil colombiano - COLCAP,1079.22,6.81,0.635
08/09/2026 12:56:07,2009-06-19 00:00:00,Índice del mercado bursátil colombiano - COLCAP,1090.73,11.51,1.0665
08/09/2026 12:56:07,2009-06-23 00:00:00,Índice del mercado bursátil colombiano - COLCAP,1089.32,-1.41,-0.1293
08/09/2026 12:56:07,2009-06-24 00:00:00,Índice del mercado bursátil colombiano - COLCAP,1090.37,1.05,0.0964
08/09/2026 12:56:07,2009-06-25 00:00:00,Índice del mercado bursátil colombiano - COLCAP,1098.87,8.5,0.7796
08/09/2026 12:56:07,2009-06-26 00:00:00,Índice del mercado bursátil colombiano - COLCAP,1094.95,-3.92,-0.3567
08/09/2026 12:56:07,2009-06-30 00:00:00,Índice del mercado bursátil colombiano - COLCAP,1102.73,7.78,0.7105
08/09/2026 12:56:07,2009-07-01 00:00:00,Índice del mercado bursátil colombiano - COLCAP,1119.35,16.62,1.5072
08/09/2026 12:56:07,2009-07-02 00:00:00,Índice del mercado bursátil colombiano - COLCAP,1119.53,0.18,0.0161
08/09/2026 12:56:07,2009-07-03 00:00:00,Índice del mercado bursátil colombiano - COLCAP,1116.98,-2.55,-0.2278
08/09/2026 12:56:07,2009-07-06 00:00:00,Índice del mercado bursátil colombiano - COLCAP,1110.83,-6.15,-0.5506
08/09/2026 12:56:07,2009-07-07 00:00:00,Índice del mercado bursátil colombiano - COLCAP,1113.67,2.84,0.2557
08/09/2026 12:56:07,2009-07-08 00:00:00,Índice del mercado bursátil colombiano - COLCAP,1103.93,-9.74,-0.8746
08/09/2026 12:56:07,2009-07-09 00:00:00,Índice del mercado bursátil colombiano - COLCAP,1085.58,-18.35,-1.6622
08/09/2026 12:56:07,2009-07-10 00:00:00,Índice del mercado bursátil colombiano - COLCAP,1083.01,-2.57,-0.2367
08/09/2026 12:56:07,2009-07-13 00:00:00,Índice del mercado bursátil colombiano - COLCAP,1082.69,-0.32,-0.0295
08/09/2026 12:56:07,2009-07-14 00:00:00,Índice del mercado bursátil colombiano - COLCAP,1089.24,6.55,0.605
08/09/2026 12:56:07,2009-07-15 00:00:00,Índice del mercado bursátil colombiano - COLCAP,1090.85,1.61,0.1478
08/09/2026 12:56:07,2009-07-16 00:00:00,Índice del mercado bursátil colombiano - COLCAP,1092.88,2.03,0.1861
08/09/2026 12:56:07,2009-07-17 00:00:00,Índice del mercado bursátil colombiano - COLCAP,1104.86,11.98,1.0962
08/09/2026 12:56:07,2009-07-21 00:00:00,Índice del mercado bursátil colombiano - COLCAP,1113.97,9.11,0.8245
08/09/2026 12:56:07,2009-07-22 00:00:00,Índice del mercado bursátil colombiano - COLCAP,1120.17,6.2,0.5566
08/09/2026 12:56:07,2009-07-23 00:00:00,Índice del mercado bursátil colombiano - COLCAP,1141.9,21.73,1.9399
08/09/2026 12:56:07,2009-07-24 00:00:00,Índice del mercado bursátil colombiano - COLCAP,1146.58,4.68,0.4098
08/09/2026 12:56:07,2009-07-27 00:00:00,Índice del mercado bursátil colombiano - COLCAP,1143.37,-3.21,-0.28
08/09/2026 12:56:07,2009-07-28 00:00:00,Índice del mercado bursátil colombiano - COLCAP,1126.75,-16.62,-1.4536
08/09/2026 12:56:07,2009-07-29 00:00:00,Índice del mercado bursátil colombiano - COLCAP,1122.62,-4.13,-0.3665
08/09/2026 12:56:07,2009-07-30 00:00:00,Índice del mercado bursátil colombiano - COLCAP,1147.57,24.95,2.2225
08/09/2026 12:56:07,2009-07-31 00:00:00,Índice del mercado bursátil colombiano - COLCAP,1156.22,8.65,0.7538
08/09/2026 12:56:07,2009-08-03 00:00:00,Índice del mercado bursátil colombiano - COLCAP,1165.42,9.2,0.7957
08/09/2026 12:56:07,2009-08-04 00:00:00,Índice del mercado bursátil colombiano - COLCAP,1168.2,2.78,0.2385
08/09/2026 12:56:07,2009-08-05 00:00:00,Índice del mercado bursátil colombiano - COLCAP,1162.95,-5.25,-0.4494
08/09/2026 12:56:07,2009-08-06 00:00:00,Índice del mercado bursátil colombiano - COLCAP,1169.26,6.31,0.5426
08/09/2026 12:56:07,2009-08-10 00:00:00,Índice del mercado bursátil colombiano - COLCAP,1174.71,5.45,0.4661
08/09/2026 12:56:07,2009-08-11 00:00:00,Índice del mercado bursátil colombiano - COLCAP,1162.53,-12.18,-1.0369
08/09/2026 12:56:07,2009-08-12 00:00:00,Índice del mercado bursátil colombiano - COLCAP,1171.32,8.79,0.7561
08/09/2026 12:56:07,2009-08-13 00:00:00,Índice del mercado bursátil colombiano - COLCAP,1179.38,8.06,0.6881
08/09/2026 12:56:07,2009-08-14 00:00:00,Índice del mercado bursátil colombiano - COLCAP,1180.48,1.1,0.0933
08/09/2026 12:56:07,2009-08-18 00:00:00,Índice del mercado bursátil colombiano - COLCAP,1176.17,-4.31,-0.3651
08/09/2026 12:56:07,2009-08-19 00:00:00,Índice del mercado bursátil colombiano - COLCAP,1181.11,4.94,0.42
08/09/2026 12:56:07,2009-08-20 00:00:00,Índice del mercado bursátil colombiano - COLCAP,1192.34,11.23,0.9508
08/09/2026 12:56:07,2009-08-21 00:00:00,Índice del mercado bursátil colombiano - COLCAP,1202.28,9.94,0.8337
08/09/2026 12:56:07,2009-08-24 00:00:00,Índice del mercado bursátil colombiano - COLCAP,1229.85,27.57,2.2931
08/09/2026 12:56:07,2009-08-25 00:00:00,Índice del mercado bursátil colombiano - COLCAP,1227.18,-2.67,-0.2171
08/09/2026 12:56:07,2009-08-26 00:00:00,Índice del mercado bursátil colombiano - COLCAP,1218.39,-8.79,-0.7163
08/09/2026 12:56:07,2009-08-27 00:00:00,Índice del mercado bursátil colombiano - COLCAP,1210.09,-8.3,-0.6812
08/09/2026 12:56:07,2009-08-28 00:00:00,Índice del mercado bursátil colombiano - COLCAP,1214.38,4.29,0.3545
08/09/2026 12:56:07,2009-08-31 00:00:00,Índice del mercado bursátil colombiano - COLCAP,1209.09,-5.29,-0.4356
08/09/2026 12:56:07,2009-09-01 00:00:00,Índice del mercado bursátil colombiano - COLCAP,1178.87,-30.22,-2.4994
08/09/2026 12:56:07,2009-09-02 00:00:00,Índice del mercado bursátil colombiano - COLCAP,1182.83,3.96,0.3359
08/09/2026 12:56:07,2009-09-03 00:00:00,Índice del mercado bursátil colombiano - COLCAP,1173.66,-9.17,-0.7753
08/09/2026 12:56:07,2009-09-04 00:00:00,Índice del mercado bursátil colombiano - COLCAP,1192.55,18.89,1.6095
08/09/2026 12:56:07,2009-09-07 00:00:00,Índice del mercado bursátil colombiano - COLCAP,1200.04,7.49,0.6281
08/09/2026 12:56:07,2009-09-08 00:00:00,Índice del mercado bursátil colombiano - COLCAP,1219.62,19.58,1.6316
08/09/2026 12:56:07,2009-09-09 00:00:00,Índice del mercado bursátil colombiano - COLCAP,1219.9,0.28,0.023
08/09/2026 12:56:07,2009-09-10 00:00:00,Índice del mercado bursátil colombiano - COLCAP,1218.36,-1.54,-0.1262
08/09/2026 12:56:07,2009-09-11 00:00:00,Índice del mercado bursátil colombiano - COLCAP,1216.22,-2.14,-0.1756
08/09/2026 12:56:07,2009-09-14 00:00:00,Índice del mercado bursátil colombiano - COLCAP,1212.53,-3.69,-0.3034
08/09/2026 12:56:07,2009-09-15 00:00:00,Índice del mercado bursátil colombiano - COLCAP,1244.75,32.22,2.6573
08/09/2026 12:56:07,2009-09-16 00:00:00,Índice del mercado bursátil colombiano - COLCAP,1248.69,3.94,0.3165
08/09/2026 12:56:07,2009-09-17 00:00:00,Índice del mercado bursátil colombiano - COLCAP,1245.88,-2.81,-0.225
08/09/2026 12:56:07,2009-09-18 00:00:00,Índice del mercado bursátil colombiano - COLCAP,1269.97,24.09,1.9336
08/09/2026 12:56:07,2009-09-21 00:00:00,Índice del mercado bursátil colombiano - COLCAP,1266.91,-3.06,-0.241
08/09/2026 12:56:07,2009-09-22 00:00:00,Índice del mercado bursátil colombiano - COLCAP,1276.57,9.66,0.7625
08/09/2026 12:56:07,2009-09-23 00:00:00,Índice del mercado bursátil colombiano - COLCAP,1288.14,11.57,0.9063
08/09/2026 12:56:07,2009-09-24 00:00:00,Índice del mercado bursátil colombiano - COLCAP,1290.81,2.67,0.2073
08/09/2026 12:56:07,2009-09-25 00:00:00,Índice del mercado bursátil colombiano - COLCAP,1305.32,14.51,1.1241
08/09/2026 12:56:07,2009-09-28 00:00:00,Índice del mercado bursátil colombiano - COLCAP,1331.9,26.58,2.0363
08/09/2026 12:56:07,2009-09-29 00:00:00,Índice del mercado bursátil colombiano - COLCAP,1321.32,-10.58,-0.7944
08/09/2026 12:56:07,2009-09-30 00:00:00,Índice del mercado bursátil colombiano - COLCAP,1328.93,7.61,0.5759
08/09/2026 12:56:07,2009-10-01 00:00:00,Índice del mercado bursátil colombiano - COLCAP,1315.15,-13.78,-1.0369
08/09/2026 12:56:07,2009-10-02 00:00:00,Índice del mercado bursátil colombiano - COLCAP,1318.92,3.77,0.2867
08/09/2026 12:56:07,2009-10-05 00:00:00,Índice del mercado bursátil colombiano - COLCAP,1335.49,16.57,1.2563
08/09/2026 12:56:07,2009-10-06 00:00:00,Índice del mercado bursátil colombiano - COLCAP,1356.57,21.08,1.5784
08/09/2026 12:56:07,2009-10-07 00:00:00,Índice del mercado bursátil colombiano - COLCAP,1355.56,-1.01,-0.0745
08/09/2026 12:56:07,2009-10-08 00:00:00,Índice del mercado bursátil colombiano - COLCAP,1346.83,-8.73,-0.644
08/09/2026 12:56:07,2009-10-09 00:00:00,Índice del mercado bursátil colombiano - COLCAP,1333.44,-13.39,-0.9942
08/09/2026 12:56:07,2009-10-13 00:00:00,Índice del mercado bursátil colombiano - COLCAP,1303.03,-30.41,-2.2806
08/09/2026 12:56:07,2009-10-14 00:00:00,Índice del mercado bursátil colombiano - COLCAP,1294.39,-8.64,-0.6631
08/09/2026 12:56:07,2009-10-15 00:00:00,Índice del mercado bursátil colombiano - COLCAP,1294.11,-0.28,-0.0216
08/09/2026 12:56:07,2009-10-16 00:00:00,Índice del mercado bursátil colombiano - COLCAP,1301.69,7.58,0.5857
08/09/2026 12:56:07,2009-10-19 00:00:00,Índice del mercado bursátil colombiano - COLCAP,1330.8,29.11,2.2363
08/09/2026 12:56:07,2009-10-20 00:00:00,Índice del mercado bursátil colombiano - COLCAP,1315.97,-14.83,-1.1144
08/09/2026 12:56:07,2009-10-21 00:00:00,Índice del mercado bursátil colombiano - COLCAP,1317.07,1.1,0.0836
08/09/2026 12:56:07,2009-10-22 00:00:00,Índice del mercado bursátil colombiano - COLCAP,1308.64,-8.43,-0.6401
08/09/2026 12:56:07,2009-10-23 00:00:00,Índice del mercado bursátil colombiano - COLCAP,1303.29,-5.35,-0.4088
08/09/2026 12:56:07,2009-10-26 00:00:00,Índice del mercado bursátil colombiano - COLCAP,1288.81,-14.48,-1.111
08/09/2026 12:56:07,2009-10-27 00:00:00,Índice del mercado bursátil colombiano - COLCAP,1277.91,-10.9,-0.8457
08/09/2026 12:56:07,2009-10-28 00:00:00,Índice del mercado bursátil colombiano - COLCAP,1279.22,1.31,0.1025
08/09/2026 12:56:07,2009-10-29 00:00:00,Índice del mercado bursátil colombiano - COLCAP,1289.97,10.75,0.8404
08/09/2026 12:56:07,2009-10-30 00:00:00,Índice del mercado bursátil colombiano - COLCAP,1257.17,-32.8,-2.5427
08/09/2026 12:56:07,2009-11-03 00:00:00,Índice del mercado bursátil colombiano - COLCAP,1240.95,-16.22,-1.2902
08/09/2026 12:56:07,2009-11-04 00:00:00,Índice del mercado bursátil colombiano - COLCAP,1262.5,21.55,1.7366
08/09/2026 12:56:07,2009-11-05 00:00:00,Índice del mercado bursátil colombiano - COLCAP,1280.4,17.9,1.4178
08/09/2026 12:56:07,2009-11-06 00:00:00,Índice del mercado bursátil colombiano - COLCAP,1279.75,-0.65,-0.0508
08/09/2026 12:56:07,2009-11-09 00:00:00,Índice del mercado bursátil colombiano - COLCAP,1303,23.25,1.8168
08/09/2026 12:56:07,2009-11-10 00:00:00,Índice del mercado bursátil colombiano - COLCAP,1304.06,1.06,0.0814
08/09/2026 12:56:07,2009-11-11 00:00:00,Índice del mercado bursátil colombiano - COLCAP,1303.86,-0.2,-0.0153
08/09/2026 12:56:07,2009-11-12 00:00:00,Índice del mercado bursátil colombiano - COLCAP,1308.45,4.59,0.352
08/09/2026 12:56:07,2009-11-13 00:00:00,Índice del mercado bursátil colombiano - COLCAP,1311.43,2.98,0.2278
08/09/2026 12:56:07,2009-11-17 00:00:00,Índice del mercado bursátil colombiano - COLCAP,1314.81,3.38,0.2577
08/09/2026 12:56:07,2009-11-18 00:00:00,Índice del mercado bursátil colombiano - COLCAP,1299.42,-15.39,-1.1705
08/09/2026 12:56:07,2009-11-19 00:00:00,Índice del mercado bursátil colombiano - COLCAP,1301.12,1.7,0.1308
08/09/2026 12:56:07,2009-11-20 00:00:00,Índice del mercado bursátil colombiano - COLCAP,1301.85,0.73,0.0561
08/09/2026 12:56:07,2009-11-23 00:00:00,Índice del mercado bursátil colombiano - COLCAP,1305.65,3.8,0.2919
08/09/2026 12:56:07,2009-11-24 00:00:00,Índice del mercado bursátil colombiano - COLCAP,1312.26,6.61,0.5063
08/09/2026 12:56:07,2009-11-25 00:00:00,Índice del mercado bursátil colombiano - COLCAP,1327.17,14.91,1.1362
08/09/2026 12:56:07,2009-11-26 00:00:00,Índice del mercado bursátil colombiano - COLCAP,1316.16,-11.01,-0.8296
08/09/2026 12:56:07,2009-11-27 00:00:00,Índice del mercado bursátil colombiano - COLCAP,1328.31,12.15,0.9231
08/09/2026 12:56:07,2009-11-30 00:00:00,Índice del mercado bursátil colombiano - COLCAP,1318.05,-10.26,-0.7724
08/09/2026 12:56:07,2009-12-01 00:00:00,Índice del mercado bursátil colombiano - COLCAP,1335.21,17.16,1.3019
08/09/2026 12:56:07,2009-12-02 00:00:00,Índice del mercado bursátil colombiano - COLCAP,1337.22,2.01,0.1505
08/09/2026 12:56:07,2009-12-03 00:00:00,Índice del mercado bursátil colombiano - COLCAP,1356.57,19.35,1.447
08/09/2026 12:56:07,2009-12-04 00:00:00,Índice del mercado bursátil colombiano - COLCAP,1353.58,-2.99,-0.2204
08/09/2026 12:56:07,2009-12-07 00:00:00,Índice del mercado bursátil colombiano - COLCAP,1358.31,4.73,0.3494
08/09/2026 12:56:07,2009-12-09 00:00:00,Índice del mercado bursátil colombiano - COLCAP,1357.77,-0.54,-0.0398
08/09/2026 12:56:07,2009-12-10 00:00:00,Índice del mercado bursátil colombiano - COLCAP,1351.02,-6.75,-0.4971
08/09/2026 12:56:07,2009-12-11 00:00:00,Índice del mercado bursátil colombiano - COLCAP,1366.34,15.32,1.134
08/09/2026 12:56:07,2009-12-14 00:00:00,Índice del mercado bursátil colombiano - COLCAP,1366.46,0.12,0.0088
08/09/2026 12:56:07,2009-12-15 00:00:00,Índice del mercado bursátil colombiano - COLCAP,1368.48,2.02,0.1478
08/09/2026 12:56:07,2009-12-16 00:00:00,Índice del mercado bursátil colombiano - COLCAP,1379.58,11.1,0.8111
08/09/2026 12:56:07,2009-12-17 00:00:00,Índice del mercado bursátil colombiano - COLCAP,1382.63,3.05,0.2211
08/09/2026 12:56:07,2009-12-18 00:00:00,Índice del mercado bursátil colombiano - COLCAP,1370.34,-12.29,-0.8889
08/09/2026 12:56:07,2009-12-21 00:00:00,Índice del mercado bursátil colombiano - COLCAP,1369.56,-0.78,-0.0569
08/09/2026 12:56:07,2009-12-22 00:00:00,Índice del mercado bursátil colombiano - COLCAP,1365.23,-4.33,-0.3162
08/09/2026 12:56:07,2009-12-23 00:00:00,Índice del mercado bursátil colombiano - COLCAP,1364.13,-1.1,-0.0806
08/09/2026 12:56:07,2009-12-24 00:00:00,Índice del mercado bursátil colombiano - COLCAP,1372.72,8.59,0.6297
08/09/2026 12:56:07,2009-12-28 00:00:00,Índice del mercado bursátil colombiano - COLCAP,1365.06,-7.66,-0.558
08/09/2026 12:56:07,2009-12-29 00:00:00,Índice del mercado bursátil colombiano - COLCAP,1366.35,1.29,0.0945
08/09/2026 12:56:07,2009-12-30 00:00:00,Índice del mercado bursátil colombiano - COLCAP,1366.85,0.5,0.0366
08/09/2026 12:56:07,2010-01-04 00:00:00,Índice del mercado bursátil colombiano - COLCAP,1374.28,7.43,0.5436
08/09/2026 12:56:07,2010-01-05 00:00:00,Índice del mercado bursátil colombiano - COLCAP,1373.23,-1.05,-0.0764
08/09/2026 12:56:07,2010-01-06 00:00:00,Índice del mercado bursátil colombiano - COLCAP,1373.89,0.66,0.0481
08/09/2026 12:56:07,2010-01-07 00:00:00,Índice del mercado bursátil colombiano - COLCAP,1368.91,-4.98,-0.3625
08/09/2026 12:56:07,2010-01-08 00:00:00,Índice del mercado bursátil colombiano - COLCAP,1374.72,5.81,0.4244
08/09/2026 12:56:07,2010-01-12 00:00:00,Índice del mercado bursátil colombiano - COLCAP,1369.53,-5.19,-0.3775
08/09/2026 12:56:07,2010-01-13 00:00:00,Índice del mercado bursátil colombiano - COLCAP,1379.91,10.38,0.7579
08/09/2026 12:56:07,2010-01-14 00:00:00,Índice del mercado bursátil colombiano - COLCAP,1386.91,7,0.5073
08/09/2026 12:56:07,2010-01-15 00:00:00,Índice del mercado bursátil colombiano - COLCAP,1382.66,-4.25,-0.3064
08/09/2026 12:56:07,2010-01-18 00:00:00,Índice del mercado bursátil colombiano - COLCAP,1382.07,-0.59,-0.0427
08/09/2026 12:56:07,2010-01-19 00:00:00,Índice del mercado bursátil colombiano - COLCAP,1386.01,3.94,0.2851
08/09/2026 12:56:07,2010-01-20 00:00:00,Índice del mercado bursátil colombiano - COLCAP,1381.8,-4.21,-0.3037
08/09/2026 12:56:07,2010-01-21 00:00:00,Índice del mercado bursátil colombiano - COLCAP,1355.28,-26.52,-1.9192
08/09/2026 12:56:07,2010-01-22 00:00:00,Índice del mercado bursátil colombiano - COLCAP,1364.33,9.05,0.6678
08/09/2026 12:56:07,2010-01-25 00:00:00,Índice del mercado bursátil colombiano - COLCAP,1345.31,-19.02,-1.3941
08/09/2026 12:56:07,2010-01-26 00:00:00,Índice del mercado bursátil colombiano - COLCAP,1357.8,12.49,0.9284
08/09/2026 12:56:07,2010-01-27 00:00:00,Índice del mercado bursátil colombiano - COLCAP,1355.8,-2,-0.1473
08/09/2026 12:56:07,2010-01-28 00:00:00,Índice del mercado bursátil colombiano - COLCAP,1353.57,-2.23,-0.1645
08/09/2026 12:56:07,2010-01-29 00:00:00,Índice del mercado bursátil colombiano - COLCAP,1363.67,10.1,0.7462
08/09/2026 12:56:07,2010-02-01 00:00:00,Índice del mercado bursátil colombiano - COLCAP,1358.49,-5.18,-0.3799
08/09/2026 12:56:07,2010-02-02 00:00:00,Índice del mercado bursátil colombiano - COLCAP,1363.85,5.36,0.3946
08/09/2026 12:56:07,2010-02-03 00:00:00,Índice del mercado bursátil colombiano - COLCAP,1359.43,-4.42,-0.3241
08/09/2026 12:56:07,2010-02-04 00:00:00,Índice del mercado bursátil colombiano - COLCAP,1334.8,-24.63,-1.8118
08/09/2026 12:56:07,2010-02-05 00:00:00,Índice del mercado bursátil colombiano - COLCAP,1326.08,-8.72,-0.6533
08/09/2026 12:56:07,2010-02-08 00:00:00,Índice del mercado bursátil colombiano - COLCAP,1327.03,0.95,0.0716
08/09/2026 12:56:07,2010-02-09 00:00:00,Índice del mercado bursátil colombiano - COLCAP,1345.54,18.51,1.3948
08/09/2026 12:56:07,2010-02-10 00:00:00,Índice del mercado bursátil colombiano - COLCAP,1353.7,8.16,0.6064
08/09/2026 12:56:07,2010-02-11 00:00:00,Índice del mercado bursátil colombiano - COLCAP,1358.21,4.51,0.3332
08/09/2026 12:56:07,2010-02-12 00:00:00,Índice del mercado bursátil colombiano - COLCAP,1355.84,-2.37,-0.1745
08/09/2026 12:56:07,2010-02-15 00:00:00,Índice del mercado bursátil colombiano - COLCAP,1357.59,1.75,0.1291
08/09/2026 12:56:07,2010-02-16 00:00:00,Índice del mercado bursátil colombiano - COLCAP,1364.53,6.94,0.5112
08/09/2026 12:56:07,2010-02-17 00:00:00,Índice del mercado bursátil colombiano - COLCAP,1366.11,1.58,0.1158
08/09/2026 12:56:07,2010-02-18 00:00:00,Índice del mercado bursátil colombiano - COLCAP,1359.64,-6.47,-0.4736
08/09/2026 12:56:07,2010-02-19 00:00:00,Índice del mercado bursátil colombiano - COLCAP,1372.51,12.87,0.9466
08/09/2026 12:56:07,2010-02-22 00:00:00,Índice del mercado bursátil colombiano - COLCAP,1372.84,0.33,0.024
08/09/2026 12:56:07,2010-02-23 00:00:00,Índice del mercado bursátil colombiano - COLCAP,1379.75,6.91,0.5033
08/09/2026 12:56:07,2010-02-24 00:00:00,Índice del mercado bursátil colombiano - COLCAP,1398.47,18.72,1.3568
08/09/2026 12:56:07,2010-02-25 00:00:00,Índice del mercado bursátil colombiano - COLCAP,1385.85,-12.62,-0.9024
08/09/2026 12:56:07,2010-02-26 00:00:00,Índice del mercado bursátil colombiano - COLCAP,1391.02,5.17,0.3731
08/09/2026 12:56:07,2010-03-01 00:00:00,Índice del mercado bursátil colombiano - COLCAP,1392.91,1.89,0.1359
08/09/2026 12:56:07,2010-03-02 00:00:00,Índice del mercado bursátil colombiano - COLCAP,1391.36,-1.55,-0.1113
08/09/2026 12:56:07,2010-03-03 00:00:00,Índice del mercado bursátil colombiano - COLCAP,1401.53,10.17,0.7309
08/09/2026 12:56:07,2010-03-04 00:00:00,Índice del mercado bursátil colombiano - COLCAP,1398.81,-2.72,-0.1941
08/09/2026 12:56:07,2010-03-05 00:00:00,Índice del mercado bursátil colombiano - COLCAP,1399.63,0.82,0.0586
08/09/2026 12:56:07,2010-03-08 00:00:00,Índice del mercado bursátil colombiano - COLCAP,1408.35,8.72,0.623
08/09/2026 12:56:07,2010-03-09 00:00:00,Índice del mercado bursátil colombiano - COLCAP,1403.17,-5.18,-0.3678
08/09/2026 12:56:07,2010-03-10 00:00:00,Índice del mercado bursátil colombiano - COLCAP,1403.82,0.65,0.0463
08/09/2026 12:56:07,2010-03-11 00:00:00,Índice del mercado bursátil colombiano - COLCAP,1405.26,1.44,0.1026
08/09/2026 12:56:07,2010-03-12 00:00:00,Índice del mercado bursátil colombiano - COLCAP,1406.49,1.23,0.0875
08/09/2026 12:56:07,2010-03-15 00:00:00,Índice del mercado bursátil colombiano - COLCAP,1404.42,-2.07,-0.1472
08/09/2026 12:56:07,2010-03-16 00:00:00,Índice del mercado bursátil colombiano - COLCAP,1411.71,7.29,0.5191
08/09/2026 12:56:07,2010-03-17 00:00:00,Índice del mercado bursátil colombiano - COLCAP,1429.4,17.69,1.2531
08/09/2026 12:56:07,2010-03-18 00:00:00,Índice del mercado bursátil colombiano - COLCAP,1432.3,2.9,0.2029
08/09/2026 12:56:07,2010-03-19 00:00:00,Índice del mercado bursátil colombiano - COLCAP,1414.1,-18.2,-1.2707
08/09/2026 12:56:07,2010-03-23 00:00:00,Índice del mercado bursátil colombiano - COLCAP,1426.74,12.64,0.8939
08/09/2026 12:56:07,2010-03-24 00:00:00,Índice del mercado bursátil colombiano - COLCAP,1422.69,-4.05,-0.2839
08/09/2026 12:56:07,2010-03-25 00:00:00,Índice del mercado bursátil colombiano - COLCAP,1427.24,4.55,0.3198
08/09/2026 12:56:07,2010-03-26 00:00:00,Índice del mercado bursátil colombiano - COLCAP,1423.02,-4.22,-0.2957
08/09/2026 12:56:07,2010-03-29 00:00:00,Índice del mercado bursátil colombiano - COLCAP,1429.29,6.27,0.4406
08/09/2026 12:56:07,2010-03-30 00:00:00,Índice del mercado bursátil colombiano - COLCAP,1430.71,1.42,0.0994
08/09/2026 12:56:07,2010-03-31 00:00:00,Índice del mercado bursátil colombiano - COLCAP,1440.58,9.87,0.6899
08/09/2026 12:56:07,2010-04-05 00:00:00,Índice del mercado bursátil colombiano - COLCAP,1450.93,10.35,0.7185
08/09/2026 12:56:07,2010-04-06 00:00:00,Índice del mercado bursátil colombiano - COLCAP,1460.3,9.37,0.6458
08/09/2026 12:56:07,2010-04-07 00:00:00,Índice del mercado bursátil colombiano - COLCAP,1472.19,11.89,0.8142
08/09/2026 12:56:07,2010-04-08 00:00:00,Índice del mercado bursátil colombiano - COLCAP,1472.76,0.57,0.0387
08/09/2026 12:56:07,2010-04-09 00:00:00,Índice del mercado bursátil colombiano - COLCAP,1468.95,-3.81,-0.2587
08/09/2026 12:56:07,2010-04-12 00:00:00,Índice del mercado bursátil colombiano - COLCAP,1470.7,1.75,0.1191
08/09/2026 12:56:07,2010-04-13 00:00:00,Índice del mercado bursátil colombiano - COLCAP,1470.91,0.21,0.0143
08/09/2026 12:56:07,2010-04-14 00:00:00,Índice del mercado bursátil colombiano - COLCAP,1478.47,7.56,0.514
08/09/2026 12:56:07,2010-04-15 00:00:00,Índice del mercado bursátil colombiano - COLCAP,1481.14,2.67,0.1806
08/09/2026 12:56:07,2010-04-16 00:00:00,Índice del mercado bursátil colombiano - COLCAP,1463.27,-17.87,-1.2065
08/09/2026 12:56:07,2010-04-19 00:00:00,Índice del mercado bursátil colombiano - COLCAP,1453.14,-10.13,-0.6923
08/09/2026 12:56:07,2010-04-20 00:00:00,Índice del mercado bursátil colombiano - COLCAP,1467.76,14.62,1.0061
08/09/2026 12:56:07,2010-04-21 00:00:00,Índice del mercado bursátil colombiano - COLCAP,1475.06,7.3,0.4974
08/09/2026 12:56:07,2010-04-22 00:00:00,Índice del mercado bursátil colombiano - COLCAP,1478.51,3.45,0.2339
08/09/2026 12:56:07,2010-04-23 00:00:00,Índice del mercado bursátil colombiano - COLCAP,1488.05,9.54,0.6452
08/09/2026 12:56:07,2010-04-26 00:00:00,Índice del mercado bursátil colombiano - COLCAP,1484.44,-3.61,-0.2426
08/09/2026 12:56:07,2010-04-27 00:00:00,Índice del mercado bursátil colombiano - COLCAP,1472.11,-12.33,-0.8306
08/09/2026 12:56:07,2010-04-28 00:00:00,Índice del mercado bursátil colombiano - COLCAP,1457.28,-14.83,-1.0074
08/09/2026 12:56:07,2010-04-29 00:00:00,Índice del mercado bursátil colombiano - COLCAP,1469.22,11.94,0.8193
08/09/2026 12:56:07,2010-04-30 00:00:00,Índice del mercado bursátil colombiano - COLCAP,1467.26,-1.96,-0.1334
08/09/2026 12:56:07,2010-05-03 00:00:00,Índice del mercado bursátil colombiano - COLCAP,1490.16,22.9,1.5607
08/09/2026 12:56:07,2010-05-04 00:00:00,Índice del mercado bursátil colombiano - COLCAP,1481.63,-8.53,-0.5724
08/09/2026 12:56:07,2010-05-05 00:00:00,Índice del mercado bursátil colombiano - COLCAP,1446.55,-35.08,-2.3677
08/09/2026 12:56:07,2010-05-06 00:00:00,Índice del mercado bursátil colombiano - COLCAP,1403.06,-43.49,-3.0065
08/09/2026 12:56:07,2010-05-07 00:00:00,Índice del mercado bursátil colombiano - COLCAP,1412.8,9.74,0.6942
08/09/2026 12:56:07,2010-05-10 00:00:00,Índice del mercado bursátil colombiano - COLCAP,1438.18,25.38,1.7964
08/09/2026 12:56:07,2010-05-11 00:00:00,Índice del mercado bursátil colombiano - COLCAP,1442.63,4.45,0.3094
08/09/2026 12:56:07,2010-05-12 00:00:00,Índice del mercado bursátil colombiano - COLCAP,1451.06,8.43,0.5843
08/09/2026 12:56:07,2010-05-13 00:00:00,Índice del mercado bursátil colombiano - COLCAP,1454.93,3.87,0.2667
08/09/2026 12:56:07,2010-05-14 00:00:00,Índice del mercado bursátil colombiano - COLCAP,1444.27,-10.66,-0.7327
08/09/2026 12:56:07,2010-05-18 00:00:00,Índice del mercado bursátil colombiano - COLCAP,1424.49,-19.78,-1.3696
08/09/2026 12:56:07,2010-05-19 00:00:00,Índice del mercado bursátil colombiano - COLCAP,1406.37,-18.12,-1.272
08/09/2026 12:56:07,2010-05-20 00:00:00,Índice del mercado bursátil colombiano - COLCAP,1395.99,-10.38,-0.7381
08/09/2026 12:56:07,2010-05-21 00:00:00,Índice del mercado bursátil colombiano - COLCAP,1397.39,1.4,0.1003
08/09/2026 12:56:07,2010-05-24 00:00:00,Índice del mercado bursátil colombiano - COLCAP,1410.93,13.54,0.9689
08/09/2026 12:56:07,2010-05-25 00:00:00,Índice del mercado bursátil colombiano - COLCAP,1399.25,-11.68,-0.8278
08/09/2026 12:56:07,2010-05-26 00:00:00,Índice del mercado bursátil colombiano - COLCAP,1432.82,33.57,2.3991
08/09/2026 12:56:07,2010-05-27 00:00:00,Índice del mercado bursátil colombiano - COLCAP,1428.47,-4.35,-0.3036
08/09/2026 12:56:07,2010-05-28 00:00:00,Índice del mercado bursátil colombiano - COLCAP,1446.48,18.01,1.2608
08/09/2026 12:56:07,2010-05-31 00:00:00,Índice del mercado bursátil colombiano - COLCAP,1444.54,-1.94,-0.1341
08/09/2026 12:56:07,2010-06-01 00:00:00,Índice del mercado bursátil colombiano - COLCAP,1447.26,2.72,0.1883
08/09/2026 12:56:07,2010-06-02 00:00:00,Índice del mercado bursátil colombiano - COLCAP,1451.91,4.65,0.3213
08/09/2026 12:56:07,2010-06-03 00:00:00,Índice del mercado bursátil colombiano - COLCAP,1453.36,1.45,0.0999
08/09/2026 12:56:07,2010-06-04 00:00:00,Índice del mercado bursátil colombiano - COLCAP,1438.3,-15.06,-1.0362
08/09/2026 12:56:07,2010-06-08 00:00:00,Índice del mercado bursátil colombiano - COLCAP,1433.27,-5.03,-0.3497
08/09/2026 12:56:07,2010-06-09 00:00:00,Índice del mercado bursátil colombiano - COLCAP,1445.53,12.26,0.8554
08/09/2026 12:56:07,2010-06-10 00:00:00,Índice del mercado bursátil colombiano - COLCAP,1446.34,0.81,0.056
08/09/2026 12:56:07,2010-06-11 00:00:00,Índice del mercado bursátil colombiano - COLCAP,1448.08,1.74,0.1203
08/09/2026 12:56:07,2010-06-15 00:00:00,Índice del mercado bursátil colombiano - COLCAP,1450.71,2.63,0.1816
08/09/2026 12:56:07,2010-06-16 00:00:00,Índice del mercado bursátil colombiano - COLCAP,1461.39,10.68,0.7362
08/09/2026 12:56:07,2010-06-17 00:00:00,Índice del mercado bursátil colombiano - COLCAP,1460.56,-0.83,-0.0568
08/09/2026 12:56:07,2010-06-18 00:00:00,Índice del mercado bursátil colombiano - COLCAP,1472.41,11.85,0.8113
08/09/2026 12:56:07,2010-06-21 00:00:00,Índice del mercado bursátil colombiano - COLCAP,1466.78,-5.63,-0.3824
08/09/2026 12:56:07,2010-06-22 00:00:00,Índice del mercado bursátil colombiano - COLCAP,1467.67,0.89,0.0607
08/09/2026 12:56:07,2010-06-23 00:00:00,Índice del mercado bursátil colombiano - COLCAP,1471.95,4.28,0.2916
08/09/2026 12:56:07,2010-06-24 00:00:00,Índice del mercado bursátil colombiano - COLCAP,1468.73,-3.22,-0.2188
08/09/2026 12:56:07,2010-06-25 00:00:00,Índice del mercado bursátil colombiano - COLCAP,1475.04,6.31,0.4296
08/09/2026 12:56:07,2010-06-28 00:00:00,Índice del mercado bursátil colombiano - COLCAP,1472.02,-3.02,-0.2047
08/09/2026 12:56:07,2010-06-29 00:00:00,Índice del mercado bursátil colombiano - COLCAP,1453.6,-18.42,-1.2513
08/09/2026 12:56:07,2010-06-30 00:00:00,Índice del mercado bursátil colombiano - COLCAP,1466.78,13.18,0.9067
08/09/2026 12:56:07,2010-07-01 00:00:00,Índice del mercado bursátil colombiano - COLCAP,1459.01,-7.77,-0.5297
08/09/2026 12:56:07,2010-07-02 00:00:00,Índice del mercado bursátil colombiano - COLCAP,1455.04,-3.97,-0.2721
08/09/2026 12:56:07,2010-07-06 00:00:00,Índice del mercado bursátil colombiano - COLCAP,1463.82,8.78,0.6034
08/09/2026 12:56:07,2010-07-07 00:00:00,Índice del mercado bursátil colombiano - COLCAP,1462.81,1.01,0.069
08/09/2026 12:56:07,2010-07-08 00:00:00,Índice del mercado bursátil colombiano - COLCAP,1474.59,11.78,0.8053
08/09/2026 12:56:07,2010-07-09 00:00:00,Índice del mercado bursátil colombiano - COLCAP,1478.49,3.9,0.2645
08/09/2026 12:56:07,2010-07-12 00:00:00,Índice del mercado bursátil colombiano - COLCAP,1496.79,18.3,1.2377
08/09/2026 12:56:07,2010-07-13 00:00:00,Índice del mercado bursátil colombiano - COLCAP,1507.16,10.37,0.6928
08/09/2026 12:56:07,2010-07-14 00:00:00,Índice del mercado bursátil colombiano - COLCAP,1521.17,14.01,0.9296
08/09/2026 12:56:07,2010-07-15 00:00:00,Índice del mercado bursátil colombiano - COLCAP,1532.45,11.28,0.7415
08/09/2026 12:56:07,2010-07-16 00:00:00,Índice del mercado bursátil colombiano - COLCAP,1526.67,-5.78,-0.3772
08/09/2026 12:56:07,2010-07-19 00:00:00,Índice del mercado bursátil colombiano - COLCAP,1528.75,2.08,0.1362
08/09/2026 12:56:07,2010-07-21 00:00:00,Índice del mercado bursátil colombiano - COLCAP,1565.5,36.75,2.4039
08/09/2026 12:56:07,2010-07-22 00:00:00,Índice del mercado bursátil colombiano - COLCAP,1566.33,0.83,0.053
08/09/2026 12:56:07,2010-07-23 00:00:00,Índice del mercado bursátil colombiano - COLCAP,1569.86,3.53,0.2254
08/09/2026 12:56:07,2010-07-26 00:00:00,Índice del mercado bursátil colombiano - COLCAP,1596.49,26.63,1.6963
08/09/2026 12:56:07,2010-07-27 00:00:00,Índice del mercado bursátil colombiano - COLCAP,1602.61,6.12,0.3833
08/09/2026 12:56:07,2010-07-28 00:00:00,Índice del mercado bursátil colombiano - COLCAP,1591.33,-11.28,-0.7039
08/09/2026 12:56:07,2010-07-29 00:00:00,Índice del mercado bursátil colombiano - COLCAP,1562.05,-29.28,-1.84
08/09/2026 12:56:07,2010-07-30 00:00:00,Índice del mercado bursátil colombiano - COLCAP,1571.62,9.57,0.6127
08/09/2026 12:56:07,2010-08-02 00:00:00,Índice del mercado bursátil colombiano - COLCAP,1575.01,3.39,0.2157
08/09/2026 12:56:07,2010-08-03 00:00:00,Índice del mercado bursátil colombiano - COLCAP,1586.92,11.91,0.7562
08/09/2026 12:56:07,2010-08-04 00:00:00,Índice del mercado bursátil colombiano - COLCAP,1595.44,8.52,0.5369
08/09/2026 12:56:07,2010-08-05 00:00:00,Índice del mercado bursátil colombiano - COLCAP,1601.01,5.57,0.3491
08/09/2026 12:56:07,2010-08-06 00:00:00,Índice del mercado bursátil colombiano - COLCAP,1580.41,-20.6,-1.2867
08/09/2026 12:56:07,2010-08-09 00:00:00,Índice del mercado bursátil colombiano - COLCAP,1582.51,2.1,0.1329
08/09/2026 12:56:07,2010-08-10 00:00:00,Índice del mercado bursátil colombiano - COLCAP,1577.34,-5.17,-0.3267
08/09/2026 12:56:07,2010-08-11 00:00:00,Índice del mercado bursátil colombiano - COLCAP,1558.12,-19.22,-1.2185
08/09/2026 12:56:07,2010-08-12 00:00:00,Índice del mercado bursátil colombiano - COLCAP,1557.42,-0.7,-0.0449
08/09/2026 12:56:07,2010-08-13 00:00:00,Índice del mercado bursátil colombiano - COLCAP,1567.78,10.36,0.6652
08/09/2026 12:56:07,2010-08-17 00:00:00,Índice del mercado bursátil colombiano - COLCAP,1575.02,7.24,0.4618
08/09/2026 12:56:07,2010-08-18 00:00:00,Índice del mercado bursátil colombiano - COLCAP,1581.48,6.46,0.4102
08/09/2026 12:56:07,2010-08-19 00:00:00,Índice del mercado bursátil colombiano - COLCAP,1586.73,5.25,0.332
08/09/2026 12:56:07,2010-08-20 00:00:00,Índice del mercado bursátil colombiano - COLCAP,1585.6,-1.13,-0.0712
08/09/2026 12:56:07,2010-08-23 00:00:00,Índice del mercado bursátil colombiano - COLCAP,1606.82,21.22,1.3383
08/09/2026 12:56:07,2010-08-24 00:00:00,Índice del mercado bursátil colombiano - COLCAP,1605.58,-1.24,-0.0772
08/09/2026 12:56:07,2010-08-25 00:00:00,Índice del mercado bursátil colombiano - COLCAP,1602.95,-2.63,-0.1638
08/09/2026 12:56:07,2010-08-26 00:00:00,Índice del mercado bursátil colombiano - COLCAP,1616.93,13.98,0.8721
08/09/2026 12:56:07,2010-08-27 00:00:00,Índice del mercado bursátil colombiano - COLCAP,1639.89,22.96,1.42
08/09/2026 12:56:07,2010-08-30 00:00:00,Índice del mercado bursátil colombiano - COLCAP,1642.91,3.02,0.1842
08/09/2026 12:56:07,2010-08-31 00:00:00,Índice del mercado bursátil colombiano - COLCAP,1664.18,21.27,1.2947
08/09/2026 12:56:07,2010-09-01 00:00:00,Índice del mercado bursátil colombiano - COLCAP,1713.81,49.63,2.9822
08/09/2026 12:56:07,2010-09-02 00:00:00,Índice del mercado bursátil colombiano - COLCAP,1681.03,-32.78,-1.9127
08/09/2026 12:56:07,2010-09-03 00:00:00,Índice del mercado bursátil colombiano - COLCAP,1687.24,6.21,0.3694
08/09/2026 12:56:07,2010-09-06 00:00:00,Índice del mercado bursátil colombiano - COLCAP,1719.62,32.38,1.9191
08/09/2026 12:56:07,2010-09-07 00:00:00,Índice del mercado bursátil colombiano - COLCAP,1715.27,-4.35,-0.253
08/09/2026 12:56:07,2010-09-08 00:00:00,Índice del mercado bursátil colombiano - COLCAP,1735.68,20.41,1.1899
08/09/2026 12:56:07,2010-09-09 00:00:00,Índice del mercado bursátil colombiano - COLCAP,1730.15,-5.53,-0.3186
08/09/2026 12:56:07,2010-09-10 00:00:00,Índice del mercado bursátil colombiano - COLCAP,1699.91,-30.24,-1.7478
08/09/2026 12:56:07,2010-09-13 00:00:00,Índice del mercado bursátil colombiano - COLCAP,1695.47,-4.44,-0.2612
08/09/2026 12:56:07,2010-09-14 00:00:00,Índice del mercado bursátil colombiano - COLCAP,1703.11,7.64,0.4506
08/09/2026 12:56:07,2010-09-15 00:00:00,Índice del mercado bursátil colombiano - COLCAP,1693.44,-9.67,-0.5678
08/09/2026 12:56:07,2010-09-16 00:00:00,Índice del mercado bursátil colombiano - COLCAP,1691.32,-2.12,-0.1252
08/09/2026 12:56:07,2010-09-17 00:00:00,Índice del mercado bursátil colombiano - COLCAP,1691.24,-0.08,-0.0047
08/09/2026 12:56:07,2010-09-20 00:00:00,Índice del mercado bursátil colombiano - COLCAP,1709.46,18.22,1.0773
08/09/2026 12:56:07,2010-09-21 00:00:00,Índice del mercado bursátil colombiano - COLCAP,1716.15,6.69,0.3914
08/09/2026 12:56:07,2010-09-22 00:00:00,Índice del mercado bursátil colombiano - COLCAP,1707.34,-8.81,-0.5134
08/09/2026 12:56:07,2010-09-23 00:00:00,Índice del mercado bursátil colombiano - COLCAP,1693.47,-13.87,-0.8124
08/09/2026 12:56:07,2010-09-24 00:00:00,Índice del mercado bursátil colombiano - COLCAP,1697.26,3.79,0.2238
08/09/2026 12:56:07,2010-09-27 00:00:00,Índice del mercado bursátil colombiano - COLCAP,1711.46,14.2,0.8366
08/09/2026 12:56:07,2010-09-28 00:00:00,Índice del mercado bursátil colombiano - COLCAP,1744.84,33.38,1.9504
08/09/2026 12:56:07,2010-09-29 00:00:00,Índice del mercado bursátil colombiano - COLCAP,1766.22,21.38,1.2253
08/09/2026 12:56:07,2010-09-30 00:00:00,Índice del mercado bursátil colombiano - COLCAP,1769.5,3.28,0.1857
08/09/2026 12:56:07,2010-10-01 00:00:00,Índice del mercado bursátil colombiano - COLCAP,1766.79,-2.71,-0.1532
08/09/2026 12:56:07,2010-10-04 00:00:00,Índice del mercado bursátil colombiano - COLCAP,1766.42,-0.37,-0.0209
08/09/2026 12:56:07,2010-10-05 00:00:00,Índice del mercado bursátil colombiano - COLCAP,1794.73,28.31,1.6027
08/09/2026 12:56:07,2010-10-06 00:00:00,Índice del mercado bursátil colombiano - COLCAP,1825.05,30.32,1.6894
08/09/2026 12:56:07,2010-10-07 00:00:00,Índice del mercado bursátil colombiano - COLCAP,1808.89,-16.16,-0.8855
08/09/2026 12:56:07,2010-10-08 00:00:00,Índice del mercado bursátil colombiano - COLCAP,1826.38,17.49,0.9669
08/09/2026 12:56:07,2010-10-11 00:00:00,Índice del mercado bursátil colombiano - COLCAP,1845.91,19.53,1.0693
08/09/2026 12:56:07,2010-10-12 00:00:00,Índice del mercado bursátil colombiano - COLCAP,1842.54,-3.37,-0.1826
08/09/2026 12:56:07,2010-10-13 00:00:00,Índice del mercado bursátil colombiano - COLCAP,1873.5,30.96,1.6803
08/09/2026 12:56:07,2010-10-14 00:00:00,Índice del mercado bursátil colombiano - COLCAP,1855.43,-18.07,-0.9645
08/09/2026 12:56:07,2010-10-15 00:00:00,Índice del mercado bursátil colombiano - COLCAP,1833.59,-21.84,-1.1771
08/09/2026 12:56:07,2010-10-19 00:00:00,Índice del mercado bursátil colombiano - COLCAP,1857.75,24.16,1.3176
08/09/2026 12:56:07,2010-10-20 00:00:00,Índice del mercado bursátil colombiano - COLCAP,1860.52,2.77,0.1491
08/09/2026 12:56:07,2010-10-21 00:00:00,Índice del mercado bursátil colombiano - COLCAP,1877.98,17.46,0.9384
08/09/2026 12:56:07,2010-10-22 00:00:00,Índice del mercado bursátil colombiano - COLCAP,1906.66,28.68,1.5272
08/09/2026 12:56:07,2010-10-25 00:00:00,Índice del mercado bursátil colombiano - COLCAP,1900.1,-6.56,-0.3441
08/09/2026 12:56:07,2010-10-26 00:00:00,Índice del mercado bursátil colombiano - COLCAP,1870.75,-29.35,-1.5447
08/09/2026 12:56:07,2010-10-27 00:00:00,Índice del mercado bursátil colombiano - COLCAP,1862.84,-7.91,-0.4228
08/09/2026 12:56:07,2010-10-28 00:00:00,Índice del mercado bursátil colombiano - COLCAP,1871.21,8.37,0.4493
08/09/2026 12:56:07,2010-10-29 00:00:00,Índice del mercado bursátil colombiano - COLCAP,1901.83,30.62,1.6364
08/09/2026 12:56:07,2010-11-02 00:00:00,Índice del mercado bursátil colombiano - COLCAP,1913.88,12.05,0.6336
08/09/2026 12:56:07,2010-11-03 00:00:00,Índice del mercado bursátil colombiano - COLCAP,1923.28,9.4,0.4911
08/09/2026 12:56:07,2010-11-04 00:00:00,Índice del mercado bursátil colombiano - COLCAP,1942.37,19.09,0.9926
08/09/2026 12:56:07,2010-11-05 00:00:00,Índice del mercado bursátil colombiano - COLCAP,1940.38,-1.99,-0.1025
08/09/2026 12:56:07,2010-11-08 00:00:00,Índice del mercado bursátil colombiano - COLCAP,1939.96,-0.42,-0.0216
08/09/2026 12:56:07,2010-11-09 00:00:00,Índice del mercado bursátil colombiano - COLCAP,1938.49,-1.47,-0.0758
08/09/2026 12:56:07,2010-11-10 00:00:00,Índice del mercado bursátil colombiano - COLCAP,1889.62,-48.87,-2.521
08/09/2026 12:56:07,2010-11-11 00:00:00,Índice del mercado bursátil colombiano - COLCAP,1841.69,-47.93,-2.5365
08/09/2026 12:56:07,2010-11-12 00:00:00,Índice del mercado bursátil colombiano - COLCAP,1795.09,-46.6,-2.5303
08/09/2026 12:56:07,2010-11-16 00:00:00,Índice del mercado bursátil colombiano - COLCAP,1729.16,-65.93,-3.6728
08/09/2026 12:56:07,2010-11-17 00:00:00,Índice del mercado bursátil colombiano - COLCAP,1786.89,57.73,3.3386
08/09/2026 12:56:07,2010-11-18 00:00:00,Índice del mercado bursátil colombiano - COLCAP,1814.13,27.24,1.5244
08/09/2026 12:56:07,2010-11-19 00:00:00,Índice del mercado bursátil colombiano - COLCAP,1778.83,-35.3,-1.9458
08/09/2026 12:56:07,2010-11-22 00:00:00,Índice del mercado bursátil colombiano - COLCAP,1775.45,-3.38,-0.19
08/09/2026 12:56:07,2010-11-23 00:00:00,Índice del mercado bursátil colombiano - COLCAP,1750.36,-25.09,-1.4132
08/09/2026 12:56:07,2010-11-24 00:00:00,Índice del mercado bursátil colombiano - COLCAP,1790.15,39.79,2.2732
08/09/2026 12:56:07,2010-11-25 00:00:00,Índice del mercado bursátil colombiano - COLCAP,1784.8,-5.35,-0.2989
08/09/2026 12:56:07,2010-11-26 00:00:00,Índice del mercado bursátil colombiano - COLCAP,1770.59,-14.21,-0.7962
08/09/2026 12:56:07,2010-11-29 00:00:00,Índice del mercado bursátil colombiano - COLCAP,1762.11,-8.48,-0.4789
08/09/2026 12:56:07,2010-11-30 00:00:00,Índice del mercado bursátil colombiano - COLCAP,1779.94,17.83,1.0119
08/09/2026 12:56:07,2010-12-01 00:00:00,Índice del mercado bursátil colombiano - COLCAP,1793.55,13.61,0.7646
08/09/2026 12:56:07,2010-12-02 00:00:00,Índice del mercado bursátil colombiano - COLCAP,1825.55,32,1.7842
08/09/2026 12:56:07,2010-12-03 00:00:00,Índice del mercado bursátil colombiano - COLCAP,1830.26,4.71,0.258
08/09/2026 12:56:07,2010-12-06 00:00:00,Índice del mercado bursátil colombiano - COLCAP,1840.29,10.03,0.548
08/09/2026 12:56:07,2010-12-07 00:00:00,Índice del mercado bursátil colombiano - COLCAP,1837.18,-3.11,-0.169
08/09/2026 12:56:07,2010-12-09 00:00:00,Índice del mercado bursátil colombiano - COLCAP,1826.7,-10.48,-0.5704
08/09/2026 12:56:07,2010-12-10 00:00:00,Índice del mercado bursátil colombiano - COLCAP,1830.86,4.16,0.2277
08/09/2026 12:56:07,2010-12-13 00:00:00,Índice del mercado bursátil colombiano - COLCAP,1841.24,10.38,0.5669
08/09/2026 12:56:07,2010-12-14 00:00:00,Índice del mercado bursátil colombiano - COLCAP,1845.71,4.47,0.2428
08/09/2026 12:56:07,2010-12-15 00:00:00,Índice del mercado bursátil colombiano - COLCAP,1823.61,-22.1,-1.1974
08/09/2026 12:56:07,2010-12-16 00:00:00,Índice del mercado bursátil colombiano - COLCAP,1826.74,3.13,0.1716
08/09/2026 12:56:07,2010-12-17 00:00:00,Índice del mercado bursátil colombiano - COLCAP,1823.1,-3.64,-0.1993
08/09/2026 12:56:07,2010-12-20 00:00:00,Índice del mercado bursátil colombiano - COLCAP,1815.55,-7.55,-0.4141
08/09/2026 12:56:07,2010-12-21 00:00:00,Índice del mercado bursátil colombiano - COLCAP,1824.82,9.27,0.5106
08/09/2026 12:56:07,2010-12-22 00:00:00,Índice del mercado bursátil colombiano - COLCAP,1839.59,14.77,0.8094
08/09/2026 12:56:07,2010-12-23 00:00:00,Índice del mercado bursátil colombiano - COLCAP,1846.5,6.91,0.3756
08/09/2026 12:56:07,2010-12-24 00:00:00,Índice del mercado bursátil colombiano - COLCAP,1853.24,6.74,0.365
08/09/2026 12:56:07,2010-12-27 00:00:00,Índice del mercado bursátil colombiano - COLCAP,1866.12,12.88,0.695
08/09/2026 12:56:07,2010-12-28 00:00:00,Índice del mercado bursátil colombiano - COLCAP,1849.51,-16.61,-0.8901
08/09/2026 12:56:07,2010-12-29 00:00:00,Índice del mercado bursátil colombiano - COLCAP,1839.72,-9.79,-0.5293
08/09/2026 12:56:07,2010-12-30 00:00:00,Índice del mercado bursátil colombiano - COLCAP,1823.7,-16.02,-0.8708
08/09/2026 12:56:07,2011-01-03 00:00:00,Índice del mercado bursátil colombiano - COLCAP,1803,-20.7,-1.1351
08/09/2026 12:56:07,2011-01-04 00:00:00,Índice del mercado bursátil colombiano - COLCAP,1810.27,7.27,0.4032
08/09/2026 12:56:07,2011-01-05 00:00:00,Índice del mercado bursátil colombiano - COLCAP,1790.57,-19.7,-1.0882
08/09/2026 12:56:07,2011-01-06 00:00:00,Índice del mercado bursátil colombiano - COLCAP,1766.77,-23.8,-1.3292
08/09/2026 12:56:07,2011-01-07 00:00:00,Índice del mercado bursátil colombiano - COLCAP,1781.71,14.94,0.8456
08/09/2026 12:56:07,2011-01-11 00:00:00,Índice del mercado bursátil colombiano - COLCAP,1763.08,-18.63,-1.0456
08/09/2026 12:56:07,2011-01-12 00:00:00,Índice del mercado bursátil colombiano - COLCAP,1784.1,21.02,1.1922
08/09/2026 12:56:07,2011-01-13 00:00:00,Índice del mercado bursátil colombiano - COLCAP,1801.86,17.76,0.9955
08/09/2026 12:56:07,2011-01-14 00:00:00,Índice del mercado bursátil colombiano - COLCAP,1796.05,-5.81,-0.3224
08/09/2026 12:56:07,2011-01-17 00:00:00,Índice del mercado bursátil colombiano - COLCAP,1801.66,5.61,0.3124
08/09/2026 12:56:07,2011-01-18 00:00:00,Índice del mercado bursátil colombiano - COLCAP,1790.41,-11.25,-0.6244
08/09/2026 12:56:07,2011-01-19 00:00:00,Índice del mercado bursátil colombiano - COLCAP,1766.21,-24.2,-1.3516
08/09/2026 12:56:07,2011-01-20 00:00:00,Índice del mercado bursátil colombiano - COLCAP,1741.61,-24.6,-1.3928
08/09/2026 12:56:07,2011-01-21 00:00:00,Índice del mercado bursátil colombiano - COLCAP,1756.48,14.87,0.8538
08/09/2026 12:56:07,2011-01-24 00:00:00,Índice del mercado bursátil colombiano - COLCAP,1759.99,3.51,0.1998
08/09/2026 12:56:07,2011-01-25 00:00:00,Índice del mercado bursátil colombiano - COLCAP,1754.92,-5.07,-0.2881
08/09/2026 12:56:07,2011-01-26 00:00:00,Índice del mercado bursátil colombiano - COLCAP,1771.55,16.63,0.9476
08/09/2026 12:56:07,2011-01-27 00:00:00,Índice del mercado bursátil colombiano - COLCAP,1773.04,1.49,0.0841
08/09/2026 12:56:07,2011-01-28 00:00:00,Índice del mercado bursátil colombiano - COLCAP,1768.13,-4.91,-0.2769
08/09/2026 12:56:07,2011-01-31 00:00:00,Índice del mercado bursátil colombiano - COLCAP,1762.43,-5.7,-0.3224
08/09/2026 12:56:07,2011-02-01 00:00:00,Índice del mercado bursátil colombiano - COLCAP,1759.61,-2.82,-0.16
08/09/2026 12:56:07,2011-02-02 00:00:00,Índice del mercado bursátil colombiano - COLCAP,1745.24,-14.37,-0.8167
08/09/2026 12:56:07,2011-02-03 00:00:00,Índice del mercado bursátil colombiano - COLCAP,1735.96,-9.28,-0.5317
08/09/2026 12:56:07,2011-02-04 00:00:00,Índice del mercado bursátil colombiano - COLCAP,1709.06,-26.9,-1.5496
08/09/2026 12:56:07,2011-02-07 00:00:00,Índice del mercado bursátil colombiano - COLCAP,1691.87,-17.19,-1.0058
08/09/2026 12:56:07,2011-02-08 00:00:00,Índice del mercado bursátil colombiano - COLCAP,1710.54,18.67,1.1035
08/09/2026 12:56:07,2011-02-09 00:00:00,Índice del mercado bursátil colombiano - COLCAP,1696.85,-13.69,-0.8003
08/09/2026 12:56:07,2011-02-10 00:00:00,Índice del mercado bursátil colombiano - COLCAP,1687.92,-8.93,-0.5263
08/09/2026 12:56:07,2011-02-11 00:00:00,Índice del mercado bursátil colombiano - COLCAP,1694.51,6.59,0.3904
08/09/2026 12:56:07,2011-02-14 00:00:00,Índice del mercado bursátil colombiano - COLCAP,1703.39,8.88,0.524
08/09/2026 12:56:07,2011-02-15 00:00:00,Índice del mercado bursátil colombiano - COLCAP,1692.43,-10.96,-0.6434
08/09/2026 12:56:07,2011-02-16 00:00:00,Índice del mercado bursátil colombiano - COLCAP,1689.95,-6.42,-0.3785
08/09/2026 12:56:07,2011-02-17 00:00:00,Índice del mercado bursátil colombiano - COLCAP,1666.93,-23.02,-1.3622
08/09/2026 12:56:07,2011-02-18 00:00:00,Índice del mercado bursátil colombiano - COLCAP,1644.66,-22.27,-1.336
08/09/2026 12:56:07,2011-02-21 00:00:00,Índice del mercado bursátil colombiano - COLCAP,1658.33,13.67,0.8312
08/09/2026 12:56:07,2011-02-22 00:00:00,Índice del mercado bursátil colombiano - COLCAP,1661.43,3.1,0.1869
08/09/2026 12:56:07,2011-02-23 00:00:00,Índice del mercado bursátil colombiano - COLCAP,1698.63,37.2,2.239
08/09/2026 12:56:07,2011-02-24 00:00:00,Índice del mercado bursátil colombiano - COLCAP,1699.17,0.54,0.0318
08/09/2026 12:56:07,2011-02-25 00:00:00,Índice del mercado bursátil colombiano - COLCAP,1713.4,14.23,0.8375
08/09/2026 12:56:07,2011-02-28 00:00:00,Índice del mercado bursátil colombiano - COLCAP,1750.97,37.57,2.1927
08/09/2026 12:56:07,2011-03-01 00:00:00,Índice del mercado bursátil colombiano - COLCAP,1762.02,11.05,0.6311
08/09/2026 12:56:07,2011-03-02 00:00:00,Índice del mercado bursátil colombiano - COLCAP,1760.13,-1.89,-0.1073
08/09/2026 12:56:07,2011-03-03 00:00:00,Índice del mercado bursátil colombiano - COLCAP,1782.06,21.93,1.2459
08/09/2026 12:56:07,2011-03-04 00:00:00,Índice del mercado bursátil colombiano - COLCAP,1788.14,6.08,0.3412
08/09/2026 12:56:07,2011-03-07 00:00:00,Índice del mercado bursátil colombiano - COLCAP,1778.92,-9.22,-0.5156
08/09/2026 12:56:07,2011-03-08 00:00:00,Índice del mercado bursátil colombiano - COLCAP,1757.98,-20.94,-1.1771
08/09/2026 12:56:07,2011-03-09 00:00:00,Índice del mercado bursátil colombiano - COLCAP,1765.67,7.69,0.4374
08/09/2026 12:56:07,2011-03-10 00:00:00,Índice del mercado bursátil colombiano - COLCAP,1728.54,-37.13,-2.1029
08/09/2026 12:56:07,2011-03-11 00:00:00,Índice del mercado bursátil colombiano - COLCAP,1699.01,-29.53,-1.7084
08/09/2026 12:56:07,2011-03-14 00:00:00,Índice del mercado bursátil colombiano - COLCAP,1685.54,-13.47,-0.7928
08/09/2026 12:56:07,2011-03-15 00:00:00,Índice del mercado bursátil colombiano - COLCAP,1645.96,-39.58,-2.3482
08/09/2026 12:56:07,2011-03-16 00:00:00,Índice del mercado bursátil colombiano - COLCAP,1638.58,-7.38,-0.4484
08/09/2026 12:56:07,2011-03-17 00:00:00,Índice del mercado bursátil colombiano - COLCAP,1708.98,70.4,4.2964
08/09/2026 12:56:07,2011-03-18 00:00:00,Índice del mercado bursátil colombiano - COLCAP,1739.16,30.18,1.766
08/09/2026 12:56:07,2011-03-22 00:00:00,Índice del mercado bursátil colombiano - COLCAP,1740.98,1.82,0.1046
08/09/2026 12:56:07,2011-03-23 00:00:00,Índice del mercado bursátil colombiano - COLCAP,1743.02,2.04,0.1172
08/09/2026 12:56:07,2011-03-24 00:00:00,Índice del mercado bursátil colombiano - COLCAP,1742.05,-0.97,-0.0557
08/09/2026 12:56:07,2011-03-25 00:00:00,Índice del mercado bursátil colombiano - COLCAP,1727.79,-14.26,-0.8186
08/09/2026 12:56:07,2011-03-28 00:00:00,Índice del mercado bursátil colombiano - COLCAP,1721.7,-6.09,-0.3525
08/09/2026 12:56:07,2011-03-29 00:00:00,Índice del mercado bursátil colombiano - COLCAP,1708.76,-12.94,-0.7516
08/09/2026 12:56:07,2011-03-30 00:00:00,Índice del mercado bursátil colombiano - COLCAP,1703.93,-4.83,-0.2827
08/09/2026 12:56:07,2011-03-31 00:00:00,Índice del mercado bursátil colombiano - COLCAP,1718.45,14.52,0.8521
08/09/2026 12:56:07,2011-04-01 00:00:00,Índice del mercado bursátil colombiano - COLCAP,1708.59,-9.86,-0.5738
08/09/2026 12:56:07,2011-04-04 00:00:00,Índice del mercado bursátil colombiano - COLCAP,1707.14,-1.45,-0.0849
08/09/2026 12:56:07,2011-04-05 00:00:00,Índice del mercado bursátil colombiano - COLCAP,1719.39,12.25,0.7176
08/09/2026 12:56:07,2011-04-06 00:00:00,Índice del mercado bursátil colombiano - COLCAP,1724.42,5.03,0.2925
08/09/2026 12:56:07,2011-04-07 00:00:00,Índice del mercado bursátil colombiano - COLCAP,1723.94,-0.48,-0.0278
08/09/2026 12:56:07,2011-04-08 00:00:00,Índice del mercado bursátil colombiano - COLCAP,1708.66,-15.28,-0.8863
08/09/2026 12:56:07,2011-04-11 00:00:00,Índice del mercado bursátil colombiano - COLCAP,1703.1,-5.56,-0.3254
08/09/2026 12:56:07,2011-04-12 00:00:00,Índice del mercado bursátil colombiano - COLCAP,1676.58,-26.52,-1.5572
08/09/2026 12:56:07,2011-04-13 00:00:00,Índice del mercado bursátil colombiano - COLCAP,1682.54,5.96,0.3555
08/09/2026 12:56:07,2011-04-14 00:00:00,Índice del mercado bursátil colombiano - COLCAP,1670.12,-12.42,-0.7382
08/09/2026 12:56:07,2011-04-15 00:00:00,Índice del mercado bursátil colombiano - COLCAP,1670.18,0.06,0.0036
08/09/2026 12:56:07,2011-04-18 00:00:00,Índice del mercado bursátil colombiano - COLCAP,1653.76,-16.42,-0.9831
08/09/2026 12:56:07,2011-04-19 00:00:00,Índice del mercado bursátil colombiano - COLCAP,1661.23,7.47,0.4517
08/09/2026 12:56:07,2011-04-20 00:00:00,Índice del mercado bursátil colombiano - COLCAP,1691.73,30.5,1.836
08/09/2026 12:56:07,2011-04-25 00:00:00,Índice del mercado bursátil colombiano - COLCAP,1689.11,-2.62,-0.1549
08/09/2026 12:56:07,2011-04-26 00:00:00,Índice del mercado bursátil colombiano - COLCAP,1697.39,8.28,0.4902
08/09/2026 12:56:07,2011-04-27 00:00:00,Índice del mercado bursátil colombiano - COLCAP,1690.59,-6.8,-0.4006
08/09/2026 12:56:07,2011-04-28 00:00:00,Índice del mercado bursátil colombiano - COLCAP,1697.39,6.8,0.4022
08/09/2026 12:56:07,2011-04-29 00:00:00,Índice del mercado bursátil colombiano - COLCAP,1700.68,3.29,0.1938
08/09/2026 12:56:07,2011-05-02 00:00:00,Índice del mercado bursátil colombiano - COLCAP,1692.14,-8.54,-0.5022
08/09/2026 12:56:07,2011-05-03 00:00:00,Índice del mercado bursátil colombiano - COLCAP,1671.95,-20.19,-1.1932
08/09/2026 12:56:07,2011-05-04 00:00:00,Índice del mercado bursátil colombiano - COLCAP,1675.38,3.43,0.2051
08/09/2026 12:56:07,2011-05-05 00:00:00,Índice del mercado bursátil colombiano - COLCAP,1643.3,-32.08,-1.9148
08/09/2026 12:56:07,2011-05-06 00:00:00,Índice del mercado bursátil colombiano - COLCAP,1652.88,9.58,0.583
08/09/2026 12:56:07,2011-05-09 00:00:00,Índice del mercado bursátil colombiano - COLCAP,1670.42,17.54,1.0612
08/09/2026 12:56:07,2011-05-10 00:00:00,Índice del mercado bursátil colombiano - COLCAP,1692.77,22.35,1.338
08/09/2026 12:56:07,2011-05-11 00:00:00,Índice del mercado bursátil colombiano - COLCAP,1697.55,4.78,0.2824
08/09/2026 12:56:07,2011-05-12 00:00:00,Índice del mercado bursátil colombiano - COLCAP,1703.03,5.48,0.3228
08/09/2026 12:56:07,2011-05-13 00:00:00,Índice del mercado bursátil colombiano - COLCAP,1706.76,3.73,0.219
08/09/2026 12:56:07,2011-05-16 00:00:00,Índice del mercado bursátil colombiano - COLCAP,1700.03,-6.73,-0.3943
08/09/2026 12:56:07,2011-05-17 00:00:00,Índice del mercado bursátil colombiano - COLCAP,1713.15,13.12,0.7718
08/09/2026 12:56:07,2011-05-18 00:00:00,Índice del mercado bursátil colombiano - COLCAP,1710.67,-2.48,-0.1448
08/09/2026 12:56:07,2011-05-19 00:00:00,Índice del mercado bursátil colombiano - COLCAP,1706.13,-4.54,-0.2654
08/09/2026 12:56:07,2011-05-20 00:00:00,Índice del mercado bursátil colombiano - COLCAP,1710.5,4.37,0.2561
08/09/2026 12:56:07,2011-05-23 00:00:00,Índice del mercado bursátil colombiano - COLCAP,1709.07,-1.43,-0.0836
08/09/2026 12:56:07,2011-05-24 00:00:00,Índice del mercado bursátil colombiano - COLCAP,1721.44,12.37,0.7238
08/09/2026 12:56:07,2011-05-25 00:00:00,Índice del mercado bursátil colombiano - COLCAP,1717.92,-3.52,-0.2045
08/09/2026 12:56:07,2011-05-26 00:00:00,Índice del mercado bursátil colombiano - COLCAP,1733.2,15.28,0.8894
08/09/2026 12:56:07,2011-05-27 00:00:00,Índice del mercado bursátil colombiano - COLCAP,1732.02,-1.18,-0.0681
08/09/2026 12:56:07,2011-05-30 00:00:00,Índice del mercado bursátil colombiano - COLCAP,1737.87,5.85,0.3378
08/09/2026 12:56:07,2011-05-31 00:00:00,Índice del mercado bursátil colombiano - COLCAP,1760.4,22.53,1.2964
08/09/2026 12:56:07,2011-06-01 00:00:00,Índice del mercado bursátil colombiano - COLCAP,1753.64,-6.76,-0.384
08/09/2026 12:56:07,2011-06-02 00:00:00,Índice del mercado bursátil colombiano - COLCAP,1752.74,-0.9,-0.0513
08/09/2026 12:56:07,2011-06-03 00:00:00,Índice del mercado bursátil colombiano - COLCAP,1753.31,0.57,0.0325
08/09/2026 12:56:07,2011-06-07 00:00:00,Índice del mercado bursátil colombiano - COLCAP,1750.15,-3.16,-0.1802
08/09/2026 12:56:07,2011-06-08 00:00:00,Índice del mercado bursátil colombiano - COLCAP,1755.85,5.7,0.3257
08/09/2026 12:56:07,2011-06-09 00:00:00,Índice del mercado bursátil colombiano - COLCAP,1753.2,-2.65,-0.1509
08/09/2026 12:56:07,2011-06-10 00:00:00,Índice del mercado bursátil colombiano - COLCAP,1751.77,-1.43,-0.0816
08/09/2026 12:56:07,2011-06-13 00:00:00,Índice del mercado bursátil colombiano - COLCAP,1730,-21.77,-1.2427
08/09/2026 12:56:07,2011-06-14 00:00:00,Índice del mercado bursátil colombiano - COLCAP,1729.69,-0.31,-0.0179
08/09/2026 12:56:07,2011-06-15 00:00:00,Índice del mercado bursátil colombiano - COLCAP,1701.98,-27.71,-1.602
08/09/2026 12:56:07,2011-06-16 00:00:00,Índice del mercado bursátil colombiano - COLCAP,1701.45,-0.53,-0.0311
08/09/2026 12:56:07,2011-06-17 00:00:00,Índice del mercado bursátil colombiano - COLCAP,1702.44,0.99,0.0582
08/09/2026 12:56:07,2011-06-20 00:00:00,Índice del mercado bursátil colombiano - COLCAP,1697,-5.44,-0.3195
08/09/2026 12:56:07,2011-06-21 00:00:00,Índice del mercado bursátil colombiano - COLCAP,1709.27,12.27,0.723
08/09/2026 12:56:07,2011-06-22 00:00:00,Índice del mercado bursátil colombiano - COLCAP,1721.61,12.34,0.7219
08/09/2026 12:56:07,2011-06-23 00:00:00,Índice del mercado bursátil colombiano - COLCAP,1712.98,-8.63,-0.5013
08/09/2026 12:56:07,2011-06-24 00:00:00,Índice del mercado bursátil colombiano - COLCAP,1710.15,-2.83,-0.1652
08/09/2026 12:56:07,2011-06-28 00:00:00,Índice del mercado bursátil colombiano - COLCAP,1711.42,1.27,0.0743
08/09/2026 12:56:07,2011-06-29 00:00:00,Índice del mercado bursátil colombiano - COLCAP,1718.91,7.49,0.4376
08/09/2026 12:56:07,2011-06-30 00:00:00,Índice del mercado bursátil colombiano - COLCAP,1700.43,-18.48,-1.0751
08/09/2026 12:56:07,2011-07-01 00:00:00,Índice del mercado bursátil colombiano - COLCAP,1707.03,6.6,0.3881
08/09/2026 12:56:07,2011-07-05 00:00:00,Índice del mercado bursátil colombiano - COLCAP,1716.02,8.99,0.5266
08/09/2026 12:56:07,2011-07-06 00:00:00,Índice del mercado bursátil colombiano - COLCAP,1677.4,-38.62,-2.2506
08/09/2026 12:56:07,2011-07-07 00:00:00,Índice del mercado bursátil colombiano - COLCAP,1673.86,-3.54,-0.211
08/09/2026 12:56:07,2011-07-08 00:00:00,Índice del mercado bursátil colombiano - COLCAP,1656.36,-17.5,-1.0455
08/09/2026 12:56:07,2011-07-11 00:00:00,Índice del mercado bursátil colombiano - COLCAP,1612.67,-43.69,-2.6377
08/09/2026 12:56:07,2011-07-12 00:00:00,Índice del mercado bursátil colombiano - COLCAP,1597.89,-14.78,-0.9165
08/09/2026 12:56:07,2011-07-13 00:00:00,Índice del mercado bursátil colombiano - COLCAP,1610.84,12.95,0.8104
08/09/2026 12:56:07,2011-07-14 00:00:00,Índice del mercado bursátil colombiano - COLCAP,1585.16,-25.68,-1.5942
08/09/2026 12:56:07,2011-07-15 00:00:00,Índice del mercado bursátil colombiano - COLCAP,1584.07,-1.09,-0.0688
08/09/2026 12:56:07,2011-07-18 00:00:00,Índice del mercado bursátil colombiano - COLCAP,1589.3,5.23,0.3302
08/09/2026 12:56:07,2011-07-19 00:00:00,Índice del mercado bursátil colombiano - COLCAP,1628.2,38.9,2.4476
08/09/2026 12:56:07,2011-07-21 00:00:00,Índice del mercado bursátil colombiano - COLCAP,1644.74,16.54,1.0158
08/09/2026 12:56:07,2011-07-22 00:00:00,Índice del mercado bursátil colombiano - COLCAP,1645.71,0.97,0.059
08/09/2026 12:56:07,2011-07-25 00:00:00,Índice del mercado bursátil colombiano - COLCAP,1655.68,9.97,0.6058
08/09/2026 12:56:07,2011-07-26 00:00:00,Índice del mercado bursátil colombiano - COLCAP,1664.25,8.57,0.5176
08/09/2026 12:56:07,2011-07-27 00:00:00,Índice del mercado bursátil colombiano - COLCAP,1652.59,-11.66,-0.7006
08/09/2026 12:56:07,2011-07-28 00:00:00,Índice del mercado bursátil colombiano - COLCAP,1671.32,18.73,1.1334
08/09/2026 12:56:07,2011-07-29 00:00:00,Índice del mercado bursátil colombiano - COLCAP,1659.39,-11.93,-0.7138
08/09/2026 12:56:07,2011-08-01 00:00:00,Índice del mercado bursátil colombiano - COLCAP,1669.63,10.24,0.6171
08/09/2026 12:56:07,2011-08-02 00:00:00,Índice del mercado bursátil colombiano - COLCAP,1658.98,-10.65,-0.6379
08/09/2026 12:56:07,2011-08-03 00:00:00,Índice del mercado bursátil colombiano - COLCAP,1651.57,-7.41,-0.4467
08/09/2026 12:56:07,2011-08-04 00:00:00,Índice del mercado bursátil colombiano - COLCAP,1601.41,-50.16,-3.0371
08/09/2026 12:56:07,2011-08-05 00:00:00,Índice del mercado bursátil colombiano - COLCAP,1588.1,-13.31,-0.8311
08/09/2026 12:56:07,2011-08-08 00:00:00,Índice del mercado bursátil colombiano - COLCAP,1535.48,-52.62,-3.3134
08/09/2026 12:56:07,2011-08-09 00:00:00,Índice del mercado bursátil colombiano - COLCAP,1578.06,42.58,2.7731
08/09/2026 12:56:07,2011-08-10 00:00:00,Índice del mercado bursátil colombiano - COLCAP,1582.2,4.14,0.2623
08/09/2026 12:56:07,2011-08-11 00:00:00,Índice del mercado bursátil colombiano - COLCAP,1600.32,18.12,1.1452
08/09/2026 12:56:07,2011-08-12 00:00:00,Índice del mercado bursátil colombiano - COLCAP,1611.13,10.81,0.6755
08/09/2026 12:56:07,2011-08-16 00:00:00,Índice del mercado bursátil colombiano - COLCAP,1620.63,9.5,0.5896
08/09/2026 12:56:07,2011-08-17 00:00:00,Índice del mercado bursátil colombiano - COLCAP,1624.14,3.51,0.2166
08/09/2026 12:56:07,2011-08-18 00:00:00,Índice del mercado bursátil colombiano - COLCAP,1581.3,-42.84,-2.6377
08/09/2026 12:56:07,2011-08-19 00:00:00,Índice del mercado bursátil colombiano - COLCAP,1573.1,-8.2,-0.5186
08/09/2026 12:56:07,2011-08-22 00:00:00,Índice del mercado bursátil colombiano - COLCAP,1572.63,-0.47,-0.0299
08/09/2026 12:56:07,2011-08-23 00:00:00,Índice del mercado bursátil colombiano - COLCAP,1594.98,22.35,1.4212
08/09/2026 12:56:07,2011-08-24 00:00:00,Índice del mercado bursátil colombiano - COLCAP,1606.58,11.6,0.7273
08/09/2026 12:56:07,2011-08-25 00:00:00,Índice del mercado bursátil colombiano - COLCAP,1597.83,-8.75,-0.5446
08/09/2026 12:56:07,2011-08-26 00:00:00,Índice del mercado bursátil colombiano - COLCAP,1598.55,0.72,0.0451
08/09/2026 12:56:07,2011-08-29 00:00:00,Índice del mercado bursátil colombiano - COLCAP,1621.76,23.21,1.4519
08/09/2026 12:56:07,2011-08-30 00:00:00,Índice del mercado bursátil colombiano - COLCAP,1642.79,21.03,1.2967
08/09/2026 12:56:07,2011-08-31 00:00:00,Índice del mercado bursátil colombiano - COLCAP,1642.04,-0.26,-0.0158
08/09/2026 12:56:07,2011-09-01 00:00:00,Índice del mercado bursátil colombiano - COLCAP,1642.9,0.37,0.0225
08/09/2026 12:56:07,2011-09-02 00:00:00,Índice del mercado bursátil colombiano - COLCAP,1642.54,-0.36,-0.0219
08/09/2026 12:56:07,2011-09-05 00:00:00,Índice del mercado bursátil colombiano - COLCAP,1610.98,-31.56,-1.9214
08/09/2026 12:56:07,2011-09-06 00:00:00,Índice del mercado bursátil colombiano - COLCAP,1634.33,23.35,1.4494
08/09/2026 12:56:07,2011-09-07 00:00:00,Índice del mercado bursátil colombiano - COLCAP,1646.88,12.55,0.7679
08/09/2026 12:56:07,2011-09-08 00:00:00,Índice del mercado bursátil colombiano - COLCAP,1645.06,-1.82,-0.1105
08/09/2026 12:56:07,2011-09-09 00:00:00,Índice del mercado bursátil colombiano - COLCAP,1631.87,-13.19,-0.8018
08/09/2026 12:56:07,2011-09-12 00:00:00,Índice del mercado bursátil colombiano - COLCAP,1629.9,-1.97,-0.1207
08/09/2026 12:56:07,2011-09-13 00:00:00,Índice del mercado bursátil colombiano - COLCAP,1634.16,4.26,0.2614
08/09/2026 12:56:07,2011-09-14 00:00:00,Índice del mercado bursátil colombiano - COLCAP,1640.37,6.21,0.38
08/09/2026 12:56:07,2011-09-15 00:00:00,Índice del mercado bursátil colombiano - COLCAP,1659.03,18.66,1.1375
08/09/2026 12:56:07,2011-09-16 00:00:00,Índice del mercado bursátil colombiano - COLCAP,1684.37,25.34,1.5274
08/09/2026 12:56:07,2011-09-19 00:00:00,Índice del mercado bursátil colombiano - COLCAP,1680.37,-4,-0.2375
08/09/2026 12:56:07,2011-09-20 00:00:00,Índice del mercado bursátil colombiano - COLCAP,1676.51,-3.86,-0.2297
08/09/2026 12:56:07,2011-09-21 00:00:00,Índice del mercado bursátil colombiano - COLCAP,1656.33,-20.18,-1.2037
08/09/2026 12:56:07,2011-09-22 00:00:00,Índice del mercado bursátil colombiano - COLCAP,1607.91,-48.42,-2.9233
08/09/2026 12:56:07,2011-09-23 00:00:00,Índice del mercado bursátil colombiano - COLCAP,1593.69,-14.22,-0.8844
08/09/2026 12:56:07,2011-09-26 00:00:00,Índice del mercado bursátil colombiano - COLCAP,1584.3,-9.39,-0.5892
08/09/2026 12:56:07,2011-09-27 00:00:00,Índice del mercado bursátil colombiano - COLCAP,1593.65,9.35,0.5902
08/09/2026 12:56:07,2011-09-28 00:00:00,Índice del mercado bursátil colombiano - COLCAP,1586.55,-7.1,-0.4455
08/09/2026 12:56:07,2011-09-29 00:00:00,Índice del mercado bursátil colombiano - COLCAP,1602.97,16.42,1.035
08/09/2026 12:56:07,2011-09-30 00:00:00,Índice del mercado bursátil colombiano - COLCAP,1584.75,-18.22,-1.1366
08/09/2026 12:56:07,2011-10-03 00:00:00,Índice del mercado bursátil colombiano - COLCAP,1550.95,-33.8,-2.1328
08/09/2026 12:56:07,2011-10-04 00:00:00,Índice del mercado bursátil colombiano - COLCAP,1567.69,16.74,1.0793
08/09/2026 12:56:07,2011-10-05 00:00:00,Índice del mercado bursátil colombiano - COLCAP,1578.7,11.01,0.7023
08/09/2026 12:56:07,2011-10-06 00:00:00,Índice del mercado bursátil colombiano - COLCAP,1589.68,10.98,0.6955
08/09/2026 12:56:07,2011-10-07 00:00:00,Índice del mercado bursátil colombiano - COLCAP,1583.86,-5.82,-0.3661
08/09/2026 12:56:07,2011-10-10 00:00:00,Índice del mercado bursátil colombiano - COLCAP,1602.25,18.39,1.1611
08/09/2026 12:56:07,2011-10-11 00:00:00,Índice del mercado bursátil colombiano - COLCAP,1596.7,-5.55,-0.3464
08/09/2026 12:56:07,2011-10-12 00:00:00,Índice del mercado bursátil colombiano - COLCAP,1610.92,14.22,0.8906
08/09/2026 12:56:07,2011-10-13 00:00:00,Índice del mercado bursátil colombiano - COLCAP,1612.34,1.42,0.0881
08/09/2026 12:56:07,2011-10-14 00:00:00,Índice del mercado bursátil colombiano - COLCAP,1618.42,6.08,0.3771
08/09/2026 12:56:07,2011-10-18 00:00:00,Índice del mercado bursátil colombiano - COLCAP,1627.69,9.27,0.5728
08/09/2026 12:56:07,2011-10-19 00:00:00,Índice del mercado bursátil colombiano - COLCAP,1615.59,-12.1,-0.7434
08/09/2026 12:56:07,2011-10-20 00:00:00,Índice del mercado bursátil colombiano - COLCAP,1619.15,3.56,0.2204
08/09/2026 12:56:07,2011-10-21 00:00:00,Índice del mercado bursátil colombiano - COLCAP,1627.27,8.12,0.5015
08/09/2026 12:56:07,2011-10-24 00:00:00,Índice del mercado bursátil colombiano - COLCAP,1634.43,7.16,0.44
08/09/2026 12:56:07,2011-10-25 00:00:00,Índice del mercado bursátil colombiano - COLCAP,1620.98,-13.45,-0.8229
08/09/2026 12:56:07,2011-10-26 00:00:00,Índice del mercado bursátil colombiano - COLCAP,1623.33,2.35,0.145
08/09/2026 12:56:07,2011-10-27 00:00:00,Índice del mercado bursátil colombiano - COLCAP,1639.95,16.62,1.0238
08/09/2026 12:56:07,2011-10-28 00:00:00,Índice del mercado bursátil colombiano - COLCAP,1636.5,-3.45,-0.2104
08/09/2026 12:56:07,2011-10-31 00:00:00,Índice del mercado bursátil colombiano - COLCAP,1622.23,-14.27,-0.872
08/09/2026 12:56:07,2011-11-01 00:00:00,Índice del mercado bursátil colombiano - COLCAP,1597.17,-25.06,-1.5448
08/09/2026 12:56:07,2011-11-02 00:00:00,Índice del mercado bursátil colombiano - COLCAP,1595.2,-1.97,-0.1233
08/09/2026 12:56:07,2011-11-03 00:00:00,Índice del mercado bursátil colombiano - COLCAP,1609.71,14.51,0.9096
08/09/2026 12:56:07,2011-11-04 00:00:00,Índice del mercado bursátil colombiano - COLCAP,1600.14,-9.57,-0.5945
08/09/2026 12:56:07,2011-11-08 00:00:00,Índice del mercado bursátil colombiano - COLCAP,1606.91,6.77,0.4231
08/09/2026 12:56:07,2011-11-09 00:00:00,Índice del mercado bursátil colombiano - COLCAP,1581.37,-25.54,-1.5894
08/09/2026 12:56:07,2011-11-10 00:00:00,Índice del mercado bursátil colombiano - COLCAP,1573.5,-7.87,-0.4977
08/09/2026 12:56:07,2011-11-11 00:00:00,Índice del mercado bursátil colombiano - COLCAP,1582.14,8.64,0.5491
08/09/2026 12:56:07,2011-11-15 00:00:00,Índice del mercado bursátil colombiano - COLCAP,1579.39,-2.75,-0.1738
08/09/2026 12:56:07,2011-11-16 00:00:00,Índice del mercado bursátil colombiano - COLCAP,1571.96,-7.43,-0.4704
08/09/2026 12:56:07,2011-11-17 00:00:00,Índice del mercado bursátil colombiano - COLCAP,1570.15,-1.81,-0.1151
08/09/2026 12:56:07,2011-11-18 00:00:00,Índice del mercado bursátil colombiano - COLCAP,1562.55,-7.6,-0.484
08/09/2026 12:56:07,2011-11-21 00:00:00,Índice del mercado bursátil colombiano - COLCAP,1545.32,-17.23,-1.1027
08/09/2026 12:56:07,2011-11-22 00:00:00,Índice del mercado bursátil colombiano - COLCAP,1544.24,-1.08,-0.0699
08/09/2026 12:56:07,2011-11-23 00:00:00,Índice del mercado bursátil colombiano - COLCAP,1496.65,-47.59,-3.0818
08/09/2026 12:56:07,2011-11-24 00:00:00,Índice del mercado bursátil colombiano - COLCAP,1492.3,-4.35,-0.2906
08/09/2026 12:56:07,2011-11-25 00:00:00,Índice del mercado bursátil colombiano - COLCAP,1482.59,-9.71,-0.6507
08/09/2026 12:56:07,2011-11-28 00:00:00,Índice del mercado bursátil colombiano - COLCAP,1512.95,30.36,2.0478
08/09/2026 12:56:07,2011-11-29 00:00:00,Índice del mercado bursátil colombiano - COLCAP,1525.05,12.1,0.7998
08/09/2026 12:56:07,2011-11-30 00:00:00,Índice del mercado bursátil colombiano - COLCAP,1561.07,36.02,2.3619
08/09/2026 12:56:07,2011-12-01 00:00:00,Índice del mercado bursátil colombiano - COLCAP,1575.56,14.49,0.9282
08/09/2026 12:56:07,2011-12-02 00:00:00,Índice del mercado bursátil colombiano - COLCAP,1586.85,11.29,0.7166
08/09/2026 12:56:07,2011-12-05 00:00:00,Índice del mercado bursátil colombiano - COLCAP,1574.81,-12.04,-0.7587
08/09/2026 12:56:07,2011-12-06 00:00:00,Índice del mercado bursátil colombiano - COLCAP,1544.21,-30.6,-1.9431
08/09/2026 12:56:07,2011-12-07 00:00:00,Índice del mercado bursátil colombiano - COLCAP,1576.49,32.28,2.0904
08/09/2026 12:56:07,2011-12-09 00:00:00,Índice del mercado bursátil colombiano - COLCAP,1577.86,1.37,0.0869
08/09/2026 12:56:07,2011-12-12 00:00:00,Índice del mercado bursátil colombiano - COLCAP,1572.06,-5.8,-0.3676
08/09/2026 12:56:07,2011-12-13 00:00:00,Índice del mercado bursátil colombiano - COLCAP,1568.09,-3.97,-0.2525
08/09/2026 12:56:07,2011-12-14 00:00:00,Índice del mercado bursátil colombiano - COLCAP,1546.37,-21.72,-1.3851
08/09/2026 12:56:07,2011-12-15 00:00:00,Índice del mercado bursátil colombiano - COLCAP,1541.9,-4.47,-0.2891
08/09/2026 12:56:07,2011-12-16 00:00:00,Índice del mercado bursátil colombiano - COLCAP,1571.89,29.99,1.945
08/09/2026 12:56:07,2011-12-19 00:00:00,Índice del mercado bursátil colombiano - COLCAP,1561.06,-10.83,-0.689
08/09/2026 12:56:07,2011-12-20 00:00:00,Índice del mercado bursátil colombiano - COLCAP,1579.47,18.41,1.1793
08/09/2026 12:56:07,2011-12-21 00:00:00,Índice del mercado bursátil colombiano - COLCAP,1586.41,6.94,0.4394
08/09/2026 12:56:07,2011-12-22 00:00:00,Índice del mercado bursátil colombiano - COLCAP,1599.74,13.33,0.8403
08/09/2026 12:56:07,2011-12-23 00:00:00,Índice del mercado bursátil colombiano - COLCAP,1600.4,0.66,0.0413
08/09/2026 12:56:07,2011-12-26 00:00:00,Índice del mercado bursátil colombiano - COLCAP,1592.11,-8.29,-0.518
08/09/2026 12:56:07,2011-12-27 00:00:00,Índice del mercado bursátil colombiano - COLCAP,1584.91,-7.2,-0.4522
08/09/2026 12:56:07,2011-12-28 00:00:00,Índice del mercado bursátil colombiano - COLCAP,1589.38,4.47,0.282
08/09/2026 12:56:07,2011-12-29 00:00:00,Índice del mercado bursátil colombiano - COLCAP,1571.55,-17.83,-1.1218
08/09/2026 12:56:07,2012-01-02 00:00:00,Índice del mercado bursátil colombiano - COLCAP,1577.71,6.16,0.392
08/09/2026 12:56:07,2012-01-03 00:00:00,Índice del mercado bursátil colombiano - COLCAP,1601.87,24.16,1.5313
08/09/2026 12:56:07,2012-01-04 00:00:00,Índice del mercado bursátil colombiano - COLCAP,1606.48,4.61,0.2878
08/09/2026 12:56:07,2012-01-05 00:00:00,Índice del mercado bursátil colombiano - COLCAP,1606.09,-0.39,-0.0243
08/09/2026 12:56:07,2012-01-06 00:00:00,Índice del mercado bursátil colombiano - COLCAP,1599.69,-6.4,-0.3985
08/09/2026 12:56:07,2012-01-10 00:00:00,Índice del mercado bursátil colombiano - COLCAP,1618.88,19.19,1.1996
08/09/2026 12:56:07,2012-01-11 00:00:00,Índice del mercado bursátil colombiano - COLCAP,1609.94,-8.94,-0.5522
08/09/2026 12:56:07,2012-01-12 00:00:00,Índice del mercado bursátil colombiano - COLCAP,1585.81,-24.13,-1.4988
08/09/2026 12:56:07,2012-01-13 00:00:00,Índice del mercado bursátil colombiano - COLCAP,1592.82,7.01,0.442
08/09/2026 12:56:07,2012-01-16 00:00:00,Índice del mercado bursátil colombiano - COLCAP,1578.22,-14.6,-0.9166
08/09/2026 12:56:07,2012-01-17 00:00:00,Índice del mercado bursátil colombiano - COLCAP,1597.95,19.73,1.2501
08/09/2026 12:56:07,2012-01-18 00:00:00,Índice del mercado bursátil colombiano - COLCAP,1613.67,15.72,0.9838
08/09/2026 12:56:07,2012-01-19 00:00:00,Índice del mercado bursátil colombiano - COLCAP,1606.49,-7.18,-0.4449
08/09/2026 12:56:07,2012-01-20 00:00:00,Índice del mercado bursátil colombiano - COLCAP,1607.26,0.77,0.0479
08/09/2026 12:56:07,2012-01-23 00:00:00,Índice del mercado bursátil colombiano - COLCAP,1609.92,2.66,0.1655
08/09/2026 12:56:07,2012-01-24 00:00:00,Índice del mercado bursátil colombiano - COLCAP,1605.29,-4.63,-0.2876
08/09/2026 12:56:07,2012-01-25 00:00:00,Índice del mercado bursátil colombiano - COLCAP,1602.73,-2.56,-0.1595
08/09/2026 12:56:07,2012-01-26 00:00:00,Índice del mercado bursátil colombiano - COLCAP,1601.27,-1.46,-0.0911
08/09/2026 12:56:07,2012-01-27 00:00:00,Índice del mercado bursátil colombiano - COLCAP,1595.77,-5.5,-0.3435
08/09/2026 12:56:07,2012-01-30 00:00:00,Índice del mercado bursátil colombiano - COLCAP,1614.01,18.24,1.143
08/09/2026 12:56:07,2012-01-31 00:00:00,Índice del mercado bursátil colombiano - COLCAP,1633.62,19.61,1.215
08/09/2026 12:56:07,2012-02-01 00:00:00,Índice del mercado bursátil colombiano - COLCAP,1634,0.38,0.0233
08/09/2026 12:56:07,2012-02-02 00:00:00,Índice del mercado bursátil colombiano - COLCAP,1642.73,8.73,0.5343
08/09/2026 12:56:07,2012-02-03 00:00:00,Índice del mercado bursátil colombiano - COLCAP,1643.43,0.7,0.0426
08/09/2026 12:56:07,2012-02-06 00:00:00,Índice del mercado bursátil colombiano - COLCAP,1642.15,-1.28,-0.0779
08/09/2026 12:56:07,2012-02-07 00:00:00,Índice del mercado bursátil colombiano - COLCAP,1649.71,7.56,0.4604
08/09/2026 12:56:07,2012-02-08 00:00:00,Índice del mercado bursátil colombiano - COLCAP,1655.43,5.72,0.3467
08/09/2026 12:56:07,2012-02-09 00:00:00,Índice del mercado bursátil colombiano - COLCAP,1658.67,3.24,0.1957
08/09/2026 12:56:07,2012-02-10 00:00:00,Índice del mercado bursátil colombiano - COLCAP,1657.28,-1.39,-0.0838
08/09/2026 12:56:07,2012-02-13 00:00:00,Índice del mercado bursátil colombiano - COLCAP,1669.47,12.19,0.7355
08/09/2026 12:56:07,2012-02-14 00:00:00,Índice del mercado bursátil colombiano - COLCAP,1674.22,4.75,0.2845
08/09/2026 12:56:07,2012-02-15 00:00:00,Índice del mercado bursátil colombiano - COLCAP,1677.16,2.94,0.1756
08/09/2026 12:56:07,2012-02-16 00:00:00,Índice del mercado bursátil colombiano - COLCAP,1705.02,27.86,1.6611
08/09/2026 12:56:07,2012-02-17 00:00:00,Índice del mercado bursátil colombiano - COLCAP,1710.76,5.74,0.3367
08/09/2026 12:56:07,2012-02-20 00:00:00,Índice del mercado bursátil colombiano - COLCAP,1714.26,3.5,0.2046
08/09/2026 12:56:07,2012-02-21 00:00:00,Índice del mercado bursátil colombiano - COLCAP,1700.22,-14.04,-0.819
08/09/2026 12:56:07,2012-02-22 00:00:00,Índice del mercado bursátil colombiano - COLCAP,1703.29,3.07,0.1806
08/09/2026 12:56:07,2012-02-23 00:00:00,Índice del mercado bursátil colombiano - COLCAP,1720.51,17.22,1.011
08/09/2026 12:56:07,2012-02-24 00:00:00,Índice del mercado bursátil colombiano - COLCAP,1718.51,-2,-0.1162
08/09/2026 12:56:07,2012-02-27 00:00:00,Índice del mercado bursátil colombiano - COLCAP,1706.7,-11.81,-0.6872
08/09/2026 12:56:07,2012-02-28 00:00:00,Índice del mercado bursátil colombiano - COLCAP,1698.81,-7.89,-0.4623
08/09/2026 12:56:07,2012-02-29 00:00:00,Índice del mercado bursátil colombiano - COLCAP,1730.46,31.65,1.8631
08/09/2026 12:56:07,2012-03-01 00:00:00,Índice del mercado bursátil colombiano - COLCAP,1740.64,10.18,0.5883
08/09/2026 12:56:07,2012-03-02 00:00:00,Índice del mercado bursátil colombiano - COLCAP,1739.94,-0.7,-0.0402
08/09/2026 12:56:07,2012-03-05 00:00:00,Índice del mercado bursátil colombiano - COLCAP,1735.25,-4.69,-0.2695
08/09/2026 12:56:07,2012-03-06 00:00:00,Índice del mercado bursátil colombiano - COLCAP,1707.85,-27.4,-1.579
08/09/2026 12:56:07,2012-03-07 00:00:00,Índice del mercado bursátil colombiano - COLCAP,1712.59,4.74,0.2775
08/09/2026 12:56:07,2012-03-08 00:00:00,Índice del mercado bursátil colombiano - COLCAP,1724.74,12.15,0.7095
08/09/2026 12:56:07,2012-03-09 00:00:00,Índice del mercado bursátil colombiano - COLCAP,1724.62,-0.12,-0.007
08/09/2026 12:56:07,2012-03-12 00:00:00,Índice del mercado bursátil colombiano - COLCAP,1718.86,-5.76,-0.334
08/09/2026 12:56:07,2012-03-13 00:00:00,Índice del mercado bursátil colombiano - COLCAP,1747.23,28.37,1.6505
08/09/2026 12:56:07,2012-03-14 00:00:00,Índice del mercado bursátil colombiano - COLCAP,1740.55,-6.68,-0.3823
08/09/2026 12:56:07,2012-03-15 00:00:00,Índice del mercado bursátil colombiano - COLCAP,1739.08,-1.47,-0.0845
08/09/2026 12:56:07,2012-03-16 00:00:00,Índice del mercado bursátil colombiano - COLCAP,1705,-34.08,-1.9597
08/09/2026 12:56:07,2012-03-20 00:00:00,Índice del mercado bursátil colombiano - COLCAP,1713.25,8.25,0.4839
08/09/2026 12:56:07,2012-03-21 00:00:00,Índice del mercado bursátil colombiano - COLCAP,1714.28,1.03,0.0601
08/09/2026 12:56:07,2012-03-22 00:00:00,Índice del mercado bursátil colombiano - COLCAP,1706.08,-8.2,-0.4783
08/09/2026 12:56:07,2012-03-23 00:00:00,Índice del mercado bursátil colombiano - COLCAP,1732.23,26.15,1.5328
08/09/2026 12:56:07,2012-03-26 00:00:00,Índice del mercado bursátil colombiano - COLCAP,1747.8,15.57,0.8988
08/09/2026 12:56:07,2012-03-27 00:00:00,Índice del mercado bursátil colombiano - COLCAP,1736.81,-10.99,-0.6288
08/09/2026 12:56:07,2012-03-28 00:00:00,Índice del mercado bursátil colombiano - COLCAP,1737.36,0.55,0.0317
08/09/2026 12:56:07,2012-03-29 00:00:00,Índice del mercado bursátil colombiano - COLCAP,1751.47,14.11,0.8122
08/09/2026 12:56:07,2012-03-30 00:00:00,Índice del mercado bursátil colombiano - COLCAP,1743.63,-7.84,-0.4476
08/09/2026 12:56:07,2012-04-02 00:00:00,Índice del mercado bursátil colombiano - COLCAP,1741.76,-1.87,-0.1072
08/09/2026 12:56:07,2012-04-03 00:00:00,Índice del mercado bursátil colombiano - COLCAP,1741.87,0.11,0.0063
08/09/2026 12:56:07,2012-04-04 00:00:00,Índice del mercado bursátil colombiano - COLCAP,1742.9,1.03,0.0591
08/09/2026 12:56:07,2012-04-09 00:00:00,Índice del mercado bursátil colombiano - COLCAP,1744.02,1.12,0.0643
08/09/2026 12:56:07,2012-04-10 00:00:00,Índice del mercado bursátil colombiano - COLCAP,1739.48,-4.54,-0.2603
08/09/2026 12:56:07,2012-04-11 00:00:00,Índice del mercado bursátil colombiano - COLCAP,1755.43,15.95,0.9169
08/09/2026 12:56:07,2012-04-12 00:00:00,Índice del mercado bursátil colombiano - COLCAP,1756.27,0.84,0.0479
08/09/2026 12:56:07,2012-04-13 00:00:00,Índice del mercado bursátil colombiano - COLCAP,1748.7,-7.57,-0.431
08/09/2026 12:56:07,2012-04-16 00:00:00,Índice del mercado bursátil colombiano - COLCAP,1761.03,12.33,0.7051
08/09/2026 12:56:07,2012-04-17 00:00:00,Índice del mercado bursátil colombiano - COLCAP,1765.55,4.52,0.2567
08/09/2026 12:56:07,2012-04-18 00:00:00,Índice del mercado bursátil colombiano - COLCAP,1762.93,-2.62,-0.1484
08/09/2026 12:56:07,2012-04-19 00:00:00,Índice del mercado bursátil colombiano - COLCAP,1750.7,-12.23,-0.6937
08/09/2026 12:56:07,2012-04-23 00:00:00,Índice del mercado bursátil colombiano - COLCAP,1746.29,-8.27,-0.4713
08/09/2026 12:56:07,2012-04-24 00:00:00,Índice del mercado bursátil colombiano - COLCAP,1736.95,-9.34,-0.5348
08/09/2026 12:56:07,2012-04-25 00:00:00,Índice del mercado bursátil colombiano - COLCAP,1749.43,12.48,0.7185
08/09/2026 12:56:07,2012-04-26 00:00:00,Índice del mercado bursátil colombiano - COLCAP,1759.62,10.19,0.5825
08/09/2026 12:56:07,2012-04-27 00:00:00,Índice del mercado bursátil colombiano - COLCAP,1769.49,9.87,0.5609
08/09/2026 12:56:07,2012-04-30 00:00:00,Índice del mercado bursátil colombiano - COLCAP,1785.66,16.17,0.9138
08/09/2026 12:56:07,2012-05-02 00:00:00,Índice del mercado bursátil colombiano - COLCAP,1814.12,28.46,1.5938
08/09/2026 12:56:07,2012-05-03 00:00:00,Índice del mercado bursátil colombiano - COLCAP,1812.08,-2.04,-0.1125
08/09/2026 12:56:07,2012-05-04 00:00:00,Índice del mercado bursátil colombiano - COLCAP,1799.25,-12.83,-0.708
08/09/2026 12:56:07,2012-05-07 00:00:00,Índice del mercado bursátil colombiano - COLCAP,1802.34,3.09,0.1717
08/09/2026 12:56:07,2012-05-08 00:00:00,Índice del mercado bursátil colombiano - COLCAP,1796.45,-5.89,-0.3268
08/09/2026 12:56:07,2012-05-09 00:00:00,Índice del mercado bursátil colombiano - COLCAP,1793.63,-2.82,-0.157
08/09/2026 12:56:07,2012-05-10 00:00:00,Índice del mercado bursátil colombiano - COLCAP,1779.53,-14.1,-0.7861
08/09/2026 12:56:07,2012-05-11 00:00:00,Índice del mercado bursátil colombiano - COLCAP,1775.8,-3.73,-0.2096
08/09/2026 12:56:07,2012-05-14 00:00:00,Índice del mercado bursátil colombiano - COLCAP,1740.03,-35.77,-2.0143
08/09/2026 12:56:07,2012-05-15 00:00:00,Índice del mercado bursátil colombiano - COLCAP,1733.67,-6.36,-0.3655
08/09/2026 12:56:07,2012-05-16 00:00:00,Índice del mercado bursátil colombiano - COLCAP,1737.27,3.6,0.2077
08/09/2026 12:56:07,2012-05-17 00:00:00,Índice del mercado bursátil colombiano - COLCAP,1707.1,-30.17,-1.7366
08/09/2026 12:56:07,2012-05-18 00:00:00,Índice del mercado bursátil colombiano - COLCAP,1715.45,8.35,0.4891
08/09/2026 12:56:07,2012-05-22 00:00:00,Índice del mercado bursátil colombiano - COLCAP,1732.77,17.32,1.0096
08/09/2026 12:56:07,2012-05-23 00:00:00,Índice del mercado bursátil colombiano - COLCAP,1727.34,-5.43,-0.3134
08/09/2026 12:56:07,2012-05-24 00:00:00,Índice del mercado bursátil colombiano - COLCAP,1720.08,-7.26,-0.4203
08/09/2026 12:56:07,2012-05-25 00:00:00,Índice del mercado bursátil colombiano - COLCAP,1713.33,-6.75,-0.3924
08/09/2026 12:56:07,2012-05-28 00:00:00,Índice del mercado bursátil colombiano - COLCAP,1701.09,-12.24,-0.7144
08/09/2026 12:56:07,2012-05-29 00:00:00,Índice del mercado bursátil colombiano - COLCAP,1712.03,10.94,0.6431
08/09/2026 12:56:07,2012-05-30 00:00:00,Índice del mercado bursátil colombiano - COLCAP,1693.06,-18.97,-1.108
08/09/2026 12:56:07,2012-05-31 00:00:00,Índice del mercado bursátil colombiano - COLCAP,1726.55,33.49,1.9781
08/09/2026 12:56:07,2012-06-01 00:00:00,Índice del mercado bursátil colombiano - COLCAP,1680.44,-46.11,-2.6706
08/09/2026 12:56:07,2012-06-04 00:00:00,Índice del mercado bursátil colombiano - COLCAP,1664.04,-16.4,-0.9759
08/09/2026 12:56:07,2012-06-05 00:00:00,Índice del mercado bursátil colombiano - COLCAP,1660.65,-3.39,-0.2037
08/09/2026 12:56:07,2012-06-06 00:00:00,Índice del mercado bursátil colombiano - COLCAP,1673.34,12.69,0.7642
08/09/2026 12:56:07,2012-06-07 00:00:00,Índice del mercado bursátil colombiano - COLCAP,1676.44,3.1,0.1853
08/09/2026 12:56:07,2012-06-08 00:00:00,Índice del mercado bursátil colombiano - COLCAP,1672.84,-3.6,-0.2147
08/09/2026 12:56:07,2012-06-12 00:00:00,Índice del mercado bursátil colombiano - COLCAP,1656.57,-16.27,-0.9726
08/09/2026 12:56:07,2012-06-13 00:00:00,Índice del mercado bursátil colombiano - COLCAP,1653.02,-3.55,-0.2143
08/09/2026 12:56:07,2012-06-14 00:00:00,Índice del mercado bursátil colombiano - COLCAP,1665.18,12.16,0.7356
08/09/2026 12:56:07,2012-06-15 00:00:00,Índice del mercado bursátil colombiano - COLCAP,1649.5,-15.68,-0.9416
08/09/2026 12:56:07,2012-06-19 00:00:00,Índice del mercado bursátil colombiano - COLCAP,1676.53,27.03,1.6387
08/09/2026 12:56:07,2012-06-20 00:00:00,Índice del mercado bursátil colombiano - COLCAP,1686.6,10.07,0.6006
08/09/2026 12:56:07,2012-06-21 00:00:00,Índice del mercado bursátil colombiano - COLCAP,1638.93,-47.67,-2.8264
08/09/2026 12:56:07,2012-06-22 00:00:00,Índice del mercado bursátil colombiano - COLCAP,1633.51,-5.42,-0.3307
08/09/2026 12:56:07,2012-06-25 00:00:00,Índice del mercado bursátil colombiano - COLCAP,1593.97,-39.54,-2.4206
08/09/2026 12:56:07,2012-06-26 00:00:00,Índice del mercado bursátil colombiano - COLCAP,1595.32,1.35,0.0847
08/09/2026 12:56:07,2012-06-27 00:00:00,Índice del mercado bursátil colombiano - COLCAP,1626.87,31.55,1.9777
08/09/2026 12:56:07,2012-06-28 00:00:00,Índice del mercado bursátil colombiano - COLCAP,1610.49,-16.38,-1.0068
08/09/2026 12:56:07,2012-06-29 00:00:00,Índice del mercado bursátil colombiano - COLCAP,1640.01,29.52,1.833
08/09/2026 12:56:07,2012-07-03 00:00:00,Índice del mercado bursátil colombiano - COLCAP,1669.72,29.71,1.8116
08/09/2026 12:56:07,2012-07-04 00:00:00,Índice del mercado bursátil colombiano - COLCAP,1666.75,-2.97,-0.1779
08/09/2026 12:56:07,2012-07-05 00:00:00,Índice del mercado bursátil colombiano - COLCAP,1673.3,6.55,0.393
08/09/2026 12:56:07,2012-07-06 00:00:00,Índice del mercado bursátil colombiano - COLCAP,1667.44,-5.86,-0.3502
08/09/2026 12:56:07,2012-07-09 00:00:00,Índice del mercado bursátil colombiano - COLCAP,1660.33,-7.11,-0.4264
08/09/2026 12:56:07,2012-07-10 00:00:00,Índice del mercado bursátil colombiano - COLCAP,1654.13,-6.2,-0.3734
08/09/2026 12:56:07,2012-07-11 00:00:00,Índice del mercado bursátil colombiano - COLCAP,1666.08,11.95,0.7224
08/09/2026 12:56:07,2012-07-12 00:00:00,Índice del mercado bursátil colombiano - COLCAP,1644.65,-21.43,-1.2863
08/09/2026 12:56:07,2012-07-13 00:00:00,Índice del mercado bursátil colombiano - COLCAP,1657.84,13.19,0.802
08/09/2026 12:56:07,2012-07-16 00:00:00,Índice del mercado bursátil colombiano - COLCAP,1655.1,-2.74,-0.1653
08/09/2026 12:56:07,2012-07-17 00:00:00,Índice del mercado bursátil colombiano - COLCAP,1660.46,5.36,0.3238
08/09/2026 12:56:07,2012-07-18 00:00:00,Índice del mercado bursátil colombiano - COLCAP,1665.54,5.08,0.3059
08/09/2026 12:56:07,2012-07-19 00:00:00,Índice del mercado bursátil colombiano - COLCAP,1671.02,5.48,0.329
08/09/2026 12:56:07,2012-07-23 00:00:00,Índice del mercado bursátil colombiano - COLCAP,1658.12,-12.9,-0.772
08/09/2026 12:56:07,2012-07-24 00:00:00,Índice del mercado bursátil colombiano - COLCAP,1658.8,0.68,0.041
08/09/2026 12:56:07,2012-07-25 00:00:00,Índice del mercado bursátil colombiano - COLCAP,1642.76,-16.04,-0.967
08/09/2026 12:56:07,2012-07-26 00:00:00,Índice del mercado bursátil colombiano - COLCAP,1650.02,7.26,0.4419
08/09/2026 12:56:07,2012-07-27 00:00:00,Índice del mercado bursátil colombiano - COLCAP,1684.97,34.95,2.1182
08/09/2026 12:56:07,2012-07-30 00:00:00,Índice del mercado bursátil colombiano - COLCAP,1683.09,-1.88,-0.1116
08/09/2026 12:56:07,2012-07-31 00:00:00,Índice del mercado bursátil colombiano - COLCAP,1673.87,-9.22,-0.5478
08/09/2026 12:56:07,2012-08-01 00:00:00,Índice del mercado bursátil colombiano - COLCAP,1668.16,-5.71,-0.3411
08/09/2026 12:56:07,2012-08-02 00:00:00,Índice del mercado bursátil colombiano - COLCAP,1651.66,-16.5,-0.9891
08/09/2026 12:56:07,2012-08-03 00:00:00,Índice del mercado bursátil colombiano - COLCAP,1644.62,-7.04,-0.4262
08/09/2026 12:56:07,2012-08-06 00:00:00,Índice del mercado bursátil colombiano - COLCAP,1638.69,-5.93,-0.3606
08/09/2026 12:56:07,2012-08-08 00:00:00,Índice del mercado bursátil colombiano - COLCAP,1612.62,-26.07,-1.5909
08/09/2026 12:56:07,2012-08-09 00:00:00,Índice del mercado bursátil colombiano - COLCAP,1652.22,39.6,2.4556
08/09/2026 12:56:07,2012-08-10 00:00:00,Índice del mercado bursátil colombiano - COLCAP,1661.68,9.46,0.5726
08/09/2026 12:56:07,2012-08-13 00:00:00,Índice del mercado bursátil colombiano - COLCAP,1656.32,-5.36,-0.3226
08/09/2026 12:56:07,2012-08-14 00:00:00,Índice del mercado bursátil colombiano - COLCAP,1667.12,10.8,0.652
08/09/2026 12:56:07,2012-08-15 00:00:00,Índice del mercado bursátil colombiano - COLCAP,1678.45,11.33,0.6796
08/09/2026 12:56:07,2012-08-16 00:00:00,Índice del mercado bursátil colombiano - COLCAP,1684.47,6.02,0.3587
08/09/2026 12:56:07,2012-08-17 00:00:00,Índice del mercado bursátil colombiano - COLCAP,1686.75,2.28,0.1354
08/09/2026 12:56:07,2012-08-21 00:00:00,Índice del mercado bursátil colombiano - COLCAP,1673.75,-13,-0.7707
08/09/2026 12:56:07,2012-08-22 00:00:00,Índice del mercado bursátil colombiano - COLCAP,1677.78,4.03,0.2408
08/09/2026 12:56:07,2012-08-23 00:00:00,Índice del mercado bursátil colombiano - COLCAP,1679,1.22,0.0727
08/09/2026 12:56:07,2012-08-24 00:00:00,Índice del mercado bursátil colombiano - COLCAP,1672.59,-6.41,-0.3818
08/09/2026 12:56:07,2012-08-27 00:00:00,Índice del mercado bursátil colombiano - COLCAP,1675.66,3.07,0.1835
08/09/2026 12:56:07,2012-08-28 00:00:00,Índice del mercado bursátil colombiano - COLCAP,1683.2,7.54,0.45
08/09/2026 12:56:07,2012-08-29 00:00:00,Índice del mercado bursátil colombiano - COLCAP,1675.2,-8,-0.4753
08/09/2026 12:56:07,2012-08-30 00:00:00,Índice del mercado bursátil colombiano - COLCAP,1667.96,-7.24,-0.4322
08/09/2026 12:56:07,2012-08-31 00:00:00,Índice del mercado bursátil colombiano - COLCAP,1668.5,0.54,0.0324
08/09/2026 12:56:07,2012-09-03 00:00:00,Índice del mercado bursátil colombiano - COLCAP,1667.1,-1.4,-0.0839
08/09/2026 12:56:07,2012-09-04 00:00:00,Índice del mercado bursátil colombiano - COLCAP,1655.2,-11.9,-0.7138
08/09/2026 12:56:07,2012-09-05 00:00:00,Índice del mercado bursátil colombiano - COLCAP,1650.16,-5.04,-0.3045
08/09/2026 12:56:07,2012-09-06 00:00:00,Índice del mercado bursátil colombiano - COLCAP,1680.96,30.8,1.8665
08/09/2026 12:56:07,2012-09-07 00:00:00,Índice del mercado bursátil colombiano - COLCAP,1689.54,8.58,0.5104
08/09/2026 12:56:07,2012-09-10 00:00:00,Índice del mercado bursátil colombiano - COLCAP,1683.06,-6.48,-0.3835
08/09/2026 12:56:07,2012-09-11 00:00:00,Índice del mercado bursátil colombiano - COLCAP,1685.2,2.14,0.1271
08/09/2026 12:56:07,2012-09-12 00:00:00,Índice del mercado bursátil colombiano - COLCAP,1683.19,-2.01,-0.1193
08/09/2026 12:56:07,2012-09-13 00:00:00,Índice del mercado bursátil colombiano - COLCAP,1695.77,12.58,0.7474
08/09/2026 12:56:07,2012-09-14 00:00:00,Índice del mercado bursátil colombiano - COLCAP,1708.52,12.75,0.7519
08/09/2026 12:56:07,2012-09-17 00:00:00,Índice del mercado bursátil colombiano - COLCAP,1681.37,-27.15,-1.5891
08/09/2026 12:56:07,2012-09-18 00:00:00,Índice del mercado bursátil colombiano - COLCAP,1688.66,7.29,0.4336
08/09/2026 12:56:07,2012-09-19 00:00:00,Índice del mercado bursátil colombiano - COLCAP,1705.1,16.44,0.9736
08/09/2026 12:56:07,2012-09-20 00:00:00,Índice del mercado bursátil colombiano - COLCAP,1703.79,-1.31,-0.0768
08/09/2026 12:56:07,2012-09-21 00:00:00,Índice del mercado bursátil colombiano - COLCAP,1709.38,5.59,0.3281
08/09/2026 12:56:07,2012-09-24 00:00:00,Índice del mercado bursátil colombiano - COLCAP,1696.13,-13.25,-0.7751
08/09/2026 12:56:07,2012-09-25 00:00:00,Índice del mercado bursátil colombiano - COLCAP,1686.1,-10.03,-0.5913
08/09/2026 12:56:07,2012-09-26 00:00:00,Índice del mercado bursátil colombiano - COLCAP,1683.52,-2.58,-0.153
08/09/2026 12:56:07,2012-09-27 00:00:00,Índice del mercado bursátil colombiano - COLCAP,1695.75,12.23,0.7265
08/09/2026 12:56:07,2012-09-28 00:00:00,Índice del mercado bursátil colombiano - COLCAP,1681.08,-14.67,-0.8651
08/09/2026 12:56:07,2012-10-01 00:00:00,Índice del mercado bursátil colombiano - COLCAP,1683.4,2.32,0.138
08/09/2026 12:56:07,2012-10-02 00:00:00,Índice del mercado bursátil colombiano - COLCAP,1695.46,12.06,0.7164
08/09/2026 12:56:07,2012-10-03 00:00:00,Índice del mercado bursátil colombiano - COLCAP,1692.75,-2.71,-0.1598
08/09/2026 12:56:07,2012-10-04 00:00:00,Índice del mercado bursátil colombiano - COLCAP,1703.7,10.95,0.6469
08/09/2026 12:56:07,2012-10-05 00:00:00,Índice del mercado bursátil colombiano - COLCAP,1704.62,0.92,0.054
08/09/2026 12:56:07,2012-10-08 00:00:00,Índice del mercado bursátil colombiano - COLCAP,1702.03,-2.59,-0.1519
08/09/2026 12:56:07,2012-10-09 00:00:00,Índice del mercado bursátil colombiano - COLCAP,1695.89,-6.14,-0.3607
08/09/2026 12:56:07,2012-10-10 00:00:00,Índice del mercado bursátil colombiano - COLCAP,1698.16,2.27,0.1339
08/09/2026 12:56:07,2012-10-11 00:00:00,Índice del mercado bursátil colombiano - COLCAP,1700.28,2.12,0.1248
08/09/2026 12:56:07,2012-10-12 00:00:00,Índice del mercado bursátil colombiano - COLCAP,1706.5,6.22,0.3658
08/09/2026 12:56:07,2012-10-16 00:00:00,Índice del mercado bursátil colombiano - COLCAP,1721.62,15.12,0.886
08/09/2026 12:56:07,2012-10-17 00:00:00,Índice del mercado bursátil colombiano - COLCAP,1753.63,32.01,1.8593
08/09/2026 12:56:07,2012-10-18 00:00:00,Índice del mercado bursátil colombiano - COLCAP,1775.3,21.67,1.2357
08/09/2026 12:56:07,2012-10-19 00:00:00,Índice del mercado bursátil colombiano - COLCAP,1780.11,4.81,0.2709
08/09/2026 12:56:07,2012-10-22 00:00:00,Índice del mercado bursátil colombiano - COLCAP,1795.74,15.63,0.878
08/09/2026 12:56:07,2012-10-23 00:00:00,Índice del mercado bursátil colombiano - COLCAP,1790.49,-5.25,-0.2924
08/09/2026 12:56:07,2012-10-24 00:00:00,Índice del mercado bursátil colombiano - COLCAP,1795.58,5.09,0.2843
08/09/2026 12:56:07,2012-10-25 00:00:00,Índice del mercado bursátil colombiano - COLCAP,1832.14,36.56,2.0361
08/09/2026 12:56:07,2012-10-26 00:00:00,Índice del mercado bursátil colombiano - COLCAP,1830.06,-2.08,-0.1135
08/09/2026 12:56:07,2012-10-29 00:00:00,Índice del mercado bursátil colombiano - COLCAP,1835.82,5.76,0.3147
08/09/2026 12:56:07,2012-10-30 00:00:00,Índice del mercado bursátil colombiano - COLCAP,1813.4,-22.42,-1.2213
08/09/2026 12:56:07,2012-10-31 00:00:00,Índice del mercado bursátil colombiano - COLCAP,1809.93,-3.47,-0.1914
08/09/2026 12:56:07,2012-11-01 00:00:00,Índice del mercado bursátil colombiano - COLCAP,1771.46,-38.47,-2.1255
08/09/2026 12:56:07,2012-11-02 00:00:00,Índice del mercado bursátil colombiano - COLCAP,1754.39,-17.07,-0.9636
08/09/2026 12:56:07,2012-11-06 00:00:00,Índice del mercado bursátil colombiano - COLCAP,1742.77,-11.62,-0.6623
08/09/2026 12:56:07,2012-11-07 00:00:00,Índice del mercado bursátil colombiano - COLCAP,1700.88,-41.89,-2.4036
08/09/2026 12:56:07,2012-11-08 00:00:00,Índice del mercado bursátil colombiano - COLCAP,1745.4,44.52,2.6175
08/09/2026 12:56:07,2012-11-09 00:00:00,Índice del mercado bursátil colombiano - COLCAP,1749.79,4.39,0.2515
08/09/2026 12:56:07,2012-11-13 00:00:00,Índice del mercado bursátil colombiano - COLCAP,1743.09,-6.7,-0.3829
08/09/2026 12:56:07,2012-11-14 00:00:00,Índice del mercado bursátil colombiano - COLCAP,1730.7,-12.39,-0.7108
08/09/2026 12:56:07,2012-11-15 00:00:00,Índice del mercado bursátil colombiano - COLCAP,1741.54,10.84,0.6263
08/09/2026 12:56:07,2012-11-16 00:00:00,Índice del mercado bursátil colombiano - COLCAP,1739.37,-2.17,-0.1246
08/09/2026 12:56:07,2012-11-19 00:00:00,Índice del mercado bursátil colombiano - COLCAP,1743.83,4.46,0.2564
08/09/2026 12:56:07,2012-11-20 00:00:00,Índice del mercado bursátil colombiano - COLCAP,1743.33,-0.5,-0.0287
08/09/2026 12:56:07,2012-11-21 00:00:00,Índice del mercado bursátil colombiano - COLCAP,1748.26,4.93,0.2828
08/09/2026 12:56:07,2012-11-22 00:00:00,Índice del mercado bursátil colombiano - COLCAP,1746,-2.26,-0.1293
08/09/2026 12:56:07,2012-11-23 00:00:00,Índice del mercado bursátil colombiano - COLCAP,1743.39,-2.61,-0.1495
08/09/2026 12:56:07,2012-11-26 00:00:00,Índice del mercado bursátil colombiano - COLCAP,1735.06,-8.33,-0.4778
08/09/2026 12:56:07,2012-11-27 00:00:00,Índice del mercado bursátil colombiano - COLCAP,1733.01,-2.05,-0.1182
08/09/2026 12:56:07,2012-11-28 00:00:00,Índice del mercado bursátil colombiano - COLCAP,1738.19,5.18,0.2989
08/09/2026 12:56:07,2012-11-29 00:00:00,Índice del mercado bursátil colombiano - COLCAP,1747.27,9.08,0.5224
08/09/2026 12:56:07,2012-11-30 00:00:00,Índice del mercado bursátil colombiano - COLCAP,1759.53,12.26,0.7017
08/09/2026 12:56:07,2012-12-03 00:00:00,Índice del mercado bursátil colombiano - COLCAP,1767.42,7.89,0.4484
08/09/2026 12:56:07,2012-12-04 00:00:00,Índice del mercado bursátil colombiano - COLCAP,1773.75,6.33,0.3581
08/09/2026 12:56:07,2012-12-05 00:00:00,Índice del mercado bursátil colombiano - COLCAP,1792.97,19.22,1.0836
08/09/2026 12:56:07,2012-12-06 00:00:00,Índice del mercado bursátil colombiano - COLCAP,1796.93,3.96,0.2209
08/09/2026 12:56:07,2012-12-07 00:00:00,Índice del mercado bursátil colombiano - COLCAP,1800.19,3.26,0.1814
08/09/2026 12:56:07,2012-12-10 00:00:00,Índice del mercado bursátil colombiano - COLCAP,1803.63,3.44,0.1911
08/09/2026 12:56:07,2012-12-11 00:00:00,Índice del mercado bursátil colombiano - COLCAP,1814.31,10.68,0.5921
08/09/2026 12:56:07,2012-12-12 00:00:00,Índice del mercado bursátil colombiano - COLCAP,1818.73,4.42,0.2436
08/09/2026 12:56:07,2012-12-13 00:00:00,Índice del mercado bursátil colombiano - COLCAP,1812.26,-6.47,-0.3557
08/09/2026 12:56:07,2012-12-14 00:00:00,Índice del mercado bursátil colombiano - COLCAP,1806.78,-5.48,-0.3024
08/09/2026 12:56:07,2012-12-17 00:00:00,Índice del mercado bursátil colombiano - COLCAP,1808.61,1.83,0.1013
08/09/2026 12:56:07,2012-12-18 00:00:00,Índice del mercado bursátil colombiano - COLCAP,1809.56,0.95,0.0525
08/09/2026 12:56:07,2012-12-19 00:00:00,Índice del mercado bursátil colombiano - COLCAP,1821.91,12.35,0.6825
08/09/2026 12:56:07,2012-12-20 00:00:00,Índice del mercado bursátil colombiano - COLCAP,1815.15,-6.76,-0.371
08/09/2026 12:56:07,2012-12-21 00:00:00,Índice del mercado bursátil colombiano - COLCAP,1814.73,-0.42,-0.0231
08/09/2026 12:56:07,2012-12-24 00:00:00,Índice del mercado bursátil colombiano - COLCAP,1825.23,10.5,0.5786
08/09/2026 12:56:07,2012-12-26 00:00:00,Índice del mercado bursátil colombiano - COLCAP,1822.46,-2.77,-0.1518
08/09/2026 12:56:07,2012-12-27 00:00:00,Índice del mercado bursátil colombiano - COLCAP,1835.38,12.92,0.7089
08/09/2026 12:56:07,2012-12-28 00:00:00,Índice del mercado bursátil colombiano - COLCAP,1832.75,-2.63,-0.1433
08/09/2026 12:56:07,2013-01-02 00:00:00,Índice del mercado bursátil colombiano - COLCAP,1824.93,-7.82,-0.4267
08/09/2026 12:56:07,2013-01-03 00:00:00,Índice del mercado bursátil colombiano - COLCAP,1842.71,17.78,0.9743
08/09/2026 12:56:07,2013-01-04 00:00:00,Índice del mercado bursátil colombiano - COLCAP,1848.41,5.7,0.3093
08/09/2026 12:56:07,2013-01-08 00:00:00,Índice del mercado bursátil colombiano - COLCAP,1832.04,-16.37,-0.8856
08/09/2026 12:56:07,2013-01-09 00:00:00,Índice del mercado bursátil colombiano - COLCAP,1844.33,12.29,0.6708
08/09/2026 12:56:07,2013-01-10 00:00:00,Índice del mercado bursátil colombiano - COLCAP,1837.77,-6.56,-0.3557
08/09/2026 12:56:07,2013-01-11 00:00:00,Índice del mercado bursátil colombiano - COLCAP,1837.01,-0.76,-0.0414
08/09/2026 12:56:07,2013-01-14 00:00:00,Índice del mercado bursátil colombiano - COLCAP,1840.19,3.18,0.1731
08/09/2026 12:56:07,2013-01-15 00:00:00,Índice del mercado bursátil colombiano - COLCAP,1838.7,-1.49,-0.081
08/09/2026 12:56:07,2013-01-16 00:00:00,Índice del mercado bursátil colombiano - COLCAP,1841.42,2.72,0.1479
08/09/2026 12:56:07,2013-01-17 00:00:00,Índice del mercado bursátil colombiano - COLCAP,1833.38,-8.04,-0.4366
08/09/2026 12:56:07,2013-01-18 00:00:00,Índice del mercado bursátil colombiano - COLCAP,1845.22,11.84,0.6458
08/09/2026 12:56:07,2013-01-21 00:00:00,Índice del mercado bursátil colombiano - COLCAP,1843.72,-1.5,-0.0813
08/09/2026 12:56:07,2013-01-22 00:00:00,Índice del mercado bursátil colombiano - COLCAP,1852.93,9.21,0.4995
08/09/2026 12:56:07,2013-01-23 00:00:00,Índice del mercado bursátil colombiano - COLCAP,1856.36,3.43,0.1851
08/09/2026 12:56:07,2013-01-24 00:00:00,Índice del mercado bursátil colombiano - COLCAP,1863.83,7.47,0.4024
08/09/2026 12:56:07,2013-01-25 00:00:00,Índice del mercado bursátil colombiano - COLCAP,1866.62,2.79,0.1497
08/09/2026 12:56:07,2013-01-28 00:00:00,Índice del mercado bursátil colombiano - COLCAP,1859.88,-6.74,-0.3611
08/09/2026 12:56:07,2013-01-29 00:00:00,Índice del mercado bursátil colombiano - COLCAP,1867.65,7.77,0.4178
08/09/2026 12:56:07,2013-01-30 00:00:00,Índice del mercado bursátil colombiano - COLCAP,1869.98,2.33,0.1248
08/09/2026 12:56:07,2013-01-31 00:00:00,Índice del mercado bursátil colombiano - COLCAP,1866.21,-3.77,-0.2016
08/09/2026 12:56:07,2013-02-01 00:00:00,Índice del mercado bursátil colombiano - COLCAP,1878.38,12.17,0.6521
08/09/2026 12:56:07,2013-02-04 00:00:00,Índice del mercado bursátil colombiano - COLCAP,1876.35,-2.03,-0.1081
08/09/2026 12:56:07,2013-02-05 00:00:00,Índice del mercado bursátil colombiano - COLCAP,1889.3,12.95,0.6902
08/09/2026 12:56:07,2013-02-06 00:00:00,Índice del mercado bursátil colombiano - COLCAP,1880.02,-9.28,-0.4912
08/09/2026 12:56:07,2013-02-07 00:00:00,Índice del mercado bursátil colombiano - COLCAP,1870.5,-9.52,-0.5064
08/09/2026 12:56:07,2013-02-08 00:00:00,Índice del mercado bursátil colombiano - COLCAP,1870.73,0.23,0.0123
08/09/2026 12:56:07,2013-02-11 00:00:00,Índice del mercado bursátil colombiano - COLCAP,1858.65,-12.08,-0.6457
08/09/2026 12:56:07,2013-02-12 00:00:00,Índice del mercado bursátil colombiano - COLCAP,1860.3,1.65,0.0888
08/09/2026 12:56:07,2013-02-13 00:00:00,Índice del mercado bursátil colombiano - COLCAP,1873.38,13.08,0.7031
08/09/2026 12:56:07,2013-02-14 00:00:00,Índice del mercado bursátil colombiano - COLCAP,1873.52,0.14,0.0075
08/09/2026 12:56:07,2013-02-15 00:00:00,Índice del mercado bursátil colombiano - COLCAP,1859.54,-13.98,-0.7462
08/09/2026 12:56:07,2013-02-18 00:00:00,Índice del mercado bursátil colombiano - COLCAP,1862.53,2.99,0.1608
08/09/2026 12:56:07,2013-02-19 00:00:00,Índice del mercado bursátil colombiano - COLCAP,1849.53,-13,-0.698
08/09/2026 12:56:07,2013-02-20 00:00:00,Índice del mercado bursátil colombiano - COLCAP,1845.03,-4.5,-0.2433
08/09/2026 12:56:07,2013-02-21 00:00:00,Índice del mercado bursátil colombiano - COLCAP,1844.07,-0.96,-0.052
08/09/2026 12:56:07,2013-02-22 00:00:00,Índice del mercado bursátil colombiano - COLCAP,1851.93,7.86,0.4262
08/09/2026 12:56:07,2013-02-25 00:00:00,Índice del mercado bursátil colombiano - COLCAP,1852.96,1.03,0.0556
08/09/2026 12:56:07,2013-02-26 00:00:00,Índice del mercado bursátil colombiano - COLCAP,1846.31,-6.65,-0.3589
08/09/2026 12:56:07,2013-02-27 00:00:00,Índice del mercado bursátil colombiano - COLCAP,1847.63,1.32,0.0715
08/09/2026 12:56:07,2013-02-28 00:00:00,Índice del mercado bursátil colombiano - COLCAP,1844.49,-3.14,-0.1699
08/09/2026 12:56:07,2013-03-01 00:00:00,Índice del mercado bursátil colombiano - COLCAP,1839.74,-4.75,-0.2575
08/09/2026 12:56:07,2013-03-04 00:00:00,Índice del mercado bursátil colombiano - COLCAP,1822.46,-17.28,-0.9393
08/09/2026 12:56:07,2013-03-05 00:00:00,Índice del mercado bursátil colombiano - COLCAP,1815.27,-7.19,-0.3945
08/09/2026 12:56:07,2013-03-06 00:00:00,Índice del mercado bursátil colombiano - COLCAP,1806.97,-8.3,-0.4572
08/09/2026 12:56:07,2013-03-07 00:00:00,Índice del mercado bursátil colombiano - COLCAP,1790.98,-15.99,-0.8849
08/09/2026 12:56:07,2013-03-08 00:00:00,Índice del mercado bursátil colombiano - COLCAP,1792.26,1.28,0.0715
08/09/2026 12:56:07,2013-03-11 00:00:00,Índice del mercado bursátil colombiano - COLCAP,1793.99,1.73,0.0965
08/09/2026 12:56:07,2013-03-12 00:00:00,Índice del mercado bursátil colombiano - COLCAP,1800.66,6.67,0.3718
08/09/2026 12:56:07,2013-03-13 00:00:00,Índice del mercado bursátil colombiano - COLCAP,1790.1,-10.56,-0.5865
08/09/2026 12:56:07,2013-03-14 00:00:00,Índice del mercado bursátil colombiano - COLCAP,1789.81,-0.29,-0.0162
08/09/2026 12:56:07,2013-03-15 00:00:00,Índice del mercado bursátil colombiano - COLCAP,1806.67,16.86,0.942
08/09/2026 12:56:07,2013-03-18 00:00:00,Índice del mercado bursátil colombiano - COLCAP,1796.57,-10.1,-0.559
08/09/2026 12:56:07,2013-03-19 00:00:00,Índice del mercado bursátil colombiano - COLCAP,1760.23,-36.34,-2.0227
08/09/2026 12:56:07,2013-03-20 00:00:00,Índice del mercado bursátil colombiano - COLCAP,1759.56,-0.67,-0.0381
08/09/2026 12:56:07,2013-03-21 00:00:00,Índice del mercado bursátil colombiano - COLCAP,1758.44,-1.12,-0.0637
08/09/2026 12:56:07,2013-03-22 00:00:00,Índice del mercado bursátil colombiano - COLCAP,1760.05,1.61,0.0916
08/09/2026 12:56:07,2013-03-26 00:00:00,Índice del mercado bursátil colombiano - COLCAP,1773.98,13.93,0.7915
08/09/2026 12:56:07,2013-03-27 00:00:00,Índice del mercado bursátil colombiano - COLCAP,1774.86,0.88,0.0496
08/09/2026 12:56:07,2013-04-01 00:00:00,Índice del mercado bursátil colombiano - COLCAP,1770.09,-4.77,-0.2688
08/09/2026 12:56:07,2013-04-02 00:00:00,Índice del mercado bursátil colombiano - COLCAP,1769.61,-0.48,-0.0271
08/09/2026 12:56:07,2013-04-03 00:00:00,Índice del mercado bursátil colombiano - COLCAP,1746.9,-22.71,-1.2833
08/09/2026 12:56:07,2013-04-04 00:00:00,Índice del mercado bursátil colombiano - COLCAP,1756.97,10.07,0.5764
08/09/2026 12:56:07,2013-04-05 00:00:00,Índice del mercado bursátil colombiano - COLCAP,1758.88,1.91,0.1087
08/09/2026 12:56:07,2013-04-08 00:00:00,Índice del mercado bursátil colombiano - COLCAP,1745.89,-12.99,-0.7385
08/09/2026 12:56:07,2013-04-09 00:00:00,Índice del mercado bursátil colombiano - COLCAP,1739.58,-6.31,-0.3614
08/09/2026 12:56:07,2013-04-10 00:00:00,Índice del mercado bursátil colombiano - COLCAP,1742.18,2.6,0.1495
08/09/2026 12:56:07,2013-04-11 00:00:00,Índice del mercado bursátil colombiano - COLCAP,1750.72,8.54,0.4902
08/09/2026 12:56:07,2013-04-12 00:00:00,Índice del mercado bursátil colombiano - COLCAP,1733.9,-16.82,-0.9607
08/09/2026 12:56:07,2013-04-15 00:00:00,Índice del mercado bursátil colombiano - COLCAP,1682.2,-51.7,-2.9817
08/09/2026 12:56:07,2013-04-16 00:00:00,Índice del mercado bursátil colombiano - COLCAP,1705.48,23.28,1.3839
08/09/2026 12:56:07,2013-04-17 00:00:00,Índice del mercado bursátil colombiano - COLCAP,1699.94,-5.54,-0.3248
08/09/2026 12:56:07,2013-04-18 00:00:00,Índice del mercado bursátil colombiano - COLCAP,1703.49,3.55,0.2088
08/09/2026 12:56:07,2013-04-19 00:00:00,Índice del mercado bursátil colombiano - COLCAP,1705.98,2.49,0.1462
08/09/2026 12:56:07,2013-04-22 00:00:00,Índice del mercado bursátil colombiano - COLCAP,1713.68,7.7,0.4514
08/09/2026 12:56:07,2013-04-23 00:00:00,Índice del mercado bursátil colombiano - COLCAP,1713.35,-0.33,-0.0193
08/09/2026 12:56:07,2013-04-24 00:00:00,Índice del mercado bursátil colombiano - COLCAP,1715.77,2.42,0.1412
08/09/2026 12:56:07,2013-04-25 00:00:00,Índice del mercado bursátil colombiano - COLCAP,1715.96,0.19,0.0111
08/09/2026 12:56:07,2013-04-26 00:00:00,Índice del mercado bursátil colombiano - COLCAP,1705.11,-10.85,-0.6323
08/09/2026 12:56:07,2013-04-29 00:00:00,Índice del mercado bursátil colombiano - COLCAP,1700.13,-4.98,-0.2921
08/09/2026 12:56:07,2013-04-30 00:00:00,Índice del mercado bursátil colombiano - COLCAP,1684.88,-15.25,-0.897
08/09/2026 12:56:07,2013-05-02 00:00:00,Índice del mercado bursátil colombiano - COLCAP,1695.64,10.76,0.6386
08/09/2026 12:56:07,2013-05-03 00:00:00,Índice del mercado bursátil colombiano - COLCAP,1698.54,2.9,0.171
08/09/2026 12:56:07,2013-05-06 00:00:00,Índice del mercado bursátil colombiano - COLCAP,1686.81,-11.73,-0.6906
08/09/2026 12:56:07,2013-05-07 00:00:00,Índice del mercado bursátil colombiano - COLCAP,1688.35,1.54,0.0913
08/09/2026 12:56:07,2013-05-08 00:00:00,Índice del mercado bursátil colombiano - COLCAP,1674.3,-14.05,-0.8322
08/09/2026 12:56:07,2013-05-09 00:00:00,Índice del mercado bursátil colombiano - COLCAP,1674.21,-0.09,-0.0054
08/09/2026 12:56:07,2013-05-10 00:00:00,Índice del mercado bursátil colombiano - COLCAP,1654.77,-19.44,-1.1611
08/09/2026 12:56:07,2013-05-14 00:00:00,Índice del mercado bursátil colombiano - COLCAP,1663.53,8.76,0.5294
08/09/2026 12:56:07,2013-05-15 00:00:00,Índice del mercado bursátil colombiano - COLCAP,1677.53,14,0.8416
08/09/2026 12:56:07,2013-05-16 00:00:00,Índice del mercado bursátil colombiano - COLCAP,1686.64,9.11,0.5431
08/09/2026 12:56:07,2013-05-17 00:00:00,Índice del mercado bursátil colombiano - COLCAP,1689.89,3.25,0.1927
08/09/2026 12:56:07,2013-05-20 00:00:00,Índice del mercado bursátil colombiano - COLCAP,1681.81,-8.08,-0.4781
08/09/2026 12:56:07,2013-05-21 00:00:00,Índice del mercado bursátil colombiano - COLCAP,1690.57,8.76,0.5209
08/09/2026 12:56:07,2013-05-22 00:00:00,Índice del mercado bursátil colombiano - COLCAP,1694.68,4.11,0.2431
08/09/2026 12:56:07,2013-05-23 00:00:00,Índice del mercado bursátil colombiano - COLCAP,1699.53,4.85,0.2862
08/09/2026 12:56:07,2013-05-24 00:00:00,Índice del mercado bursátil colombiano - COLCAP,1704.66,5.13,0.3018
08/09/2026 12:56:07,2013-05-27 00:00:00,Índice del mercado bursátil colombiano - COLCAP,1704.2,-0.46,-0.027
08/09/2026 12:56:07,2013-05-28 00:00:00,Índice del mercado bursátil colombiano - COLCAP,1716.23,12.03,0.7059
08/09/2026 12:56:07,2013-05-29 00:00:00,Índice del mercado bursátil colombiano - COLCAP,1708.44,-7.79,-0.4539
08/09/2026 12:56:07,2013-05-30 00:00:00,Índice del mercado bursátil colombiano - COLCAP,1702.68,-5.76,-0.3371
08/09/2026 12:56:07,2013-05-31 00:00:00,Índice del mercado bursátil colombiano - COLCAP,1666.25,-36.43,-2.1396
08/09/2026 12:56:07,2013-06-04 00:00:00,Índice del mercado bursátil colombiano - COLCAP,1685.12,18.87,1.1325
08/09/2026 12:56:07,2013-06-05 00:00:00,Índice del mercado bursátil colombiano - COLCAP,1682.02,-3.1,-0.184
08/09/2026 12:56:07,2013-06-06 00:00:00,Índice del mercado bursátil colombiano - COLCAP,1677.52,-4.5,-0.2675
08/09/2026 12:56:07,2013-06-07 00:00:00,Índice del mercado bursátil colombiano - COLCAP,1672.83,-4.69,-0.2796
08/09/2026 12:56:07,2013-06-11 00:00:00,Índice del mercado bursátil colombiano - COLCAP,1653.52,-19.31,-1.1543
08/09/2026 12:56:07,2013-06-12 00:00:00,Índice del mercado bursátil colombiano - COLCAP,1629.7,-23.82,-1.4406
08/09/2026 12:56:07,2013-06-13 00:00:00,Índice del mercado bursátil colombiano - COLCAP,1629.59,-0.11,-0.0067
08/09/2026 12:56:07,2013-06-14 00:00:00,Índice del mercado bursátil colombiano - COLCAP,1636.9,7.31,0.4486
08/09/2026 12:56:07,2013-06-17 00:00:00,Índice del mercado bursátil colombiano - COLCAP,1635.23,-1.67,-0.102
08/09/2026 12:56:07,2013-06-18 00:00:00,Índice del mercado bursátil colombiano - COLCAP,1655.85,20.62,1.261
08/09/2026 12:56:07,2013-06-19 00:00:00,Índice del mercado bursátil colombiano - COLCAP,1650.73,-5.12,-0.3092
08/09/2026 12:56:07,2013-06-20 00:00:00,Índice del mercado bursátil colombiano - COLCAP,1614.17,-36.56,-2.2148
08/09/2026 12:56:07,2013-06-21 00:00:00,Índice del mercado bursátil colombiano - COLCAP,1595.35,-18.82,-1.1659
08/09/2026 12:56:07,2013-06-24 00:00:00,Índice del mercado bursátil colombiano - COLCAP,1570.66,-24.69,-1.5476
08/09/2026 12:56:07,2013-06-25 00:00:00,Índice del mercado bursátil colombiano - COLCAP,1557.29,-13.37,-0.8512
08/09/2026 12:56:07,2013-06-26 00:00:00,Índice del mercado bursátil colombiano - COLCAP,1574.5,17.21,1.1051
08/09/2026 12:56:07,2013-06-27 00:00:00,Índice del mercado bursátil colombiano - COLCAP,1577.39,2.89,0.1836
08/09/2026 12:56:07,2013-06-28 00:00:00,Índice del mercado bursátil colombiano - COLCAP,1615.84,38.45,2.4376
08/09/2026 12:56:07,2013-07-02 00:00:00,Índice del mercado bursátil colombiano - COLCAP,1613.05,-2.79,-0.1727
08/09/2026 12:56:07,2013-07-03 00:00:00,Índice del mercado bursátil colombiano - COLCAP,1607.03,-6.02,-0.3732
08/09/2026 12:56:07,2013-07-04 00:00:00,Índice del mercado bursátil colombiano - COLCAP,1610.45,3.42,0.2128
08/09/2026 12:56:07,2013-07-05 00:00:00,Índice del mercado bursátil colombiano - COLCAP,1597.41,-13.04,-0.8097
08/09/2026 12:56:07,2013-07-08 00:00:00,Índice del mercado bursátil colombiano - COLCAP,1586.14,-11.27,-0.7055
08/09/2026 12:56:07,2013-07-09 00:00:00,Índice del mercado bursátil colombiano - COLCAP,1575.68,-10.46,-0.6595
08/09/2026 12:56:07,2013-07-10 00:00:00,Índice del mercado bursátil colombiano - COLCAP,1550.7,-24.98,-1.5853
08/09/2026 12:56:07,2013-07-11 00:00:00,Índice del mercado bursátil colombiano - COLCAP,1584.43,33.73,2.1751
08/09/2026 12:56:07,2013-07-12 00:00:00,Índice del mercado bursátil colombiano - COLCAP,1604.24,19.81,1.2503
08/09/2026 12:56:07,2013-07-15 00:00:00,Índice del mercado bursátil colombiano - COLCAP,1634.75,30.51,1.9018
08/09/2026 12:56:07,2013-07-16 00:00:00,Índice del mercado bursátil colombiano - COLCAP,1644.74,9.99,0.6111
08/09/2026 12:56:07,2013-07-17 00:00:00,Índice del mercado bursátil colombiano - COLCAP,1666.87,22.13,1.3455
08/09/2026 12:56:07,2013-07-18 00:00:00,Índice del mercado bursátil colombiano - COLCAP,1680.11,13.24,0.7943
08/09/2026 12:56:07,2013-07-19 00:00:00,Índice del mercado bursátil colombiano - COLCAP,1685.63,5.52,0.3285
08/09/2026 12:56:07,2013-07-22 00:00:00,Índice del mercado bursátil colombiano - COLCAP,1666.29,-19.34,-1.1473
08/09/2026 12:56:07,2013-07-23 00:00:00,Índice del mercado bursátil colombiano - COLCAP,1694.59,28.3,1.6984
08/09/2026 12:56:07,2013-07-24 00:00:00,Índice del mercado bursátil colombiano - COLCAP,1704.86,10.27,0.606
08/09/2026 12:56:07,2013-07-25 00:00:00,Índice del mercado bursátil colombiano - COLCAP,1701.29,-3.57,-0.2094
08/09/2026 12:56:07,2013-07-26 00:00:00,Índice del mercado bursátil colombiano - COLCAP,1694.34,-6.95,-0.4085
08/09/2026 12:56:07,2013-07-29 00:00:00,Índice del mercado bursátil colombiano - COLCAP,1689.53,-4.81,-0.2839
08/09/2026 12:56:07,2013-07-30 00:00:00,Índice del mercado bursátil colombiano - COLCAP,1694.9,5.37,0.3178
08/09/2026 12:56:07,2013-07-31 00:00:00,Índice del mercado bursátil colombiano - COLCAP,1680.7,-14.2,-0.8378
08/09/2026 12:56:07,2013-08-01 00:00:00,Índice del mercado bursátil colombiano - COLCAP,1706,25.3,1.5053
08/09/2026 12:56:07,2013-08-02 00:00:00,Índice del mercado bursátil colombiano - COLCAP,1721.95,15.95,0.9349
08/09/2026 12:56:07,2013-08-05 00:00:00,Índice del mercado bursátil colombiano - COLCAP,1718.45,-3.5,-0.2033
08/09/2026 12:56:07,2013-08-06 00:00:00,Índice del mercado bursátil colombiano - COLCAP,1720.03,1.58,0.0919
08/09/2026 12:56:07,2013-08-08 00:00:00,Índice del mercado bursátil colombiano - COLCAP,1716.4,-3.63,-0.211
08/09/2026 12:56:07,2013-08-09 00:00:00,Índice del mercado bursátil colombiano - COLCAP,1720.67,4.27,0.2488
08/09/2026 12:56:07,2013-08-12 00:00:00,Índice del mercado bursátil colombiano - COLCAP,1722.91,2.24,0.1302
08/09/2026 12:56:07,2013-08-13 00:00:00,Índice del mercado bursátil colombiano - COLCAP,1736.35,13.44,0.7801
08/09/2026 12:56:07,2013-08-14 00:00:00,Índice del mercado bursátil colombiano - COLCAP,1747.11,10.76,0.6197
08/09/2026 12:56:07,2013-08-15 00:00:00,Índice del mercado bursátil colombiano - COLCAP,1730.41,-16.7,-0.9559
08/09/2026 12:56:07,2013-08-16 00:00:00,Índice del mercado bursátil colombiano - COLCAP,1727.74,-2.67,-0.1543
08/09/2026 12:56:07,2013-08-20 00:00:00,Índice del mercado bursátil colombiano - COLCAP,1725.64,-2.1,-0.1215
08/09/2026 12:56:07,2013-08-21 00:00:00,Índice del mercado bursátil colombiano - COLCAP,1723.34,-2.3,-0.1333
08/09/2026 12:56:07,2013-08-22 00:00:00,Índice del mercado bursátil colombiano - COLCAP,1722.35,-0.99,-0.0574
08/09/2026 12:56:07,2013-08-23 00:00:00,Índice del mercado bursátil colombiano - COLCAP,1720.68,-1.67,-0.097
08/09/2026 12:56:07,2013-08-26 00:00:00,Índice del mercado bursátil colombiano - COLCAP,1714.15,-6.53,-0.3795
08/09/2026 12:56:07,2013-08-27 00:00:00,Índice del mercado bursátil colombiano - COLCAP,1714.14,-0.01,-0.0006
08/09/2026 12:56:07,2013-08-28 00:00:00,Índice del mercado bursátil colombiano - COLCAP,1734,19.86,1.1586
08/09/2026 12:56:07,2013-08-29 00:00:00,Índice del mercado bursátil colombiano - COLCAP,1721.94,-12.06,-0.6955
08/09/2026 12:56:07,2013-08-30 00:00:00,Índice del mercado bursátil colombiano - COLCAP,1729.62,7.68,0.446
08/09/2026 12:56:07,2013-09-02 00:00:00,Índice del mercado bursátil colombiano - COLCAP,1732.65,3.03,0.1752
08/09/2026 12:56:07,2013-09-03 00:00:00,Índice del mercado bursátil colombiano - COLCAP,1737.62,4.97,0.2868
08/09/2026 12:56:07,2013-09-04 00:00:00,Índice del mercado bursátil colombiano - COLCAP,1746.9,9.28,0.5341
08/09/2026 12:56:07,2013-09-05 00:00:00,Índice del mercado bursátil colombiano - COLCAP,1746.75,-0.15,-0.0086
08/09/2026 12:56:07,2013-09-06 00:00:00,Índice del mercado bursátil colombiano - COLCAP,1736.54,-10.21,-0.5845
08/09/2026 12:56:07,2013-09-09 00:00:00,Índice del mercado bursátil colombiano - COLCAP,1752.76,16.22,0.934
08/09/2026 12:56:07,2013-09-10 00:00:00,Índice del mercado bursátil colombiano - COLCAP,1765.98,13.22,0.7542
08/09/2026 12:56:07,2013-09-11 00:00:00,Índice del mercado bursátil colombiano - COLCAP,1770.01,4.03,0.2282
08/09/2026 12:56:07,2013-09-12 00:00:00,Índice del mercado bursátil colombiano - COLCAP,1768.04,-1.97,-0.1113
08/09/2026 12:56:07,2013-09-13 00:00:00,Índice del mercado bursátil colombiano - COLCAP,1761.31,-6.73,-0.3806
08/09/2026 12:56:07,2013-09-16 00:00:00,Índice del mercado bursátil colombiano - COLCAP,1758.74,-2.57,-0.1459
08/09/2026 12:56:07,2013-09-17 00:00:00,Índice del mercado bursátil colombiano - COLCAP,1766.95,8.21,0.4668
08/09/2026 12:56:07,2013-09-18 00:00:00,Índice del mercado bursátil colombiano - COLCAP,1766,-0.95,-0.0538
08/09/2026 12:56:07,2013-09-19 00:00:00,Índice del mercado bursátil colombiano - COLCAP,1765.99,-0.01,-0.0006
08/09/2026 12:56:07,2013-09-20 00:00:00,Índice del mercado bursátil colombiano - COLCAP,1767.5,1.51,0.0855
08/09/2026 12:56:07,2013-09-23 00:00:00,Índice del mercado bursátil colombiano - COLCAP,1773.48,5.98,0.3383
08/09/2026 12:56:07,2013-09-24 00:00:00,Índice del mercado bursátil colombiano - COLCAP,1775.35,1.87,0.1054
08/09/2026 12:56:07,2013-09-25 00:00:00,Índice del mercado bursátil colombiano - COLCAP,1777,1.65,0.0929
08/09/2026 12:56:07,2013-09-26 00:00:00,Índice del mercado bursátil colombiano - COLCAP,1765.51,-11.49,-0.6466
08/09/2026 12:56:07,2013-09-27 00:00:00,Índice del mercado bursátil colombiano - COLCAP,1768.52,3.01,0.1705
08/09/2026 12:56:07,2013-09-30 00:00:00,Índice del mercado bursátil colombiano - COLCAP,1752.26,-16.26,-0.9194
08/09/2026 12:56:07,2013-10-01 00:00:00,Índice del mercado bursátil colombiano - COLCAP,1757.92,5.66,0.323
08/09/2026 12:56:07,2013-10-02 00:00:00,Índice del mercado bursátil colombiano - COLCAP,1756.97,-0.95,-0.054
08/09/2026 12:56:07,2013-10-03 00:00:00,Índice del mercado bursátil colombiano - COLCAP,1754.75,-2.22,-0.1264
08/09/2026 12:56:07,2013-10-04 00:00:00,Índice del mercado bursátil colombiano - COLCAP,1751.71,-3.04,-0.1732
08/09/2026 12:56:07,2013-10-07 00:00:00,Índice del mercado bursátil colombiano - COLCAP,1753.6,1.89,0.1079
08/09/2026 12:56:07,2013-10-08 00:00:00,Índice del mercado bursátil colombiano - COLCAP,1757.29,3.69,0.2104
08/09/2026 12:56:07,2013-10-09 00:00:00,Índice del mercado bursátil colombiano - COLCAP,1751.06,0,0
08/09/2026 12:56:07,2013-10-10 00:00:00,Índice del mercado bursátil colombiano - COLCAP,1756.77,5.71,0.3261
08/09/2026 12:56:07,2013-10-11 00:00:00,Índice del mercado bursátil colombiano - COLCAP,1763.11,6.34,0.3609
08/09/2026 12:56:07,2013-10-15 00:00:00,Índice del mercado bursátil colombiano - COLCAP,1766.44,3.33,0.1889
08/09/2026 12:56:07,2013-10-16 00:00:00,Índice del mercado bursátil colombiano - COLCAP,1770.06,3.62,0.2049
08/09/2026 12:56:07,2013-10-17 00:00:00,Índice del mercado bursátil colombiano - COLCAP,1772.17,2.11,0.1192
08/09/2026 12:56:07,2013-10-18 00:00:00,Índice del mercado bursátil colombiano - COLCAP,1781,8.83,0.4983
08/09/2026 12:56:07,2013-10-21 00:00:00,Índice del mercado bursátil colombiano - COLCAP,1779.67,-1.33,-0.0747
08/09/2026 12:56:07,2013-10-22 00:00:00,Índice del mercado bursátil colombiano - COLCAP,1773.52,-6.15,-0.3456
08/09/2026 12:56:07,2013-10-23 00:00:00,Índice del mercado bursátil colombiano - COLCAP,1771.25,-2.27,-0.128
08/09/2026 12:56:07,2013-10-24 00:00:00,Índice del mercado bursátil colombiano - COLCAP,1775.05,3.8,0.2145
08/09/2026 12:56:07,2013-10-25 00:00:00,Índice del mercado bursátil colombiano - COLCAP,1773.84,-1.21,-0.0682
08/09/2026 12:56:07,2013-10-28 00:00:00,Índice del mercado bursátil colombiano - COLCAP,1763.16,-10.68,-0.6021
08/09/2026 12:56:07,2013-10-29 00:00:00,Índice del mercado bursátil colombiano - COLCAP,1763.01,-0.15,-0.0085
08/09/2026 12:56:07,2013-10-30 00:00:00,Índice del mercado bursátil colombiano - COLCAP,1758.37,-4.64,-0.2632
08/09/2026 12:56:07,2013-10-31 00:00:00,Índice del mercado bursátil colombiano - COLCAP,1742.94,-15.43,-0.8775
08/09/2026 12:56:07,2013-11-01 00:00:00,Índice del mercado bursátil colombiano - COLCAP,1752.97,10.03,0.5755
08/09/2026 12:56:07,2013-11-05 00:00:00,Índice del mercado bursátil colombiano - COLCAP,1734.76,-18.21,-1.0388
08/09/2026 12:56:07,2013-11-06 00:00:00,Índice del mercado bursátil colombiano - COLCAP,1736.78,2.02,0.1164
08/09/2026 12:56:07,2013-11-07 00:00:00,Índice del mercado bursátil colombiano - COLCAP,1713.84,-22.94,-1.3208
08/09/2026 12:56:07,2013-11-08 00:00:00,Índice del mercado bursátil colombiano - COLCAP,1678.18,-35.66,-2.0807
08/09/2026 12:56:07,2013-11-12 00:00:00,Índice del mercado bursátil colombiano - COLCAP,1626.07,-52.11,-3.1051
08/09/2026 12:56:07,2013-11-13 00:00:00,Índice del mercado bursátil colombiano - COLCAP,1663,36.93,2.2711
08/09/2026 12:56:07,2013-11-14 00:00:00,Índice del mercado bursátil colombiano - COLCAP,1672.18,9.18,0.552
08/09/2026 12:56:07,2013-11-15 00:00:00,Índice del mercado bursátil colombiano - COLCAP,1672.1,-0.08,-0.0048
08/09/2026 12:56:07,2013-11-18 00:00:00,Índice del mercado bursátil colombiano - COLCAP,1670.99,-1.11,-0.0664
08/09/2026 12:56:07,2013-11-19 00:00:00,Índice del mercado bursátil colombiano - COLCAP,1666.26,-4.73,-0.2831
08/09/2026 12:56:07,2013-11-20 00:00:00,Índice del mercado bursátil colombiano - COLCAP,1662.73,-3.53,-0.2119
08/09/2026 12:56:07,2013-11-21 00:00:00,Índice del mercado bursátil colombiano - COLCAP,1659.55,-3.18,-0.1913
08/09/2026 12:56:07,2013-11-22 00:00:00,Índice del mercado bursátil colombiano - COLCAP,1655.24,-4.31,-0.2597
08/09/2026 12:56:07,2013-11-25 00:00:00,Índice del mercado bursátil colombiano - COLCAP,1635.5,-19.74,-1.1926
08/09/2026 12:56:07,2013-11-26 00:00:00,Índice del mercado bursátil colombiano - COLCAP,1625.62,-9.88,-0.6041
08/09/2026 12:56:07,2013-11-27 00:00:00,Índice del mercado bursátil colombiano - COLCAP,1622.53,-3.09,-0.1901
08/09/2026 12:56:07,2013-11-28 00:00:00,Índice del mercado bursátil colombiano - COLCAP,1627.07,4.54,0.2798
08/09/2026 12:56:07,2013-11-29 00:00:00,Índice del mercado bursátil colombiano - COLCAP,1630.19,3.12,0.1918
08/09/2026 12:56:07,2013-12-02 00:00:00,Índice del mercado bursátil colombiano - COLCAP,1625.93,-4.26,-0.2613
08/09/2026 12:56:07,2013-12-03 00:00:00,Índice del mercado bursátil colombiano - COLCAP,1626.99,1.06,0.0652
08/09/2026 12:56:07,2013-12-04 00:00:00,Índice del mercado bursátil colombiano - COLCAP,1587.37,-39.62,-2.4352
08/09/2026 12:56:07,2013-12-05 00:00:00,Índice del mercado bursátil colombiano - COLCAP,1610.28,22.91,1.4433
08/09/2026 12:56:07,2013-12-06 00:00:00,Índice del mercado bursátil colombiano - COLCAP,1599.52,-10.76,-0.6682
08/09/2026 12:56:07,2013-12-09 00:00:00,Índice del mercado bursátil colombiano - COLCAP,1614.63,15.11,0.9447
08/09/2026 12:56:07,2013-12-10 00:00:00,Índice del mercado bursátil colombiano - COLCAP,1624,9.37,0.5803
08/09/2026 12:56:07,2013-12-11 00:00:00,Índice del mercado bursátil colombiano - COLCAP,1630.84,6.84,0.4212
08/09/2026 12:56:07,2013-12-12 00:00:00,Índice del mercado bursátil colombiano - COLCAP,1646.73,15.89,0.9743
08/09/2026 12:56:07,2013-12-13 00:00:00,Índice del mercado bursátil colombiano - COLCAP,1638.2,-8.53,-0.518
08/09/2026 12:56:07,2013-12-16 00:00:00,Índice del mercado bursátil colombiano - COLCAP,1606.98,-31.22,-1.9058
08/09/2026 12:56:07,2013-12-17 00:00:00,Índice del mercado bursátil colombiano - COLCAP,1616.45,9.47,0.5893
08/09/2026 12:56:07,2013-12-18 00:00:00,Índice del mercado bursátil colombiano - COLCAP,1600.13,-16.32,-1.0096
08/09/2026 12:56:07,2013-12-19 00:00:00,Índice del mercado bursátil colombiano - COLCAP,1607.44,7.31,0.4568
08/09/2026 12:56:07,2013-12-20 00:00:00,Índice del mercado bursátil colombiano - COLCAP,1630.43,22.99,1.4302
08/09/2026 12:56:07,2013-12-23 00:00:00,Índice del mercado bursátil colombiano - COLCAP,1602.6,-27.83,-1.7069
08/09/2026 12:56:07,2013-12-24 00:00:00,Índice del mercado bursátil colombiano - COLCAP,1613.81,11.21,0.6995
08/09/2026 12:56:07,2013-12-26 00:00:00,Índice del mercado bursátil colombiano - COLCAP,1602.72,-11.09,-0.6872
08/09/2026 12:56:07,2013-12-27 00:00:00,Índice del mercado bursátil colombiano - COLCAP,1601.5,-1.22,-0.0761
08/09/2026 12:56:07,2013-12-30 00:00:00,Índice del mercado bursátil colombiano - COLCAP,1606.33,4.83,0.3016
08/09/2026 12:56:07,2014-01-02 00:00:00,Índice del mercado bursátil colombiano - COLCAP,1611.77,5.44,0.3387
08/09/2026 12:56:07,2014-01-03 00:00:00,Índice del mercado bursátil colombiano - COLCAP,1601.29,-10.48,-0.6502
08/09/2026 12:56:07,2014-01-07 00:00:00,Índice del mercado bursátil colombiano - COLCAP,1575.61,-25.68,-1.6037
08/09/2026 12:56:07,2014-01-08 00:00:00,Índice del mercado bursátil colombiano - COLCAP,1566.28,-9.33,-0.5922
08/09/2026 12:56:07,2014-01-09 00:00:00,Índice del mercado bursátil colombiano - COLCAP,1563.4,-2.88,-0.1839
08/09/2026 12:56:07,2014-01-10 00:00:00,Índice del mercado bursátil colombiano - COLCAP,1542.07,-21.33,-1.3643
08/09/2026 12:56:07,2014-01-13 00:00:00,Índice del mercado bursátil colombiano - COLCAP,1539.48,-2.59,-0.168
08/09/2026 12:56:07,2014-01-14 00:00:00,Índice del mercado bursátil colombiano - COLCAP,1542.3,2.82,0.1832
08/09/2026 12:56:07,2014-01-15 00:00:00,Índice del mercado bursátil colombiano - COLCAP,1548.29,5.99,0.3884
08/09/2026 12:56:07,2014-01-16 00:00:00,Índice del mercado bursátil colombiano - COLCAP,1535.34,-12.95,-0.8364
08/09/2026 12:56:07,2014-01-17 00:00:00,Índice del mercado bursátil colombiano - COLCAP,1536.08,0.74,0.0482
08/09/2026 12:56:07,2014-01-20 00:00:00,Índice del mercado bursátil colombiano - COLCAP,1537.99,1.91,0.1243
08/09/2026 12:56:07,2014-01-21 00:00:00,Índice del mercado bursátil colombiano - COLCAP,1533.29,-4.7,-0.3056
08/09/2026 12:56:07,2014-01-22 00:00:00,Índice del mercado bursátil colombiano - COLCAP,1541.94,8.65,0.5641
08/09/2026 12:56:07,2014-01-23 00:00:00,Índice del mercado bursátil colombiano - COLCAP,1516.2,-25.74,-1.6693
08/09/2026 12:56:07,2014-01-24 00:00:00,Índice del mercado bursátil colombiano - COLCAP,1494.77,-21.43,-1.4134
08/09/2026 12:56:07,2014-01-27 00:00:00,Índice del mercado bursátil colombiano - COLCAP,1473.27,-21.5,-1.4383
08/09/2026 12:56:07,2014-01-28 00:00:00,Índice del mercado bursátil colombiano - COLCAP,1461,-12.27,-0.8328
08/09/2026 12:56:07,2014-01-29 00:00:00,Índice del mercado bursátil colombiano - COLCAP,1452.68,-8.32,-0.5695
08/09/2026 12:56:07,2014-01-30 00:00:00,Índice del mercado bursátil colombiano - COLCAP,1453.56,0.88,0.0606
08/09/2026 12:56:07,2014-01-31 00:00:00,Índice del mercado bursátil colombiano - COLCAP,1460.04,6.48,0.4458
08/09/2026 12:56:07,2014-02-03 00:00:00,Índice del mercado bursátil colombiano - COLCAP,1448.56,-11.48,-0.7863
08/09/2026 12:56:07,2014-02-04 00:00:00,Índice del mercado bursátil colombiano - COLCAP,1451.76,3.2,0.2209
08/09/2026 12:56:07,2014-02-05 00:00:00,Índice del mercado bursátil colombiano - COLCAP,1465.76,14,0.9643
08/09/2026 12:56:07,2014-02-06 00:00:00,Índice del mercado bursátil colombiano - COLCAP,1487.61,21.85,1.4907
08/09/2026 12:56:07,2014-02-07 00:00:00,Índice del mercado bursátil colombiano - COLCAP,1499.57,11.96,0.804
08/09/2026 12:56:07,2014-02-10 00:00:00,Índice del mercado bursátil colombiano - COLCAP,1484.52,-15.05,-1.0036
08/09/2026 12:56:07,2014-02-11 00:00:00,Índice del mercado bursátil colombiano - COLCAP,1497.94,13.42,0.904
08/09/2026 12:56:07,2014-02-12 00:00:00,Índice del mercado bursátil colombiano - COLCAP,1515.4,17.46,1.1656
08/09/2026 12:56:07,2014-02-13 00:00:00,Índice del mercado bursátil colombiano - COLCAP,1520.23,4.83,0.3187
08/09/2026 12:56:07,2014-02-14 00:00:00,Índice del mercado bursátil colombiano - COLCAP,1527.35,7.12,0.4684
08/09/2026 12:56:07,2014-02-17 00:00:00,Índice del mercado bursátil colombiano - COLCAP,1524.79,-2.56,-0.1676
08/09/2026 12:56:07,2014-02-18 00:00:00,Índice del mercado bursátil colombiano - COLCAP,1534.93,10.14,0.665
08/09/2026 12:56:07,2014-02-19 00:00:00,Índice del mercado bursátil colombiano - COLCAP,1546.07,11.14,0.7258
08/09/2026 12:56:07,2014-02-20 00:00:00,Índice del mercado bursátil colombiano - COLCAP,1525.21,-20.86,-1.3492
08/09/2026 12:56:07,2014-02-21 00:00:00,Índice del mercado bursátil colombiano - COLCAP,1520.6,-4.61,-0.3023
08/09/2026 12:56:07,2014-02-24 00:00:00,Índice del mercado bursátil colombiano - COLCAP,1535.11,14.51,0.9542
08/09/2026 12:56:07,2014-02-25 00:00:00,Índice del mercado bursátil colombiano - COLCAP,1501.4,-33.71,-2.1959
08/09/2026 12:56:07,2014-02-26 00:00:00,Índice del mercado bursátil colombiano - COLCAP,1488.44,-12.96,-0.8632
08/09/2026 12:56:07,2014-02-27 00:00:00,Índice del mercado bursátil colombiano - COLCAP,1495.01,6.57,0.4414
08/09/2026 12:56:07,2014-02-28 00:00:00,Índice del mercado bursátil colombiano - COLCAP,1520.74,25.73,1.7211
08/09/2026 12:56:07,2014-03-03 00:00:00,Índice del mercado bursátil colombiano - COLCAP,1504.11,-16.63,-1.0935
08/09/2026 12:56:07,2014-03-04 00:00:00,Índice del mercado bursátil colombiano - COLCAP,1539.33,35.22,2.3416
08/09/2026 12:56:07,2014-03-05 00:00:00,Índice del mercado bursátil colombiano - COLCAP,1563.41,24.08,1.5643
08/09/2026 12:56:07,2014-03-06 00:00:00,Índice del mercado bursátil colombiano - COLCAP,1588.91,25.5,1.6311
08/09/2026 12:56:07,2014-03-07 00:00:00,Índice del mercado bursátil colombiano - COLCAP,1571.84,-17.07,-1.0743
08/09/2026 12:56:07,2014-03-10 00:00:00,Índice del mercado bursátil colombiano - COLCAP,1571.44,-0.4,-0.0254
08/09/2026 12:56:07,2014-03-11 00:00:00,Índice del mercado bursátil colombiano - COLCAP,1586.04,14.6,0.9291
08/09/2026 12:56:07,2014-03-12 00:00:00,Índice del mercado bursátil colombiano - COLCAP,1584.93,-1.11,-0.07
08/09/2026 12:56:07,2014-03-13 00:00:00,Índice del mercado bursátil colombiano - COLCAP,1597.85,12.92,0.8152
08/09/2026 12:56:07,2014-03-14 00:00:00,Índice del mercado bursátil colombiano - COLCAP,1589.85,-8,-0.5007
08/09/2026 12:56:07,2014-03-17 00:00:00,Índice del mercado bursátil colombiano - COLCAP,1596.76,6.91,0.4346
08/09/2026 12:56:07,2014-03-18 00:00:00,Índice del mercado bursátil colombiano - COLCAP,1592.49,-4.27,-0.2674
08/09/2026 12:56:07,2014-03-19 00:00:00,Índice del mercado bursátil colombiano - COLCAP,1595.18,2.69,0.1689
08/09/2026 12:56:07,2014-03-20 00:00:00,Índice del mercado bursátil colombiano - COLCAP,1608.99,13.81,0.8657
08/09/2026 12:56:07,2014-03-21 00:00:00,Índice del mercado bursátil colombiano - COLCAP,1607.95,-1.04,-0.0646
08/09/2026 12:56:07,2014-03-25 00:00:00,Índice del mercado bursátil colombiano - COLCAP,1639.02,31.07,1.9323
08/09/2026 12:56:07,2014-03-26 00:00:00,Índice del mercado bursátil colombiano - COLCAP,1646.01,6.99,0.4265
08/09/2026 12:56:07,2014-03-27 00:00:00,Índice del mercado bursátil colombiano - COLCAP,1663.84,17.83,1.0832
08/09/2026 12:56:07,2014-03-28 00:00:00,Índice del mercado bursátil colombiano - COLCAP,1673.72,9.88,0.5938
08/09/2026 12:56:07,2014-03-31 00:00:00,Índice del mercado bursátil colombiano - COLCAP,1688.3,14.58,0.8711
08/09/2026 12:56:07,2014-04-01 00:00:00,Índice del mercado bursátil colombiano - COLCAP,1691.88,3.58,0.212
08/09/2026 12:56:07,2014-04-02 00:00:00,Índice del mercado bursátil colombiano - COLCAP,1707.22,15.34,0.9067
08/09/2026 12:56:07,2014-04-03 00:00:00,Índice del mercado bursátil colombiano - COLCAP,1713.01,5.79,0.3391
08/09/2026 12:56:07,2014-04-04 00:00:00,Índice del mercado bursátil colombiano - COLCAP,1703.12,-9.89,-0.5773
08/09/2026 12:56:07,2014-04-07 00:00:00,Índice del mercado bursátil colombiano - COLCAP,1682.99,-20.13,-1.1819
08/09/2026 12:56:07,2014-04-08 00:00:00,Índice del mercado bursátil colombiano - COLCAP,1673.08,-9.91,-0.5888
08/09/2026 12:56:07,2014-04-09 00:00:00,Índice del mercado bursátil colombiano - COLCAP,1668.97,-4.11,-0.2457
08/09/2026 12:56:07,2014-04-10 00:00:00,Índice del mercado bursátil colombiano - COLCAP,1681.42,12.45,0.746
08/09/2026 12:56:07,2014-04-11 00:00:00,Índice del mercado bursátil colombiano - COLCAP,1676.8,-4.62,-0.2748
08/09/2026 12:56:07,2014-04-14 00:00:00,Índice del mercado bursátil colombiano - COLCAP,1688.17,11.37,0.6781
08/09/2026 12:56:07,2014-04-15 00:00:00,Índice del mercado bursátil colombiano - COLCAP,1669.24,-18.93,-1.1213
08/09/2026 12:56:07,2014-04-16 00:00:00,Índice del mercado bursátil colombiano - COLCAP,1677.73,8.49,0.5086
08/09/2026 12:56:07,2014-04-21 00:00:00,Índice del mercado bursátil colombiano - COLCAP,1668.85,-8.88,-0.5293
08/09/2026 12:56:07,2014-04-22 00:00:00,Índice del mercado bursátil colombiano - COLCAP,1654.78,-14.07,-0.8431
08/09/2026 12:56:07,2014-04-23 00:00:00,Índice del mercado bursátil colombiano - COLCAP,1649.67,-5.11,-0.3088
08/09/2026 12:56:07,2014-04-24 00:00:00,Índice del mercado bursátil colombiano - COLCAP,1634.54,-15.13,-0.9172
08/09/2026 12:56:07,2014-04-25 00:00:00,Índice del mercado bursátil colombiano - COLCAP,1641.46,6.92,0.4234
08/09/2026 12:56:07,2014-04-28 00:00:00,Índice del mercado bursátil colombiano - COLCAP,1642.1,0.64,0.039
08/09/2026 12:56:07,2014-04-29 00:00:00,Índice del mercado bursátil colombiano - COLCAP,1653.62,11.52,0.7015
08/09/2026 12:56:07,2014-04-30 00:00:00,Índice del mercado bursátil colombiano - COLCAP,1672.47,18.85,1.1399
08/09/2026 12:56:07,2014-05-02 00:00:00,Índice del mercado bursátil colombiano - COLCAP,1659.54,-12.93,-0.7731
08/09/2026 12:56:07,2014-05-05 00:00:00,Índice del mercado bursátil colombiano - COLCAP,1650.36,-9.18,-0.5532
08/09/2026 12:56:07,2014-05-06 00:00:00,Índice del mercado bursátil colombiano - COLCAP,1651.95,1.59,0.0963
08/09/2026 12:56:07,2014-05-07 00:00:00,Índice del mercado bursátil colombiano - COLCAP,1663.76,11.81,0.7149
08/09/2026 12:56:07,2014-05-08 00:00:00,Índice del mercado bursátil colombiano - COLCAP,1674.28,10.52,0.6323
08/09/2026 12:56:07,2014-05-09 00:00:00,Índice del mercado bursátil colombiano - COLCAP,1674.22,-0.06,-0.0036
08/09/2026 12:56:07,2014-05-12 00:00:00,Índice del mercado bursátil colombiano - COLCAP,1686.47,12.25,0.7317
08/09/2026 12:56:07,2014-05-13 00:00:00,Índice del mercado bursátil colombiano - COLCAP,1688.91,2.44,0.1447
08/09/2026 12:56:07,2014-05-14 00:00:00,Índice del mercado bursátil colombiano - COLCAP,1689.49,0.58,0.0343
08/09/2026 12:56:07,2014-05-15 00:00:00,Índice del mercado bursátil colombiano - COLCAP,1676.77,-12.72,-0.7529
08/09/2026 12:56:07,2014-05-16 00:00:00,Índice del mercado bursátil colombiano - COLCAP,1685.11,8.34,0.4974
08/09/2026 12:56:07,2014-05-19 00:00:00,Índice del mercado bursátil colombiano - COLCAP,1683.19,-1.92,-0.1139
08/09/2026 12:56:07,2014-05-20 00:00:00,Índice del mercado bursátil colombiano - COLCAP,1662.45,-20.74,-1.2322
08/09/2026 12:56:07,2014-05-21 00:00:00,Índice del mercado bursátil colombiano - COLCAP,1673.48,11.03,0.6635
08/09/2026 12:56:07,2014-05-22 00:00:00,Índice del mercado bursátil colombiano - COLCAP,1664.57,-8.91,-0.5324
08/09/2026 12:56:07,2014-05-23 00:00:00,Índice del mercado bursátil colombiano - COLCAP,1666.79,2.22,0.1334
08/09/2026 12:56:07,2014-05-26 00:00:00,Índice del mercado bursátil colombiano - COLCAP,1663.96,-2.83,-0.1698
08/09/2026 12:56:07,2014-05-27 00:00:00,Índice del mercado bursátil colombiano - COLCAP,1663.46,-0.5,-0.03
08/09/2026 12:56:07,2014-05-28 00:00:00,Índice del mercado bursátil colombiano - COLCAP,1661.55,-1.91,-0.1148
08/09/2026 12:56:07,2014-05-29 00:00:00,Índice del mercado bursátil colombiano - COLCAP,1662.86,1.31,0.0788
08/09/2026 12:56:07,2014-05-30 00:00:00,Índice del mercado bursátil colombiano - COLCAP,1659.05,-3.81,-0.2291
08/09/2026 12:56:07,2014-06-03 00:00:00,Índice del mercado bursátil colombiano - COLCAP,1678.97,19.92,1.2007
08/09/2026 12:56:07,2014-06-04 00:00:00,Índice del mercado bursátil colombiano - COLCAP,1675.34,-3.63,-0.2162
08/09/2026 12:56:07,2014-06-05 00:00:00,Índice del mercado bursátil colombiano - COLCAP,1682.81,7.47,0.4459
08/09/2026 12:56:07,2014-06-06 00:00:00,Índice del mercado bursátil colombiano - COLCAP,1676.84,-5.97,-0.3548
08/09/2026 12:56:07,2014-06-09 00:00:00,Índice del mercado bursátil colombiano - COLCAP,1683.87,7.03,0.4192
08/09/2026 12:56:07,2014-06-10 00:00:00,Índice del mercado bursátil colombiano - COLCAP,1714.03,30.16,1.7911
08/09/2026 12:56:07,2014-06-11 00:00:00,Índice del mercado bursátil colombiano - COLCAP,1720.6,6.57,0.3833
08/09/2026 12:56:07,2014-06-12 00:00:00,Índice del mercado bursátil colombiano - COLCAP,1714.84,-5.76,-0.3348
08/09/2026 12:56:07,2014-06-13 00:00:00,Índice del mercado bursátil colombiano - COLCAP,1716.81,1.97,0.1149
08/09/2026 12:56:07,2014-06-16 00:00:00,Índice del mercado bursátil colombiano - COLCAP,1728.28,11.47,0.6681
08/09/2026 12:56:07,2014-06-17 00:00:00,Índice del mercado bursátil colombiano - COLCAP,1719.06,-9.22,-0.5335
08/09/2026 12:56:07,2014-06-18 00:00:00,Índice del mercado bursátil colombiano - COLCAP,1722.24,3.18,0.185
08/09/2026 12:56:07,2014-06-19 00:00:00,Índice del mercado bursátil colombiano - COLCAP,1720.16,-2.08,-0.1208
08/09/2026 12:56:07,2014-06-20 00:00:00,Índice del mercado bursátil colombiano - COLCAP,1725.13,4.97,0.2889
08/09/2026 12:56:07,2014-06-24 00:00:00,Índice del mercado bursátil colombiano - COLCAP,1723.7,-1.43,-0.0829
08/09/2026 12:56:07,2014-06-25 00:00:00,Índice del mercado bursátil colombiano - COLCAP,1717.65,-6.05,-0.351
08/09/2026 12:56:07,2014-06-26 00:00:00,Índice del mercado bursátil colombiano - COLCAP,1710.67,-6.98,-0.4064
08/09/2026 12:56:07,2014-06-27 00:00:00,Índice del mercado bursátil colombiano - COLCAP,1705.99,-4.68,-0.2736
08/09/2026 12:56:07,2014-07-01 00:00:00,Índice del mercado bursátil colombiano - COLCAP,1705.14,-0.85,-0.0498
08/09/2026 12:56:07,2014-07-02 00:00:00,Índice del mercado bursátil colombiano - COLCAP,1703.39,-1.75,-0.1026
08/09/2026 12:56:07,2014-07-03 00:00:00,Índice del mercado bursátil colombiano - COLCAP,1705.49,2.1,0.1233
08/09/2026 12:56:07,2014-07-04 00:00:00,Índice del mercado bursátil colombiano - COLCAP,1704.32,-1.17,-0.0686
08/09/2026 12:56:07,2014-07-07 00:00:00,Índice del mercado bursátil colombiano - COLCAP,1701.44,-2.88,-0.169
08/09/2026 12:56:07,2014-07-08 00:00:00,Índice del mercado bursátil colombiano - COLCAP,1695.6,-5.84,-0.3432
08/09/2026 12:56:07,2014-07-09 00:00:00,Índice del mercado bursátil colombiano - COLCAP,1684.34,-11.26,-0.6641
08/09/2026 12:56:07,2014-07-10 00:00:00,Índice del mercado bursátil colombiano - COLCAP,1674.48,-9.86,-0.5854
08/09/2026 12:56:07,2014-07-11 00:00:00,Índice del mercado bursátil colombiano - COLCAP,1684.25,9.77,0.5835
08/09/2026 12:56:07,2014-07-14 00:00:00,Índice del mercado bursátil colombiano - COLCAP,1673.99,-10.26,-0.6092
08/09/2026 12:56:07,2014-07-15 00:00:00,Índice del mercado bursátil colombiano - COLCAP,1680.12,6.13,0.3662
08/09/2026 12:56:07,2014-07-16 00:00:00,Índice del mercado bursátil colombiano - COLCAP,1687,6.88,0.4095
08/09/2026 12:56:07,2014-07-17 00:00:00,Índice del mercado bursátil colombiano - COLCAP,1688.55,1.55,0.0919
08/09/2026 12:56:07,2014-07-18 00:00:00,Índice del mercado bursátil colombiano - COLCAP,1689.55,1,0.0592
08/09/2026 12:56:07,2014-07-21 00:00:00,Índice del mercado bursátil colombiano - COLCAP,1689.25,-0.3,-0.0178
08/09/2026 12:56:07,2014-07-22 00:00:00,Índice del mercado bursátil colombiano - COLCAP,1697.12,7.87,0.4659
08/09/2026 12:56:07,2014-07-23 00:00:00,Índice del mercado bursátil colombiano - COLCAP,1695.55,-1.57,-0.0925
08/09/2026 12:56:07,2014-07-24 00:00:00,Índice del mercado bursátil colombiano - COLCAP,1693.63,-1.92,-0.1132
08/09/2026 12:56:07,2014-07-25 00:00:00,Índice del mercado bursátil colombiano - COLCAP,1700.91,7.28,0.4298
08/09/2026 12:56:07,2014-07-28 00:00:00,Índice del mercado bursátil colombiano - COLCAP,1714.94,14.03,0.8249
08/09/2026 12:56:07,2014-07-29 00:00:00,Índice del mercado bursátil colombiano - COLCAP,1706.94,-8,-0.4665
08/09/2026 12:56:07,2014-07-30 00:00:00,Índice del mercado bursátil colombiano - COLCAP,1710.59,3.65,0.2138
08/09/2026 12:56:07,2014-07-31 00:00:00,Índice del mercado bursátil colombiano - COLCAP,1694.59,-16,-0.9353
08/09/2026 12:56:07,2014-08-01 00:00:00,Índice del mercado bursátil colombiano - COLCAP,1693.06,-1.53,-0.0903
08/09/2026 12:56:07,2014-08-04 00:00:00,Índice del mercado bursátil colombiano - COLCAP,1712.97,19.91,1.176
08/09/2026 12:56:07,2014-08-05 00:00:00,Índice del mercado bursátil colombiano - COLCAP,1724.24,11.27,0.6579
08/09/2026 12:56:07,2014-08-06 00:00:00,Índice del mercado bursátil colombiano - COLCAP,1720.24,-4,-0.232
08/09/2026 12:56:07,2014-08-08 00:00:00,Índice del mercado bursátil colombiano - COLCAP,1719.88,-0.36,-0.0209
08/09/2026 12:56:07,2014-08-11 00:00:00,Índice del mercado bursátil colombiano - COLCAP,1740.83,20.95,1.2181
08/09/2026 12:56:07,2014-08-12 00:00:00,Índice del mercado bursátil colombiano - COLCAP,1720.34,-20.49,-1.177
08/09/2026 12:56:07,2014-08-13 00:00:00,Índice del mercado bursátil colombiano - COLCAP,1726.32,5.98,0.3476
08/09/2026 12:56:07,2014-08-14 00:00:00,Índice del mercado bursátil colombiano - COLCAP,1723.15,-3.17,-0.1836
08/09/2026 12:56:07,2014-08-15 00:00:00,Índice del mercado bursátil colombiano - COLCAP,1722.54,-0.61,-0.0354
08/09/2026 12:56:07,2014-08-19 00:00:00,Índice del mercado bursátil colombiano - COLCAP,1731.95,9.41,0.5463
08/09/2026 12:56:07,2014-08-20 00:00:00,Índice del mercado bursátil colombiano - COLCAP,1750.67,18.72,1.0809
08/09/2026 12:56:07,2014-08-21 00:00:00,Índice del mercado bursátil colombiano - COLCAP,1755.26,4.59,0.2622
08/09/2026 12:56:07,2014-08-22 00:00:00,Índice del mercado bursátil colombiano - COLCAP,1747.13,-8.13,-0.4632
08/09/2026 12:56:07,2014-08-25 00:00:00,Índice del mercado bursátil colombiano - COLCAP,1749.93,2.8,0.1603
08/09/2026 12:56:07,2014-08-26 00:00:00,Índice del mercado bursátil colombiano - COLCAP,1754.19,4.26,0.2434
08/09/2026 12:56:07,2014-08-27 00:00:00,Índice del mercado bursátil colombiano - COLCAP,1764.1,9.91,0.5649
08/09/2026 12:56:07,2014-08-28 00:00:00,Índice del mercado bursátil colombiano - COLCAP,1763.51,-0.59,-0.0334
08/09/2026 12:56:07,2014-08-29 00:00:00,Índice del mercado bursátil colombiano - COLCAP,1771.18,7.67,0.4349
08/09/2026 12:56:07,2014-09-01 00:00:00,Índice del mercado bursátil colombiano - COLCAP,1776.76,5.58,0.315
08/09/2026 12:56:07,2014-09-02 00:00:00,Índice del mercado bursátil colombiano - COLCAP,1777.53,0.77,0.0433
08/09/2026 12:56:07,2014-09-03 00:00:00,Índice del mercado bursátil colombiano - COLCAP,1780.25,2.72,0.153
08/09/2026 12:56:07,2014-09-04 00:00:00,Índice del mercado bursátil colombiano - COLCAP,1769.38,-10.87,-0.6106
08/09/2026 12:56:07,2014-09-05 00:00:00,Índice del mercado bursátil colombiano - COLCAP,1761.69,-7.69,-0.4346
08/09/2026 12:56:07,2014-09-08 00:00:00,Índice del mercado bursátil colombiano - COLCAP,1749.84,-11.85,-0.6726
08/09/2026 12:56:07,2014-09-09 00:00:00,Índice del mercado bursátil colombiano - COLCAP,1741.59,-8.25,-0.4715
08/09/2026 12:56:07,2014-09-10 00:00:00,Índice del mercado bursátil colombiano - COLCAP,1744.09,2.5,0.1435
08/09/2026 12:56:07,2014-09-11 00:00:00,Índice del mercado bursátil colombiano - COLCAP,1733.52,-10.57,-0.606
08/09/2026 12:56:07,2014-09-12 00:00:00,Índice del mercado bursátil colombiano - COLCAP,1734.98,1.46,0.0842
08/09/2026 12:56:07,2014-09-15 00:00:00,Índice del mercado bursátil colombiano - COLCAP,1732.93,-2.05,-0.1182
08/09/2026 12:56:07,2014-09-16 00:00:00,Índice del mercado bursátil colombiano - COLCAP,1728.09,-4.84,-0.2793
08/09/2026 12:56:07,2014-09-17 00:00:00,Índice del mercado bursátil colombiano - COLCAP,1735.42,7.33,0.4242
08/09/2026 12:56:07,2014-09-18 00:00:00,Índice del mercado bursátil colombiano - COLCAP,1741.58,6.16,0.355
08/09/2026 12:56:07,2014-09-19 00:00:00,Índice del mercado bursátil colombiano - COLCAP,1739.41,-2.17,-0.1246
08/09/2026 12:56:07,2014-09-22 00:00:00,Índice del mercado bursátil colombiano - COLCAP,1730.8,-8.61,-0.495
08/09/2026 12:56:07,2014-09-23 00:00:00,Índice del mercado bursátil colombiano - COLCAP,1696.34,-34.46,-1.991
08/09/2026 12:56:07,2014-09-24 00:00:00,Índice del mercado bursátil colombiano - COLCAP,1688.37,-7.97,-0.4698
08/09/2026 12:56:07,2014-09-25 00:00:00,Índice del mercado bursátil colombiano - COLCAP,1675.14,-13.23,-0.7836
08/09/2026 12:56:07,2014-09-26 00:00:00,Índice del mercado bursátil colombiano - COLCAP,1678,2.86,0.1707
08/09/2026 12:56:07,2014-09-29 00:00:00,Índice del mercado bursátil colombiano - COLCAP,1678.48,0.48,0.0286
08/09/2026 12:56:07,2014-09-30 00:00:00,Índice del mercado bursátil colombiano - COLCAP,1665.7,-12.78,-0.7614
08/09/2026 12:56:07,2014-10-01 00:00:00,Índice del mercado bursátil colombiano - COLCAP,1635.43,-30.27,-1.8173
08/09/2026 12:56:07,2014-10-02 00:00:00,Índice del mercado bursátil colombiano - COLCAP,1629.09,-6.34,-0.3877
08/09/2026 12:56:07,2014-10-03 00:00:00,Índice del mercado bursátil colombiano - COLCAP,1654.23,25.14,1.5432
08/09/2026 12:56:07,2014-10-06 00:00:00,Índice del mercado bursátil colombiano - COLCAP,1669.03,14.8,0.8947
08/09/2026 12:56:07,2014-10-07 00:00:00,Índice del mercado bursátil colombiano - COLCAP,1655.85,-13.18,-0.7897
08/09/2026 12:56:07,2014-10-08 00:00:00,Índice del mercado bursátil colombiano - COLCAP,1643.31,-12.54,-0.7573
08/09/2026 12:56:07,2014-10-09 00:00:00,Índice del mercado bursátil colombiano - COLCAP,1640.36,-2.95,-0.1795
08/09/2026 12:56:07,2014-10-10 00:00:00,Índice del mercado bursátil colombiano - COLCAP,1601.8,-38.56,-2.3507
08/09/2026 12:56:07,2014-10-14 00:00:00,Índice del mercado bursátil colombiano - COLCAP,1590.3,-11.5,-0.7179
08/09/2026 12:56:07,2014-10-15 00:00:00,Índice del mercado bursátil colombiano - COLCAP,1580.26,-10.04,-0.6313
08/09/2026 12:56:07,2014-10-16 00:00:00,Índice del mercado bursátil colombiano - COLCAP,1603.09,22.83,1.4447
08/09/2026 12:56:07,2014-10-17 00:00:00,Índice del mercado bursátil colombiano - COLCAP,1617,13.91,0.8677
08/09/2026 12:56:07,2014-10-20 00:00:00,Índice del mercado bursátil colombiano - COLCAP,1617.07,0.07,0.0043
08/09/2026 12:56:07,2014-10-21 00:00:00,Índice del mercado bursátil colombiano - COLCAP,1626.33,9.26,0.5726
08/09/2026 12:56:07,2014-10-22 00:00:00,Índice del mercado bursátil colombiano - COLCAP,1613.1,-13.23,-0.8135
08/09/2026 12:56:07,2014-10-23 00:00:00,Índice del mercado bursátil colombiano - COLCAP,1624.99,11.89,0.7371
08/09/2026 12:56:07,2014-10-24 00:00:00,Índice del mercado bursátil colombiano - COLCAP,1624.17,-0.82,-0.0505
08/09/2026 12:56:07,2014-10-27 00:00:00,Índice del mercado bursátil colombiano - COLCAP,1608.76,-15.41,-0.9488
08/09/2026 12:56:07,2014-10-28 00:00:00,Índice del mercado bursátil colombiano - COLCAP,1610.34,1.58,0.0982
08/09/2026 12:56:07,2014-10-29 00:00:00,Índice del mercado bursátil colombiano - COLCAP,1615.05,4.71,0.2925
08/09/2026 12:56:07,2014-10-30 00:00:00,Índice del mercado bursátil colombiano - COLCAP,1626.22,11.17,0.6916
08/09/2026 12:56:07,2014-10-31 00:00:00,Índice del mercado bursátil colombiano - COLCAP,1634.88,8.66,0.5325
08/09/2026 12:56:07,2014-11-04 00:00:00,Índice del mercado bursátil colombiano - COLCAP,1625.32,-9.56,-0.5848
08/09/2026 12:56:07,2014-11-05 00:00:00,Índice del mercado bursátil colombiano - COLCAP,1633.61,8.29,0.5101
08/09/2026 12:56:07,2014-11-06 00:00:00,Índice del mercado bursátil colombiano - COLCAP,1640.47,6.86,0.4199
08/09/2026 12:56:07,2014-11-07 00:00:00,Índice del mercado bursátil colombiano - COLCAP,1638.79,-1.68,-0.1024
08/09/2026 12:56:07,2014-11-10 00:00:00,Índice del mercado bursátil colombiano - COLCAP,1635.71,-3.08,-0.1879
08/09/2026 12:56:07,2014-11-11 00:00:00,Índice del mercado bursátil colombiano - COLCAP,1620.88,-14.83,-0.9066
08/09/2026 12:56:07,2014-11-12 00:00:00,Índice del mercado bursátil colombiano - COLCAP,1623.63,2.75,0.1697
08/09/2026 12:56:07,2014-11-13 00:00:00,Índice del mercado bursátil colombiano - COLCAP,1606.43,-17.2,-1.0594
08/09/2026 12:56:07,2014-11-14 00:00:00,Índice del mercado bursátil colombiano - COLCAP,1603.88,-2.55,-0.1587
08/09/2026 12:56:07,2014-11-18 00:00:00,Índice del mercado bursátil colombiano - COLCAP,1593.06,-10.82,-0.6746
08/09/2026 12:56:07,2014-11-19 00:00:00,Índice del mercado bursátil colombiano - COLCAP,1592.31,-0.75,-0.0471
08/09/2026 12:56:07,2014-11-20 00:00:00,Índice del mercado bursátil colombiano - COLCAP,1590.12,-2.19,-0.1375
08/09/2026 12:56:07,2014-11-21 00:00:00,Índice del mercado bursátil colombiano - COLCAP,1598.59,8.47,0.5327
08/09/2026 12:56:07,2014-11-24 00:00:00,Índice del mercado bursátil colombiano - COLCAP,1584.42,-14.17,-0.8864
08/09/2026 12:56:07,2014-11-25 00:00:00,Índice del mercado bursátil colombiano - COLCAP,1572.95,-11.47,-0.7239
08/09/2026 12:56:07,2014-11-26 00:00:00,Índice del mercado bursátil colombiano - COLCAP,1551.89,-21.06,-1.3389
08/09/2026 12:56:07,2014-11-27 00:00:00,Índice del mercado bursátil colombiano - COLCAP,1532.87,-19.02,-1.2256
08/09/2026 12:56:07,2014-11-28 00:00:00,Índice del mercado bursátil colombiano - COLCAP,1525.68,-7.19,-0.4691
08/09/2026 12:56:07,2014-12-01 00:00:00,Índice del mercado bursátil colombiano - COLCAP,1510.06,-15.62,-1.0238
08/09/2026 12:56:07,2014-12-02 00:00:00,Índice del mercado bursátil colombiano - COLCAP,1497.59,-12.47,-0.8258
08/09/2026 12:56:07,2014-12-03 00:00:00,Índice del mercado bursátil colombiano - COLCAP,1515.62,18.03,1.2039
08/09/2026 12:56:07,2014-12-04 00:00:00,Índice del mercado bursátil colombiano - COLCAP,1495.97,-19.65,-1.2965
08/09/2026 12:56:07,2014-12-05 00:00:00,Índice del mercado bursátil colombiano - COLCAP,1500.51,4.54,0.3035
08/09/2026 12:56:07,2014-12-09 00:00:00,Índice del mercado bursátil colombiano - COLCAP,1488.4,-12.11,-0.8071
08/09/2026 12:56:07,2014-12-10 00:00:00,Índice del mercado bursátil colombiano - COLCAP,1444.01,-44.39,-2.9824
08/09/2026 12:56:07,2014-12-11 00:00:00,Índice del mercado bursátil colombiano - COLCAP,1410.95,-33.06,-2.2895
08/09/2026 12:56:07,2014-12-12 00:00:00,Índice del mercado bursátil colombiano - COLCAP,1382.75,-28.2,-1.9987
08/09/2026 12:56:07,2014-12-15 00:00:00,Índice del mercado bursátil colombiano - COLCAP,1348.38,-34.37,-2.4856
08/09/2026 12:56:07,2014-12-16 00:00:00,Índice del mercado bursátil colombiano - COLCAP,1373.03,24.65,1.8281
08/09/2026 12:56:07,2014-12-17 00:00:00,Índice del mercado bursátil colombiano - COLCAP,1428.4,55.37,4.0327
08/09/2026 12:56:07,2014-12-18 00:00:00,Índice del mercado bursátil colombiano - COLCAP,1433.69,5.29,0.3703
08/09/2026 12:56:07,2014-12-19 00:00:00,Índice del mercado bursátil colombiano - COLCAP,1462.06,28.37,1.9788
08/09/2026 12:56:07,2014-12-22 00:00:00,Índice del mercado bursátil colombiano - COLCAP,1525.01,62.95,4.3056
08/09/2026 12:56:07,2014-12-23 00:00:00,Índice del mercado bursátil colombiano - COLCAP,1537.38,12.37,0.8111
08/09/2026 12:56:07,2014-12-24 00:00:00,Índice del mercado bursátil colombiano - COLCAP,1538.88,1.5,0.0976
08/09/2026 12:56:07,2014-12-26 00:00:00,Índice del mercado bursátil colombiano - COLCAP,1517.25,-21.63,-1.4056
08/09/2026 12:56:07,2014-12-29 00:00:00,Índice del mercado bursátil colombiano - COLCAP,1507.53,-9.72,-0.6406
08/09/2026 12:56:07,2014-12-30 00:00:00,Índice del mercado bursátil colombiano - COLCAP,1512.98,5.45,0.3615
08/09/2026 12:56:07,2015-01-02 00:00:00,Índice del mercado bursátil colombiano - COLCAP,1483.89,-29.09,-1.9227
08/09/2026 12:56:07,2015-01-05 00:00:00,Índice del mercado bursátil colombiano - COLCAP,1418.74,-65.15,-4.3905
08/09/2026 12:56:07,2015-01-06 00:00:00,Índice del mercado bursátil colombiano - COLCAP,1419.92,1.18,0.0832
08/09/2026 12:56:07,2015-01-07 00:00:00,Índice del mercado bursátil colombiano - COLCAP,1422.2,2.28,0.1606
08/09/2026 12:56:07,2015-01-08 00:00:00,Índice del mercado bursátil colombiano - COLCAP,1433.37,11.17,0.7854
08/09/2026 12:56:07,2015-01-09 00:00:00,Índice del mercado bursátil colombiano - COLCAP,1426.77,-6.6,-0.4605
08/09/2026 12:56:07,2015-01-13 00:00:00,Índice del mercado bursátil colombiano - COLCAP,1412.2,-14.57,-1.0212
08/09/2026 12:56:07,2015-01-14 00:00:00,Índice del mercado bursátil colombiano - COLCAP,1387.56,-24.64,-1.7448
08/09/2026 12:56:07,2015-01-15 00:00:00,Índice del mercado bursátil colombiano - COLCAP,1380.65,-6.91,-0.498
08/09/2026 12:56:07,2015-01-16 00:00:00,Índice del mercado bursátil colombiano - COLCAP,1376.3,-4.35,-0.3151
08/09/2026 12:56:07,2015-01-19 00:00:00,Índice del mercado bursátil colombiano - COLCAP,1376.17,-0.13,-0.0094
08/09/2026 12:56:07,2015-01-20 00:00:00,Índice del mercado bursátil colombiano - COLCAP,1377.29,1.12,0.0814
08/09/2026 12:56:07,2015-01-21 00:00:00,Índice del mercado bursátil colombiano - COLCAP,1388.17,10.88,0.79
08/09/2026 12:56:07,2015-01-22 00:00:00,Índice del mercado bursátil colombiano - COLCAP,1411.78,23.61,1.7008
08/09/2026 12:56:07,2015-01-23 00:00:00,Índice del mercado bursátil colombiano - COLCAP,1423.28,11.5,0.8146
08/09/2026 12:56:07,2015-01-26 00:00:00,Índice del mercado bursátil colombiano - COLCAP,1426.48,3.2,0.2248
08/09/2026 12:56:07,2015-01-27 00:00:00,Índice del mercado bursátil colombiano - COLCAP,1423.89,-2.59,-0.1816
08/09/2026 12:56:07,2015-01-28 00:00:00,Índice del mercado bursátil colombiano - COLCAP,1407.79,-16.1,-1.1307
08/09/2026 12:56:07,2015-01-29 00:00:00,Índice del mercado bursátil colombiano - COLCAP,1407.92,0.13,0.0092
08/09/2026 12:56:07,2015-01-30 00:00:00,Índice del mercado bursátil colombiano - COLCAP,1389,-18.92,-1.3438
08/09/2026 12:56:07,2015-02-02 00:00:00,Índice del mercado bursátil colombiano - COLCAP,1408.2,19.2,1.3823
08/09/2026 12:56:07,2015-02-03 00:00:00,Índice del mercado bursátil colombiano - COLCAP,1436.19,27.99,1.9876
08/09/2026 12:56:07,2015-02-04 00:00:00,Índice del mercado bursátil colombiano - COLCAP,1428.45,-7.74,-0.5389
08/09/2026 12:56:07,2015-02-05 00:00:00,Índice del mercado bursátil colombiano - COLCAP,1434.46,6.01,0.4207
08/09/2026 12:56:07,2015-02-06 00:00:00,Índice del mercado bursátil colombiano - COLCAP,1437.03,2.57,0.1792
08/09/2026 12:56:07,2015-02-09 00:00:00,Índice del mercado bursátil colombiano - COLCAP,1425.57,-11.46,-0.7975
08/09/2026 12:56:07,2015-02-10 00:00:00,Índice del mercado bursátil colombiano - COLCAP,1402.65,-22.92,-1.6078
08/09/2026 12:56:07,2015-02-11 00:00:00,Índice del mercado bursátil colombiano - COLCAP,1381.74,-20.91,-1.4907
08/09/2026 12:56:07,2015-02-12 00:00:00,Índice del mercado bursátil colombiano - COLCAP,1381.46,-0.28,-0.0203
08/09/2026 12:56:07,2015-02-13 00:00:00,Índice del mercado bursátil colombiano - COLCAP,1397.81,16.35,1.1835
08/09/2026 12:56:07,2015-02-16 00:00:00,Índice del mercado bursátil colombiano - COLCAP,1398.97,1.16,0.083
08/09/2026 12:56:07,2015-02-17 00:00:00,Índice del mercado bursátil colombiano - COLCAP,1397.2,-1.77,-0.1265
08/09/2026 12:56:07,2015-02-18 00:00:00,Índice del mercado bursátil colombiano - COLCAP,1397.93,0.73,0.0522
08/09/2026 12:56:07,2015-02-19 00:00:00,Índice del mercado bursátil colombiano - COLCAP,1386.78,-11.15,-0.7976
08/09/2026 12:56:07,2015-02-20 00:00:00,Índice del mercado bursátil colombiano - COLCAP,1368.85,-17.93,-1.2929
08/09/2026 12:56:07,2015-02-23 00:00:00,Índice del mercado bursátil colombiano - COLCAP,1375.86,7.01,0.5121
08/09/2026 12:56:07,2015-02-24 00:00:00,Índice del mercado bursátil colombiano - COLCAP,1365.36,-10.5,-0.7632
08/09/2026 12:56:07,2015-02-25 00:00:00,Índice del mercado bursátil colombiano - COLCAP,1362.71,-2.65,-0.1941
08/09/2026 12:56:07,2015-02-26 00:00:00,Índice del mercado bursátil colombiano - COLCAP,1361.95,-0.76,-0.0558
08/09/2026 12:56:07,2015-02-27 00:00:00,Índice del mercado bursátil colombiano - COLCAP,1367.58,5.63,0.4134
08/09/2026 12:56:07,2015-03-02 00:00:00,Índice del mercado bursátil colombiano - COLCAP,1342.89,-24.69,-1.8054
08/09/2026 12:56:07,2015-03-03 00:00:00,Índice del mercado bursátil colombiano - COLCAP,1317.12,-25.77,-1.919
08/09/2026 12:56:07,2015-03-04 00:00:00,Índice del mercado bursátil colombiano - COLCAP,1321.63,4.51,0.3424
08/09/2026 12:56:07,2015-03-05 00:00:00,Índice del mercado bursátil colombiano - COLCAP,1311.62,-10.01,-0.7574
08/09/2026 12:56:07,2015-03-06 00:00:00,Índice del mercado bursátil colombiano - COLCAP,1280.43,-31.19,-2.378
08/09/2026 12:56:07,2015-03-09 00:00:00,Índice del mercado bursátil colombiano - COLCAP,1257.87,-22.56,-1.7619
08/09/2026 12:56:07,2015-03-10 00:00:00,Índice del mercado bursátil colombiano - COLCAP,1249.94,-7.93,-0.6304
08/09/2026 12:56:07,2015-03-11 00:00:00,Índice del mercado bursátil colombiano - COLCAP,1249.83,-0.11,-0.0088
08/09/2026 12:56:07,2015-03-12 00:00:00,Índice del mercado bursátil colombiano - COLCAP,1269.88,20.05,1.6042
08/09/2026 12:56:07,2015-03-13 00:00:00,Índice del mercado bursátil colombiano - COLCAP,1281.95,12.07,0.9505
08/09/2026 12:56:07,2015-03-16 00:00:00,Índice del mercado bursátil colombiano - COLCAP,1288.16,6.21,0.4844
08/09/2026 12:56:07,2015-03-17 00:00:00,Índice del mercado bursátil colombiano - COLCAP,1288.6,0.44,0.0342
08/09/2026 12:56:07,2015-03-18 00:00:00,Índice del mercado bursátil colombiano - COLCAP,1304.89,16.29,1.2642
08/09/2026 12:56:07,2015-03-19 00:00:00,Índice del mercado bursátil colombiano - COLCAP,1297.34,-7.55,-0.5786
08/09/2026 12:56:07,2015-03-20 00:00:00,Índice del mercado bursátil colombiano - COLCAP,1292.36,-4.98,-0.3839
08/09/2026 12:56:07,2015-03-24 00:00:00,Índice del mercado bursátil colombiano - COLCAP,1284.87,-7.49,-0.5796
08/09/2026 12:56:07,2015-03-25 00:00:00,Índice del mercado bursátil colombiano - COLCAP,1297.88,13.01,1.0126
08/09/2026 12:56:07,2015-03-26 00:00:00,Índice del mercado bursátil colombiano - COLCAP,1300.04,2.16,0.1664
08/09/2026 12:56:07,2015-03-27 00:00:00,Índice del mercado bursátil colombiano - COLCAP,1294.9,-5.14,-0.3954
08/09/2026 12:56:07,2015-03-30 00:00:00,Índice del mercado bursátil colombiano - COLCAP,1297.14,2.24,0.173
08/09/2026 12:56:07,2015-03-31 00:00:00,Índice del mercado bursátil colombiano - COLCAP,1304.62,7.48,0.5767
08/09/2026 12:56:07,2015-04-01 00:00:00,Índice del mercado bursátil colombiano - COLCAP,1329.8,25.18,1.9301
08/09/2026 12:56:07,2015-04-06 00:00:00,Índice del mercado bursátil colombiano - COLCAP,1350.52,20.72,1.5581
08/09/2026 12:56:07,2015-04-07 00:00:00,Índice del mercado bursátil colombiano - COLCAP,1355.85,5.33,0.3947
08/09/2026 12:56:07,2015-04-08 00:00:00,Índice del mercado bursátil colombiano - COLCAP,1344.58,-11.27,-0.8312
08/09/2026 12:56:07,2015-04-09 00:00:00,Índice del mercado bursátil colombiano - COLCAP,1350.77,6.19,0.4604
08/09/2026 12:56:07,2015-04-10 00:00:00,Índice del mercado bursátil colombiano - COLCAP,1347.8,-2.97,-0.2199
08/09/2026 12:56:07,2015-04-13 00:00:00,Índice del mercado bursátil colombiano - COLCAP,1357.47,9.67,0.7175
08/09/2026 12:56:07,2015-04-14 00:00:00,Índice del mercado bursátil colombiano - COLCAP,1358.76,1.29,0.095
08/09/2026 12:56:07,2015-04-15 00:00:00,Índice del mercado bursátil colombiano - COLCAP,1362.53,3.77,0.2775
08/09/2026 12:56:07,2015-04-16 00:00:00,Índice del mercado bursátil colombiano - COLCAP,1367.14,4.61,0.3383
08/09/2026 12:56:07,2015-04-17 00:00:00,Índice del mercado bursátil colombiano - COLCAP,1363.89,-3.25,-0.2377
08/09/2026 12:56:07,2015-04-20 00:00:00,Índice del mercado bursátil colombiano - COLCAP,1347.89,-16,-1.1731
08/09/2026 12:56:07,2015-04-21 00:00:00,Índice del mercado bursátil colombiano - COLCAP,1330.31,-17.58,-1.3043
08/09/2026 12:56:07,2015-04-22 00:00:00,Índice del mercado bursátil colombiano - COLCAP,1346.53,16.22,1.2193
08/09/2026 12:56:07,2015-04-23 00:00:00,Índice del mercado bursátil colombiano - COLCAP,1357.85,11.32,0.8407
08/09/2026 12:56:07,2015-04-24 00:00:00,Índice del mercado bursátil colombiano - COLCAP,1374.49,16.64,1.2255
08/09/2026 12:56:07,2015-04-27 00:00:00,Índice del mercado bursátil colombiano - COLCAP,1392.29,17.8,1.295
08/09/2026 12:56:07,2015-04-28 00:00:00,Índice del mercado bursátil colombiano - COLCAP,1411.62,19.33,1.3884
08/09/2026 12:56:07,2015-04-29 00:00:00,Índice del mercado bursátil colombiano - COLCAP,1405.71,-5.91,-0.4187
08/09/2026 12:56:07,2015-04-30 00:00:00,Índice del mercado bursátil colombiano - COLCAP,1396.35,-9.36,-0.6659
08/09/2026 12:56:07,2015-05-04 00:00:00,Índice del mercado bursátil colombiano - COLCAP,1401.16,4.81,0.3445
08/09/2026 12:56:07,2015-05-05 00:00:00,Índice del mercado bursátil colombiano - COLCAP,1418.06,16.9,1.2061
08/09/2026 12:56:07,2015-05-06 00:00:00,Índice del mercado bursátil colombiano - COLCAP,1411.22,-6.84,-0.4823
08/09/2026 12:56:07,2015-05-07 00:00:00,Índice del mercado bursátil colombiano - COLCAP,1378.04,-33.18,-2.3512
08/09/2026 12:56:07,2015-05-08 00:00:00,Índice del mercado bursátil colombiano - COLCAP,1367.28,-10.76,-0.7808
08/09/2026 12:56:07,2015-05-11 00:00:00,Índice del mercado bursátil colombiano - COLCAP,1366.06,-1.22,-0.0892
08/09/2026 12:56:07,2015-05-12 00:00:00,Índice del mercado bursátil colombiano - COLCAP,1361.8,-4.26,-0.3118
08/09/2026 12:56:07,2015-05-13 00:00:00,Índice del mercado bursátil colombiano - COLCAP,1358.35,-3.45,-0.2533
08/09/2026 12:56:07,2015-05-14 00:00:00,Índice del mercado bursátil colombiano - COLCAP,1360.76,2.41,0.1774
08/09/2026 12:56:07,2015-05-15 00:00:00,Índice del mercado bursátil colombiano - COLCAP,1357,-3.76,-0.2763
08/09/2026 12:56:07,2015-05-19 00:00:00,Índice del mercado bursátil colombiano - COLCAP,1368.58,11.58,0.8534
08/09/2026 12:56:07,2015-05-20 00:00:00,Índice del mercado bursátil colombiano - COLCAP,1363.42,-5.16,-0.377
08/09/2026 12:56:07,2015-05-21 00:00:00,Índice del mercado bursátil colombiano - COLCAP,1356.61,-6.81,-0.4995
08/09/2026 12:56:07,2015-05-22 00:00:00,Índice del mercado bursátil colombiano - COLCAP,1353.62,-2.99,-0.2204
08/09/2026 12:56:07,2015-05-25 00:00:00,Índice del mercado bursátil colombiano - COLCAP,1347.77,-5.85,-0.4322
08/09/2026 12:56:07,2015-05-26 00:00:00,Índice del mercado bursátil colombiano - COLCAP,1336.89,-10.88,-0.8073
08/09/2026 12:56:07,2015-05-27 00:00:00,Índice del mercado bursátil colombiano - COLCAP,1310.79,-26.1,-1.9523
08/09/2026 12:56:07,2015-05-28 00:00:00,Índice del mercado bursátil colombiano - COLCAP,1307.17,-3.62,-0.2762
08/09/2026 12:56:07,2015-05-29 00:00:00,Índice del mercado bursátil colombiano - COLCAP,1306.62,-0.55,-0.0421
08/09/2026 12:56:07,2015-06-01 00:00:00,Índice del mercado bursátil colombiano - COLCAP,1301.17,-5.45,-0.4171
08/09/2026 12:56:07,2015-06-02 00:00:00,Índice del mercado bursátil colombiano - COLCAP,1309.26,8.09,0.6217
08/09/2026 12:56:07,2015-06-03 00:00:00,Índice del mercado bursátil colombiano - COLCAP,1311.78,2.52,0.1925
08/09/2026 12:56:07,2015-06-04 00:00:00,Índice del mercado bursátil colombiano - COLCAP,1309.09,-2.69,-0.2051
08/09/2026 12:56:07,2015-06-05 00:00:00,Índice del mercado bursátil colombiano - COLCAP,1320.31,11.22,0.8571
08/09/2026 12:56:07,2015-06-09 00:00:00,Índice del mercado bursátil colombiano - COLCAP,1319.23,-1.08,-0.0818
08/09/2026 12:56:07,2015-06-10 00:00:00,Índice del mercado bursátil colombiano - COLCAP,1323.54,4.31,0.3267
08/09/2026 12:56:07,2015-06-11 00:00:00,Índice del mercado bursátil colombiano - COLCAP,1333.75,10.21,0.7714
08/09/2026 12:56:07,2015-06-12 00:00:00,Índice del mercado bursátil colombiano - COLCAP,1330.18,-3.57,-0.2677
08/09/2026 12:56:07,2015-06-16 00:00:00,Índice del mercado bursátil colombiano - COLCAP,1321.1,-9.08,-0.6826
08/09/2026 12:56:07,2015-06-17 00:00:00,Índice del mercado bursátil colombiano - COLCAP,1320.69,-0.41,-0.031
08/09/2026 12:56:07,2015-06-18 00:00:00,Índice del mercado bursátil colombiano - COLCAP,1325.8,5.11,0.3869
08/09/2026 12:56:07,2015-06-19 00:00:00,Índice del mercado bursátil colombiano - COLCAP,1307.51,-18.29,-1.3795
08/09/2026 12:56:07,2015-06-22 00:00:00,Índice del mercado bursátil colombiano - COLCAP,1313.33,5.82,0.4451
08/09/2026 12:56:07,2015-06-23 00:00:00,Índice del mercado bursátil colombiano - COLCAP,1332.08,18.75,1.4277
08/09/2026 12:56:07,2015-06-24 00:00:00,Índice del mercado bursátil colombiano - COLCAP,1329.42,-2.66,-0.1997
08/09/2026 12:56:07,2015-06-25 00:00:00,Índice del mercado bursátil colombiano - COLCAP,1313.83,-15.59,-1.1727
08/09/2026 12:56:07,2015-06-26 00:00:00,Índice del mercado bursátil colombiano - COLCAP,1321.82,7.99,0.6081
08/09/2026 12:56:07,2015-06-30 00:00:00,Índice del mercado bursátil colombiano - COLCAP,1331.35,9.53,0.721
08/09/2026 12:56:07,2015-07-01 00:00:00,Índice del mercado bursátil colombiano - COLCAP,1313.53,-17.82,-1.3385
08/09/2026 12:56:07,2015-07-02 00:00:00,Índice del mercado bursátil colombiano - COLCAP,1320.06,6.53,0.4971
08/09/2026 12:56:07,2015-07-03 00:00:00,Índice del mercado bursátil colombiano - COLCAP,1312.67,-7.39,-0.5598
08/09/2026 12:56:07,2015-07-06 00:00:00,Índice del mercado bursátil colombiano - COLCAP,1309.68,-2.99,-0.2278
08/09/2026 12:56:07,2015-07-07 00:00:00,Índice del mercado bursátil colombiano - COLCAP,1305.92,-3.76,-0.2871
08/09/2026 12:56:07,2015-07-08 00:00:00,Índice del mercado bursátil colombiano - COLCAP,1295.54,-10.38,-0.7948
08/09/2026 12:56:07,2015-07-09 00:00:00,Índice del mercado bursátil colombiano - COLCAP,1300.57,5.03,0.3883
08/09/2026 12:56:07,2015-07-10 00:00:00,Índice del mercado bursátil colombiano - COLCAP,1310.59,10.02,0.7704
08/09/2026 12:56:07,2015-07-13 00:00:00,Índice del mercado bursátil colombiano - COLCAP,1314.02,3.43,0.2617
08/09/2026 12:56:07,2015-07-14 00:00:00,Índice del mercado bursátil colombiano - COLCAP,1325.39,11.37,0.8653
08/09/2026 12:56:07,2015-07-15 00:00:00,Índice del mercado bursátil colombiano - COLCAP,1324.37,-1.02,-0.077
08/09/2026 12:56:07,2015-07-16 00:00:00,Índice del mercado bursátil colombiano - COLCAP,1326.44,2.07,0.1563
08/09/2026 12:56:07,2015-07-17 00:00:00,Índice del mercado bursátil colombiano - COLCAP,1309.45,-16.99,-1.2809
08/09/2026 12:56:07,2015-07-21 00:00:00,Índice del mercado bursátil colombiano - COLCAP,1300.58,-8.87,-0.6774
08/09/2026 12:56:07,2015-07-22 00:00:00,Índice del mercado bursátil colombiano - COLCAP,1306.33,5.75,0.4421
08/09/2026 12:56:07,2015-07-23 00:00:00,Índice del mercado bursátil colombiano - COLCAP,1307.4,1.07,0.0819
08/09/2026 12:56:07,2015-07-24 00:00:00,Índice del mercado bursátil colombiano - COLCAP,1303.25,-4.15,-0.3174
08/09/2026 12:56:07,2015-07-27 00:00:00,Índice del mercado bursátil colombiano - COLCAP,1293.07,-10.18,-0.7811
08/09/2026 12:56:07,2015-07-28 00:00:00,Índice del mercado bursátil colombiano - COLCAP,1297.62,4.55,0.3519
08/09/2026 12:56:07,2015-07-29 00:00:00,Índice del mercado bursátil colombiano - COLCAP,1325.32,27.7,2.1347
08/09/2026 12:56:07,2015-07-30 00:00:00,Índice del mercado bursátil colombiano - COLCAP,1321.96,-3.36,-0.2535
08/09/2026 12:56:07,2015-07-31 00:00:00,Índice del mercado bursátil colombiano - COLCAP,1317.24,-4.72,-0.357
08/09/2026 12:56:07,2015-08-03 00:00:00,Índice del mercado bursátil colombiano - COLCAP,1298.76,-18.48,-1.4029
08/09/2026 12:56:07,2015-08-04 00:00:00,Índice del mercado bursátil colombiano - COLCAP,1297.64,-1.12,-0.0862
08/09/2026 12:56:07,2015-08-05 00:00:00,Índice del mercado bursátil colombiano - COLCAP,1288.67,-8.97,-0.6913
08/09/2026 12:56:07,2015-08-06 00:00:00,Índice del mercado bursátil colombiano - COLCAP,1290.79,2.12,0.1645
08/09/2026 12:56:07,2015-08-10 00:00:00,Índice del mercado bursátil colombiano - COLCAP,1285.35,-5.44,-0.4214
08/09/2026 12:56:07,2015-08-11 00:00:00,Índice del mercado bursátil colombiano - COLCAP,1271.62,-13.73,-1.0682
08/09/2026 12:56:07,2015-08-12 00:00:00,Índice del mercado bursátil colombiano - COLCAP,1281.04,9.42,0.7408
08/09/2026 12:56:07,2015-08-13 00:00:00,Índice del mercado bursátil colombiano - COLCAP,1272.49,-8.55,-0.6674
08/09/2026 12:56:07,2015-08-14 00:00:00,Índice del mercado bursátil colombiano - COLCAP,1269.22,-3.27,-0.257
08/09/2026 12:56:07,2015-08-18 00:00:00,Índice del mercado bursátil colombiano - COLCAP,1260.95,-8.27,-0.6516
08/09/2026 12:56:07,2015-08-19 00:00:00,Índice del mercado bursátil colombiano - COLCAP,1240.35,-20.6,-1.6337
08/09/2026 12:56:07,2015-08-20 00:00:00,Índice del mercado bursátil colombiano - COLCAP,1228.87,-11.48,-0.9255
08/09/2026 12:56:07,2015-08-21 00:00:00,Índice del mercado bursátil colombiano - COLCAP,1192.75,-36.12,-2.9393
08/09/2026 12:56:07,2015-08-24 00:00:00,Índice del mercado bursátil colombiano - COLCAP,1150.78,-41.97,-3.5188
08/09/2026 12:56:07,2015-08-25 00:00:00,Índice del mercado bursátil colombiano - COLCAP,1149.53,-1.25,-0.1086
08/09/2026 12:56:07,2015-08-26 00:00:00,Índice del mercado bursátil colombiano - COLCAP,1152.87,3.34,0.2906
08/09/2026 12:56:07,2015-08-27 00:00:00,Índice del mercado bursátil colombiano - COLCAP,1198.78,45.91,3.9822
08/09/2026 12:56:07,2015-08-28 00:00:00,Índice del mercado bursátil colombiano - COLCAP,1217.95,19.17,1.5991
08/09/2026 12:56:07,2015-08-31 00:00:00,Índice del mercado bursátil colombiano - COLCAP,1246.59,28.64,2.3515
08/09/2026 12:56:07,2015-09-01 00:00:00,Índice del mercado bursátil colombiano - COLCAP,1210.78,-35.81,-2.8726
08/09/2026 12:56:07,2015-09-02 00:00:00,Índice del mercado bursátil colombiano - COLCAP,1218.88,8.1,0.669
08/09/2026 12:56:07,2015-09-03 00:00:00,Índice del mercado bursátil colombiano - COLCAP,1238.95,20.07,1.6466
08/09/2026 12:56:07,2015-09-04 00:00:00,Índice del mercado bursátil colombiano - COLCAP,1235.97,-2.98,-0.2405
08/09/2026 12:56:07,2015-09-07 00:00:00,Índice del mercado bursátil colombiano - COLCAP,1241.61,5.64,0.4563
08/09/2026 12:56:07,2015-09-08 00:00:00,Índice del mercado bursátil colombiano - COLCAP,1244.63,3.02,0.2432
08/09/2026 12:56:07,2015-09-09 00:00:00,Índice del mercado bursátil colombiano - COLCAP,1233.84,-10.79,-0.8669
08/09/2026 12:56:07,2015-09-10 00:00:00,Índice del mercado bursátil colombiano - COLCAP,1255.39,21.55,1.7466
08/09/2026 12:56:07,2015-09-11 00:00:00,Índice del mercado bursátil colombiano - COLCAP,1249.58,-5.81,-0.4628
08/09/2026 12:56:07,2015-09-14 00:00:00,Índice del mercado bursátil colombiano - COLCAP,1250.32,0.74,0.0592
08/09/2026 12:56:07,2015-09-15 00:00:00,Índice del mercado bursátil colombiano - COLCAP,1253.6,3.28,0.2623
08/09/2026 12:56:07,2015-09-16 00:00:00,Índice del mercado bursátil colombiano - COLCAP,1265.28,11.68,0.9317
08/09/2026 12:56:07,2015-09-17 00:00:00,Índice del mercado bursátil colombiano - COLCAP,1264.14,-1.14,-0.0901
08/09/2026 12:56:07,2015-09-18 00:00:00,Índice del mercado bursátil colombiano - COLCAP,1248.58,-15.56,-1.2309
08/09/2026 12:56:07,2015-09-21 00:00:00,Índice del mercado bursátil colombiano - COLCAP,1233.98,-14.6,-1.1693
08/09/2026 12:56:07,2015-09-22 00:00:00,Índice del mercado bursátil colombiano - COLCAP,1215.45,-18.53,-1.5016
08/09/2026 12:56:07,2015-09-23 00:00:00,Índice del mercado bursátil colombiano - COLCAP,1208.77,-6.68,-0.5496
08/09/2026 12:56:07,2015-09-24 00:00:00,Índice del mercado bursátil colombiano - COLCAP,1219.38,10.61,0.8778
08/09/2026 12:56:07,2015-09-25 00:00:00,Índice del mercado bursátil colombiano - COLCAP,1215.27,-4.11,-0.3371
08/09/2026 12:56:07,2015-09-28 00:00:00,Índice del mercado bursátil colombiano - COLCAP,1203.12,-12.15,-0.9998
08/09/2026 12:56:07,2015-09-29 00:00:00,Índice del mercado bursátil colombiano - COLCAP,1202.27,-0.85,-0.0706
08/09/2026 12:56:07,2015-09-30 00:00:00,Índice del mercado bursátil colombiano - COLCAP,1218.82,16.55,1.3766
08/09/2026 12:56:07,2015-10-01 00:00:00,Índice del mercado bursátil colombiano - COLCAP,1210.19,-8.63,-0.7081
08/09/2026 12:56:07,2015-10-02 00:00:00,Índice del mercado bursátil colombiano - COLCAP,1218.08,7.89,0.652
08/09/2026 12:56:07,2015-10-05 00:00:00,Índice del mercado bursátil colombiano - COLCAP,1237.75,19.67,1.6148
08/09/2026 12:56:07,2015-10-06 00:00:00,Índice del mercado bursátil colombiano - COLCAP,1254.98,17.23,1.392
08/09/2026 12:56:07,2015-10-07 00:00:00,Índice del mercado bursátil colombiano - COLCAP,1274.33,19.35,1.5419
08/09/2026 12:56:07,2015-10-08 00:00:00,Índice del mercado bursátil colombiano - COLCAP,1280.55,6.22,0.4881
08/09/2026 12:56:07,2015-10-09 00:00:00,Índice del mercado bursátil colombiano - COLCAP,1280.18,-0.37,-0.0289
08/09/2026 12:56:07,2015-10-13 00:00:00,Índice del mercado bursátil colombiano - COLCAP,1274.28,-5.9,-0.4609
08/09/2026 12:56:07,2015-10-14 00:00:00,Índice del mercado bursátil colombiano - COLCAP,1258.68,-15.6,-1.2242
08/09/2026 12:56:07,2015-10-15 00:00:00,Índice del mercado bursátil colombiano - COLCAP,1251.02,-7.66,-0.6086
08/09/2026 12:56:07,2015-10-16 00:00:00,Índice del mercado bursátil colombiano - COLCAP,1251.59,0.57,0.0456
08/09/2026 12:56:07,2015-10-19 00:00:00,Índice del mercado bursátil colombiano - COLCAP,1246.6,-4.99,-0.3987
08/09/2026 12:56:07,2015-10-20 00:00:00,Índice del mercado bursátil colombiano - COLCAP,1245.97,-0.63,-0.0505
08/09/2026 12:56:07,2015-10-21 00:00:00,Índice del mercado bursátil colombiano - COLCAP,1245.11,-0.86,-0.069
08/09/2026 12:56:07,2015-10-22 00:00:00,Índice del mercado bursátil colombiano - COLCAP,1248.61,3.5,0.2811
08/09/2026 12:56:07,2015-10-23 00:00:00,Índice del mercado bursátil colombiano - COLCAP,1249.12,0.51,0.0408
08/09/2026 12:56:07,2015-10-26 00:00:00,Índice del mercado bursátil colombiano - COLCAP,1248.49,-0.63,-0.0504
08/09/2026 12:56:07,2015-10-27 00:00:00,Índice del mercado bursátil colombiano - COLCAP,1238.47,-10.02,-0.8026
08/09/2026 12:56:07,2015-10-28 00:00:00,Índice del mercado bursátil colombiano - COLCAP,1228.93,-9.54,-0.7703
08/09/2026 12:56:07,2015-10-29 00:00:00,Índice del mercado bursátil colombiano - COLCAP,1219.48,-9.45,-0.769
08/09/2026 12:56:07,2015-10-30 00:00:00,Índice del mercado bursátil colombiano - COLCAP,1218.13,-1.35,-0.1107
08/09/2026 12:56:07,2015-11-03 00:00:00,Índice del mercado bursátil colombiano - COLCAP,1217.93,-0.2,-0.0164
08/09/2026 12:56:07,2015-11-04 00:00:00,Índice del mercado bursátil colombiano - COLCAP,1218.39,0.46,0.0378
08/09/2026 12:56:07,2015-11-05 00:00:00,Índice del mercado bursátil colombiano - COLCAP,1225.68,7.29,0.5983
08/09/2026 12:56:07,2015-11-06 00:00:00,Índice del mercado bursátil colombiano - COLCAP,1222.87,-2.81,-0.2293
08/09/2026 12:56:07,2015-11-09 00:00:00,Índice del mercado bursátil colombiano - COLCAP,1217.49,-5.38,-0.4399
08/09/2026 12:56:07,2015-11-10 00:00:00,Índice del mercado bursátil colombiano - COLCAP,1213.44,-4.05,-0.3327
08/09/2026 12:56:07,2015-11-11 00:00:00,Índice del mercado bursátil colombiano - COLCAP,1204.62,-8.82,-0.7269
08/09/2026 12:56:07,2015-11-12 00:00:00,Índice del mercado bursátil colombiano - COLCAP,1182.47,-22.15,-1.8388
08/09/2026 12:56:07,2015-11-13 00:00:00,Índice del mercado bursátil colombiano - COLCAP,1152.13,-30.34,-2.5658
08/09/2026 12:56:07,2015-11-17 00:00:00,Índice del mercado bursátil colombiano - COLCAP,1112.05,-40.08,-3.4788
08/09/2026 12:56:07,2015-11-18 00:00:00,Índice del mercado bursátil colombiano - COLCAP,1125.57,13.52,1.2158
08/09/2026 12:56:07,2015-11-19 00:00:00,Índice del mercado bursátil colombiano - COLCAP,1120.45,-5.12,-0.4549
08/09/2026 12:56:07,2015-11-20 00:00:00,Índice del mercado bursátil colombiano - COLCAP,1139.17,18.72,1.6708
08/09/2026 12:56:07,2015-11-23 00:00:00,Índice del mercado bursátil colombiano - COLCAP,1140.28,1.11,0.0974
08/09/2026 12:56:07,2015-11-24 00:00:00,Índice del mercado bursátil colombiano - COLCAP,1124.6,-15.68,-1.3751
08/09/2026 12:56:07,2015-11-25 00:00:00,Índice del mercado bursátil colombiano - COLCAP,1108.53,-16.07,-1.429
08/09/2026 12:56:07,2015-11-26 00:00:00,Índice del mercado bursátil colombiano - COLCAP,1104.06,-4.47,-0.4032
08/09/2026 12:56:07,2015-11-27 00:00:00,Índice del mercado bursátil colombiano - COLCAP,1092.95,-11.11,-1.0063
08/09/2026 12:56:07,2015-11-30 00:00:00,Índice del mercado bursátil colombiano - COLCAP,1114.36,21.41,1.9589
08/09/2026 12:56:07,2015-12-01 00:00:00,Índice del mercado bursátil colombiano - COLCAP,1109.45,-4.91,-0.4406
08/09/2026 12:56:07,2015-12-02 00:00:00,Índice del mercado bursátil colombiano - COLCAP,1091.47,-17.98,-1.6206
08/09/2026 12:56:07,2015-12-03 00:00:00,Índice del mercado bursátil colombiano - COLCAP,1081.21,-10.26,-0.94
08/09/2026 12:56:07,2015-12-04 00:00:00,Índice del mercado bursátil colombiano - COLCAP,1070.93,-10.28,-0.9508
08/09/2026 12:56:07,2015-12-07 00:00:00,Índice del mercado bursátil colombiano - COLCAP,1051.25,-19.68,-1.8377
08/09/2026 12:56:07,2015-12-09 00:00:00,Índice del mercado bursátil colombiano - COLCAP,1062.02,10.77,1.0245
08/09/2026 12:56:07,2015-12-10 00:00:00,Índice del mercado bursátil colombiano - COLCAP,1080.06,18.04,1.6986
08/09/2026 12:56:07,2015-12-11 00:00:00,Índice del mercado bursátil colombiano - COLCAP,1074.88,-5.18,-0.4796
08/09/2026 12:56:07,2015-12-14 00:00:00,Índice del mercado bursátil colombiano - COLCAP,1074.26,-0.62,-0.0577
08/09/2026 12:56:07,2015-12-15 00:00:00,Índice del mercado bursátil colombiano - COLCAP,1101.24,26.98,2.5115
08/09/2026 12:56:07,2015-12-16 00:00:00,Índice del mercado bursátil colombiano - COLCAP,1129.78,28.54,2.5916
08/09/2026 12:56:07,2015-12-17 00:00:00,Índice del mercado bursátil colombiano - COLCAP,1140.85,11.07,0.9798
08/09/2026 12:56:07,2015-12-18 00:00:00,Índice del mercado bursátil colombiano - COLCAP,1139.99,-0.86,-0.0754
08/09/2026 12:56:07,2015-12-21 00:00:00,Índice del mercado bursátil colombiano - COLCAP,1131.27,-8.72,-0.7649
08/09/2026 12:56:07,2015-12-22 00:00:00,Índice del mercado bursátil colombiano - COLCAP,1128.73,-2.54,-0.2245
08/09/2026 12:56:07,2015-12-23 00:00:00,Índice del mercado bursátil colombiano - COLCAP,1161.02,32.29,2.8607
08/09/2026 12:56:07,2015-12-24 00:00:00,Índice del mercado bursátil colombiano - COLCAP,1154.77,-6.25,-0.5383
08/09/2026 12:56:07,2015-12-28 00:00:00,Índice del mercado bursátil colombiano - COLCAP,1152.22,-2.55,-0.2208
08/09/2026 12:56:07,2015-12-29 00:00:00,Índice del mercado bursátil colombiano - COLCAP,1148.25,-3.97,-0.3446
08/09/2026 12:56:07,2015-12-30 00:00:00,Índice del mercado bursátil colombiano - COLCAP,1153.71,5.46,0.4755
08/09/2026 12:56:07,2016-01-04 00:00:00,Índice del mercado bursátil colombiano - COLCAP,1129.71,0,0
08/09/2026 12:56:07,2016-01-05 00:00:00,Índice del mercado bursátil colombiano - COLCAP,1142.4,12.69,1.1233
08/09/2026 12:56:07,2016-01-06 00:00:00,Índice del mercado bursátil colombiano - COLCAP,1129.32,-13.08,-1.145
08/09/2026 12:56:07,2016-01-07 00:00:00,Índice del mercado bursátil colombiano - COLCAP,1105.73,-23.59,-2.0889
08/09/2026 12:56:07,2016-01-08 00:00:00,Índice del mercado bursátil colombiano - COLCAP,1098.32,-7.41,-0.6701
08/09/2026 12:56:07,2016-01-12 00:00:00,Índice del mercado bursátil colombiano - COLCAP,1079.28,-19.04,-1.7336
08/09/2026 12:56:07,2016-01-13 00:00:00,Índice del mercado bursátil colombiano - COLCAP,1096.68,17.4,1.6122
08/09/2026 12:56:07,2016-01-14 00:00:00,Índice del mercado bursátil colombiano - COLCAP,1128.65,31.97,2.9152
08/09/2026 12:56:07,2016-01-15 00:00:00,Índice del mercado bursátil colombiano - COLCAP,1103.26,-25.39,-2.2496
08/09/2026 12:56:07,2016-01-18 00:00:00,Índice del mercado bursátil colombiano - COLCAP,1078.69,-24.57,-2.227
08/09/2026 12:56:07,2016-01-19 00:00:00,Índice del mercado bursátil colombiano - COLCAP,1100.3,21.61,2.0034
08/09/2026 12:56:07,2016-01-20 00:00:00,Índice del mercado bursátil colombiano - COLCAP,1109.33,9.03,0.8207
08/09/2026 12:56:07,2016-01-21 00:00:00,Índice del mercado bursátil colombiano - COLCAP,1124.79,15.46,1.3936
08/09/2026 12:56:07,2016-01-22 00:00:00,Índice del mercado bursátil colombiano - COLCAP,1151.62,26.83,2.3853
08/09/2026 12:56:07,2016-01-25 00:00:00,Índice del mercado bursátil colombiano - COLCAP,1139.32,-12.3,-1.0681
08/09/2026 12:56:07,2016-01-26 00:00:00,Índice del mercado bursátil colombiano - COLCAP,1146.36,7.04,0.6179
08/09/2026 12:56:07,2016-01-27 00:00:00,Índice del mercado bursátil colombiano - COLCAP,1153.46,7.1,0.6194
08/09/2026 12:56:07,2016-01-28 00:00:00,Índice del mercado bursátil colombiano - COLCAP,1165.38,11.92,1.0334
08/09/2026 12:56:07,2016-01-29 00:00:00,Índice del mercado bursátil colombiano - COLCAP,1175.09,9.71,0.8332
08/09/2026 12:56:07,2016-02-01 00:00:00,Índice del mercado bursátil colombiano - COLCAP,1180.72,5.63,0.4791
08/09/2026 12:56:07,2016-02-02 00:00:00,Índice del mercado bursátil colombiano - COLCAP,1165.77,-14.95,-1.2662
08/09/2026 12:56:07,2016-02-03 00:00:00,Índice del mercado bursátil colombiano - COLCAP,1180.66,14.89,1.2773
08/09/2026 12:56:07,2016-02-04 00:00:00,Índice del mercado bursátil colombiano - COLCAP,1188.73,8.07,0.6835
08/09/2026 12:56:07,2016-02-05 00:00:00,Índice del mercado bursátil colombiano - COLCAP,1195.11,6.38,0.5367
08/09/2026 12:56:07,2016-02-08 00:00:00,Índice del mercado bursátil colombiano - COLCAP,1192.98,-2.13,-0.1782
08/09/2026 12:56:07,2016-02-09 00:00:00,Índice del mercado bursátil colombiano - COLCAP,1196.9,3.92,0.3286
08/09/2026 12:56:07,2016-02-10 00:00:00,Índice del mercado bursátil colombiano - COLCAP,1200.42,3.52,0.2941
08/09/2026 12:56:07,2016-02-11 00:00:00,Índice del mercado bursátil colombiano - COLCAP,1198.51,-1.91,-0.1591
08/09/2026 12:56:07,2016-02-12 00:00:00,Índice del mercado bursátil colombiano - COLCAP,1209.03,10.52,0.8778
08/09/2026 12:56:07,2016-02-15 00:00:00,Índice del mercado bursátil colombiano - COLCAP,1209.88,0.85,0.0703
08/09/2026 12:56:07,2016-02-16 00:00:00,Índice del mercado bursátil colombiano - COLCAP,1199.98,-9.9,-0.8183
08/09/2026 12:56:07,2016-02-17 00:00:00,Índice del mercado bursátil colombiano - COLCAP,1233.34,33.36,2.78
08/09/2026 12:56:07,2016-02-18 00:00:00,Índice del mercado bursátil colombiano - COLCAP,1235.89,2.55,0.2068
08/09/2026 12:56:07,2016-02-19 00:00:00,Índice del mercado bursátil colombiano - COLCAP,1234.93,-0.96,-0.0777
08/09/2026 12:56:07,2016-02-22 00:00:00,Índice del mercado bursátil colombiano - COLCAP,1236.37,1.44,0.1166
08/09/2026 12:56:07,2016-02-23 00:00:00,Índice del mercado bursátil colombiano - COLCAP,1229.65,-6.72,-0.5435
08/09/2026 12:56:07,2016-02-24 00:00:00,Índice del mercado bursátil colombiano - COLCAP,1228.18,-1.47,-0.1195
08/09/2026 12:56:07,2016-02-25 00:00:00,Índice del mercado bursátil colombiano - COLCAP,1240.13,11.95,0.973
08/09/2026 12:56:07,2016-02-26 00:00:00,Índice del mercado bursátil colombiano - COLCAP,1246.68,6.55,0.5282
08/09/2026 12:56:07,2016-02-29 00:00:00,Índice del mercado bursátil colombiano - COLCAP,1244.17,-2.51,-0.2013
08/09/2026 12:56:07,2016-03-01 00:00:00,Índice del mercado bursátil colombiano - COLCAP,1255.54,11.37,0.9139
08/09/2026 12:56:07,2016-03-02 00:00:00,Índice del mercado bursátil colombiano - COLCAP,1276.63,21.09,1.6798
08/09/2026 12:56:07,2016-03-03 00:00:00,Índice del mercado bursátil colombiano - COLCAP,1295.43,18.8,1.4726
08/09/2026 12:56:07,2016-03-04 00:00:00,Índice del mercado bursátil colombiano - COLCAP,1294.86,-0.57,-0.044
08/09/2026 12:56:07,2016-03-07 00:00:00,Índice del mercado bursátil colombiano - COLCAP,1307.17,12.31,0.9507
08/09/2026 12:56:07,2016-03-08 00:00:00,Índice del mercado bursátil colombiano - COLCAP,1294.63,-12.54,-0.9593
08/09/2026 12:56:07,2016-03-09 00:00:00,Índice del mercado bursátil colombiano - COLCAP,1296.27,1.64,0.1267
08/09/2026 12:56:07,2016-03-10 00:00:00,Índice del mercado bursátil colombiano - COLCAP,1299.45,3.18,0.2453
08/09/2026 12:56:07,2016-03-11 00:00:00,Índice del mercado bursátil colombiano - COLCAP,1302.71,3.26,0.2509
08/09/2026 12:56:07,2016-03-14 00:00:00,Índice del mercado bursátil colombiano - COLCAP,1298.48,-4.23,-0.3247
08/09/2026 12:56:07,2016-03-15 00:00:00,Índice del mercado bursátil colombiano - COLCAP,1285.34,-13.14,-1.012
08/09/2026 12:56:07,2016-03-16 00:00:00,Índice del mercado bursátil colombiano - COLCAP,1284.4,-0.94,-0.0731
08/09/2026 12:56:07,2016-03-17 00:00:00,Índice del mercado bursátil colombiano - COLCAP,1295.89,11.49,0.8946
08/09/2026 12:56:07,2016-03-18 00:00:00,Índice del mercado bursátil colombiano - COLCAP,1309.81,13.92,1.0742
08/09/2026 12:56:07,2016-03-22 00:00:00,Índice del mercado bursátil colombiano - COLCAP,1316.92,7.11,0.5428
08/09/2026 12:56:07,2016-03-23 00:00:00,Índice del mercado bursátil colombiano - COLCAP,1321.05,4.13,0.3136
08/09/2026 12:56:07,2016-03-28 00:00:00,Índice del mercado bursátil colombiano - COLCAP,1305.41,-15.64,-1.1839
08/09/2026 12:56:07,2016-03-29 00:00:00,Índice del mercado bursátil colombiano - COLCAP,1299.65,-5.76,-0.4412
08/09/2026 12:56:07,2016-03-30 00:00:00,Índice del mercado bursátil colombiano - COLCAP,1319.77,20.12,1.5481
08/09/2026 12:56:07,2016-03-31 00:00:00,Índice del mercado bursátil colombiano - COLCAP,1336.27,16.5,1.2502
08/09/2026 12:56:07,2016-04-01 00:00:00,Índice del mercado bursátil colombiano - COLCAP,1333.63,-2.64,-0.1976
08/09/2026 12:56:07,2016-04-04 00:00:00,Índice del mercado bursátil colombiano - COLCAP,1337.58,3.95,0.2962
08/09/2026 12:56:07,2016-04-05 00:00:00,Índice del mercado bursátil colombiano - COLCAP,1313.19,-24.39,-1.8234
08/09/2026 12:56:07,2016-04-06 00:00:00,Índice del mercado bursátil colombiano - COLCAP,1321.5,8.31,0.6328
08/09/2026 12:56:07,2016-04-07 00:00:00,Índice del mercado bursátil colombiano - COLCAP,1316.11,-5.39,-0.4079
08/09/2026 12:56:07,2016-04-08 00:00:00,Índice del mercado bursátil colombiano - COLCAP,1326.57,10.46,0.7948
08/09/2026 12:56:07,2016-04-11 00:00:00,Índice del mercado bursátil colombiano - COLCAP,1336.37,9.8,0.7387
08/09/2026 12:56:07,2016-04-12 00:00:00,Índice del mercado bursátil colombiano - COLCAP,1364.13,27.76,2.0773
08/09/2026 12:56:07,2016-04-13 00:00:00,Índice del mercado bursátil colombiano - COLCAP,1370.62,6.49,0.4758
08/09/2026 12:56:07,2016-04-14 00:00:00,Índice del mercado bursátil colombiano - COLCAP,1364.97,-5.65,-0.4122
08/09/2026 12:56:07,2016-04-15 00:00:00,Índice del mercado bursátil colombiano - COLCAP,1355.2,-9.77,-0.7158
08/09/2026 12:56:07,2016-04-18 00:00:00,Índice del mercado bursátil colombiano - COLCAP,1354.76,-0.44,-0.0325
08/09/2026 12:56:07,2016-04-19 00:00:00,Índice del mercado bursátil colombiano - COLCAP,1362.84,8.08,0.5964
08/09/2026 12:56:07,2016-04-20 00:00:00,Índice del mercado bursátil colombiano - COLCAP,1376.61,13.77,1.0104
08/09/2026 12:56:07,2016-04-21 00:00:00,Índice del mercado bursátil colombiano - COLCAP,1375.95,-0.66,-0.0479
08/09/2026 12:56:07,2016-04-22 00:00:00,Índice del mercado bursátil colombiano - COLCAP,1374.41,-1.54,-0.1119
08/09/2026 12:56:07,2016-04-25 00:00:00,Índice del mercado bursátil colombiano - COLCAP,1359.25,-15.16,-1.103
08/09/2026 12:56:07,2016-04-26 00:00:00,Índice del mercado bursátil colombiano - COLCAP,1365.2,5.95,0.4377
08/09/2026 12:56:07,2016-04-27 00:00:00,Índice del mercado bursátil colombiano - COLCAP,1361.98,-3.22,-0.2359
08/09/2026 12:56:07,2016-04-28 00:00:00,Índice del mercado bursátil colombiano - COLCAP,1362.02,0.04,0.0029
08/09/2026 12:56:07,2016-04-29 00:00:00,Índice del mercado bursátil colombiano - COLCAP,1342.42,-19.6,-1.439
08/09/2026 12:56:07,2016-05-02 00:00:00,Índice del mercado bursátil colombiano - COLCAP,1342.5,0.08,0.006
08/09/2026 12:56:07,2016-05-03 00:00:00,Índice del mercado bursátil colombiano - COLCAP,1320.18,-22.32,-1.6626
08/09/2026 12:56:07,2016-05-04 00:00:00,Índice del mercado bursátil colombiano - COLCAP,1311.83,-8.35,-0.6325
08/09/2026 12:56:07,2016-05-05 00:00:00,Índice del mercado bursátil colombiano - COLCAP,1291.14,-20.69,-1.5772
08/09/2026 12:56:07,2016-05-06 00:00:00,Índice del mercado bursátil colombiano - COLCAP,1293.03,1.89,0.1464
08/09/2026 12:56:07,2016-05-10 00:00:00,Índice del mercado bursátil colombiano - COLCAP,1328.6,35.57,2.7509
08/09/2026 12:56:07,2016-05-11 00:00:00,Índice del mercado bursátil colombiano - COLCAP,1336.35,7.75,0.5833
08/09/2026 12:56:07,2016-05-12 00:00:00,Índice del mercado bursátil colombiano - COLCAP,1351.39,15.04,1.1255
08/09/2026 12:56:07,2016-05-13 00:00:00,Índice del mercado bursátil colombiano - COLCAP,1350.36,-1.03,-0.0762
08/09/2026 12:56:07,2016-05-16 00:00:00,Índice del mercado bursátil colombiano - COLCAP,1357.57,7.21,0.5339
08/09/2026 12:56:07,2016-05-17 00:00:00,Índice del mercado bursátil colombiano - COLCAP,1343.88,-13.69,-1.0084
08/09/2026 12:56:07,2016-05-18 00:00:00,Índice del mercado bursátil colombiano - COLCAP,1327.74,-16.14,-1.201
08/09/2026 12:56:07,2016-05-19 00:00:00,Índice del mercado bursátil colombiano - COLCAP,1323.21,-4.53,-0.3412
08/09/2026 12:56:07,2016-05-20 00:00:00,Índice del mercado bursátil colombiano - COLCAP,1322.44,-0.77,-0.0582
08/09/2026 12:56:07,2016-05-23 00:00:00,Índice del mercado bursátil colombiano - COLCAP,1325.36,2.92,0.2208
08/09/2026 12:56:07,2016-05-24 00:00:00,Índice del mercado bursátil colombiano - COLCAP,1319.44,-5.92,-0.4467
08/09/2026 12:56:07,2016-05-25 00:00:00,Índice del mercado bursátil colombiano - COLCAP,1306.65,-12.79,-0.9694
08/09/2026 12:56:07,2016-05-26 00:00:00,Índice del mercado bursátil colombiano - COLCAP,1302.13,-4.52,-0.3459
08/09/2026 12:56:07,2016-05-27 00:00:00,Índice del mercado bursátil colombiano - COLCAP,1302.36,0.23,0.0177
08/09/2026 12:56:07,2016-05-31 00:00:00,Índice del mercado bursátil colombiano - COLCAP,1292.51,-9.85,-0.7563
08/09/2026 12:56:07,2016-06-01 00:00:00,Índice del mercado bursátil colombiano - COLCAP,1301.18,8.67,0.6708
08/09/2026 12:56:07,2016-06-02 00:00:00,Índice del mercado bursátil colombiano - COLCAP,1303,1.82,0.1399
08/09/2026 12:56:07,2016-06-03 00:00:00,Índice del mercado bursátil colombiano - COLCAP,1307.83,4.83,0.3707
08/09/2026 12:56:07,2016-06-07 00:00:00,Índice del mercado bursátil colombiano - COLCAP,1315.86,8.03,0.614
08/09/2026 12:56:07,2016-06-08 00:00:00,Índice del mercado bursátil colombiano - COLCAP,1333.46,17.6,1.3375
08/09/2026 12:56:07,2016-06-09 00:00:00,Índice del mercado bursátil colombiano - COLCAP,1333.48,0.02,0.0015
08/09/2026 12:56:07,2016-06-10 00:00:00,Índice del mercado bursátil colombiano - COLCAP,1320.48,-13,-0.9749
08/09/2026 12:56:07,2016-06-13 00:00:00,Índice del mercado bursátil colombiano - COLCAP,1315.23,-5.25,-0.3976
08/09/2026 12:56:07,2016-06-14 00:00:00,Índice del mercado bursátil colombiano - COLCAP,1303.33,-11.9,-0.9048
08/09/2026 12:56:07,2016-06-15 00:00:00,Índice del mercado bursátil colombiano - COLCAP,1303.83,0.5,0.0384
08/09/2026 12:56:07,2016-06-16 00:00:00,Índice del mercado bursátil colombiano - COLCAP,1307.77,3.94,0.3022
08/09/2026 12:56:07,2016-06-17 00:00:00,Índice del mercado bursátil colombiano - COLCAP,1308.41,0.64,0.0489
08/09/2026 12:56:07,2016-06-20 00:00:00,Índice del mercado bursátil colombiano - COLCAP,1316.2,7.79,0.5954
08/09/2026 12:56:07,2016-06-21 00:00:00,Índice del mercado bursátil colombiano - COLCAP,1323.65,7.45,0.566
08/09/2026 12:56:07,2016-06-22 00:00:00,Índice del mercado bursátil colombiano - COLCAP,1326.25,2.6,0.1964
08/09/2026 12:56:07,2016-06-23 00:00:00,Índice del mercado bursátil colombiano - COLCAP,1329.58,3.33,0.2511
08/09/2026 12:56:07,2016-06-24 00:00:00,Índice del mercado bursátil colombiano - COLCAP,1317.71,-11.87,-0.8928
08/09/2026 12:56:07,2016-06-27 00:00:00,Índice del mercado bursátil colombiano - COLCAP,1302.39,-15.32,-1.1626
08/09/2026 12:56:07,2016-06-28 00:00:00,Índice del mercado bursátil colombiano - COLCAP,1303.28,0.89,0.0683
08/09/2026 12:56:07,2016-06-29 00:00:00,Índice del mercado bursátil colombiano - COLCAP,1311.52,8.24,0.6323
08/09/2026 12:56:07,2016-06-30 00:00:00,Índice del mercado bursátil colombiano - COLCAP,1313.18,1.66,0.1266
08/09/2026 12:56:07,2016-07-01 00:00:00,Índice del mercado bursátil colombiano - COLCAP,1312.98,-0.2,-0.0152
08/09/2026 12:56:07,2016-07-05 00:00:00,Índice del mercado bursátil colombiano - COLCAP,1303.46,-9.52,-0.7251
08/09/2026 12:56:07,2016-07-06 00:00:00,Índice del mercado bursátil colombiano - COLCAP,1310,6.54,0.5017
08/09/2026 12:56:07,2016-07-07 00:00:00,Índice del mercado bursátil colombiano - COLCAP,1301.76,-8.24,-0.629
08/09/2026 12:56:07,2016-07-08 00:00:00,Índice del mercado bursátil colombiano - COLCAP,1297.64,-4.12,-0.3165
08/09/2026 12:56:07,2016-07-11 00:00:00,Índice del mercado bursátil colombiano - COLCAP,1306.76,9.12,0.7028
08/09/2026 12:56:07,2016-07-12 00:00:00,Índice del mercado bursátil colombiano - COLCAP,1320.3,13.54,1.0362
08/09/2026 12:56:07,2016-07-13 00:00:00,Índice del mercado bursátil colombiano - COLCAP,1325.79,5.49,0.4158
08/09/2026 12:56:07,2016-07-14 00:00:00,Índice del mercado bursátil colombiano - COLCAP,1332.85,7.06,0.5325
08/09/2026 12:56:07,2016-07-15 00:00:00,Índice del mercado bursátil colombiano - COLCAP,1339.6,6.75,0.5064
08/09/2026 12:56:07,2016-07-18 00:00:00,Índice del mercado bursátil colombiano - COLCAP,1339,-0.6,-0.0448
08/09/2026 12:56:07,2016-07-19 00:00:00,Índice del mercado bursátil colombiano - COLCAP,1337.8,-1.2,-0.0896
08/09/2026 12:56:07,2016-07-21 00:00:00,Índice del mercado bursátil colombiano - COLCAP,1328.61,-9.19,-0.6869
08/09/2026 12:56:07,2016-07-22 00:00:00,Índice del mercado bursátil colombiano - COLCAP,1332.85,4.24,0.3191
08/09/2026 12:56:07,2016-07-25 00:00:00,Índice del mercado bursátil colombiano - COLCAP,1323.41,-9.44,-0.7083
08/09/2026 12:56:07,2016-07-26 00:00:00,Índice del mercado bursátil colombiano - COLCAP,1315.69,-7.72,-0.5833
08/09/2026 12:56:07,2016-07-27 00:00:00,Índice del mercado bursátil colombiano - COLCAP,1321.65,5.96,0.453
08/09/2026 12:56:07,2016-07-28 00:00:00,Índice del mercado bursátil colombiano - COLCAP,1317.44,-4.21,-0.3185
08/09/2026 12:56:07,2016-07-29 00:00:00,Índice del mercado bursátil colombiano - COLCAP,1308.22,-9.22,-0.6998
08/09/2026 12:56:07,2016-08-01 00:00:00,Índice del mercado bursátil colombiano - COLCAP,1306.02,-2.2,-0.1682
08/09/2026 12:56:07,2016-08-02 00:00:00,Índice del mercado bursátil colombiano - COLCAP,1303.35,-2.67,-0.2044
08/09/2026 12:56:07,2016-08-03 00:00:00,Índice del mercado bursátil colombiano - COLCAP,1304.62,1.27,0.0974
08/09/2026 12:56:07,2016-08-04 00:00:00,Índice del mercado bursátil colombiano - COLCAP,1307.59,2.97,0.2277
08/09/2026 12:56:07,2016-08-05 00:00:00,Índice del mercado bursátil colombiano - COLCAP,1309.48,1.89,0.1445
08/09/2026 12:56:07,2016-08-08 00:00:00,Índice del mercado bursátil colombiano - COLCAP,1314.34,4.86,0.3711
08/09/2026 12:56:07,2016-08-09 00:00:00,Índice del mercado bursátil colombiano - COLCAP,1323.93,9.59,0.7296
08/09/2026 12:56:07,2016-08-10 00:00:00,Índice del mercado bursátil colombiano - COLCAP,1322.33,-1.6,-0.1209
08/09/2026 12:56:07,2016-08-11 00:00:00,Índice del mercado bursátil colombiano - COLCAP,1327.89,5.56,0.4205
08/09/2026 12:56:07,2016-08-12 00:00:00,Índice del mercado bursátil colombiano - COLCAP,1323.66,-4.23,-0.3186
08/09/2026 12:56:07,2016-08-16 00:00:00,Índice del mercado bursátil colombiano - COLCAP,1342.69,19.03,1.4377
08/09/2026 12:56:07,2016-08-17 00:00:00,Índice del mercado bursátil colombiano - COLCAP,1348.89,6.2,0.4618
08/09/2026 12:56:07,2016-08-18 00:00:00,Índice del mercado bursátil colombiano - COLCAP,1348.01,-0.88,-0.0652
08/09/2026 12:56:07,2016-08-19 00:00:00,Índice del mercado bursátil colombiano - COLCAP,1349.79,1.78,0.132
08/09/2026 12:56:07,2016-08-22 00:00:00,Índice del mercado bursátil colombiano - COLCAP,1349.21,-0.58,-0.043
08/09/2026 12:56:07,2016-08-23 00:00:00,Índice del mercado bursátil colombiano - COLCAP,1358.62,9.41,0.6974
08/09/2026 12:56:07,2016-08-24 00:00:00,Índice del mercado bursátil colombiano - COLCAP,1369.65,11.03,0.8119
08/09/2026 12:56:07,2016-08-25 00:00:00,Índice del mercado bursátil colombiano - COLCAP,1370.82,1.17,0.0854
08/09/2026 12:56:07,2016-08-26 00:00:00,Índice del mercado bursátil colombiano - COLCAP,1373.42,2.6,0.1897
08/09/2026 12:56:07,2016-08-29 00:00:00,Índice del mercado bursátil colombiano - COLCAP,1371.99,-1.43,-0.1041
08/09/2026 12:56:07,2016-08-30 00:00:00,Índice del mercado bursátil colombiano - COLCAP,1373.85,1.86,0.1356
08/09/2026 12:56:07,2016-08-31 00:00:00,Índice del mercado bursátil colombiano - COLCAP,1380.18,6.33,0.4607
08/09/2026 12:56:07,2016-09-01 00:00:00,Índice del mercado bursátil colombiano - COLCAP,1379.41,-0.77,-0.0558
08/09/2026 12:56:07,2016-09-02 00:00:00,Índice del mercado bursátil colombiano - COLCAP,1394.38,14.97,1.0852
08/09/2026 12:56:07,2016-09-05 00:00:00,Índice del mercado bursátil colombiano - COLCAP,1397.92,3.54,0.2539
08/09/2026 12:56:07,2016-09-06 00:00:00,Índice del mercado bursátil colombiano - COLCAP,1402.83,4.91,0.3512
08/09/2026 12:56:07,2016-09-07 00:00:00,Índice del mercado bursátil colombiano - COLCAP,1417.57,14.74,1.0507
08/09/2026 12:56:07,2016-09-08 00:00:00,Índice del mercado bursátil colombiano - COLCAP,1416.16,-1.41,-0.0995
08/09/2026 12:56:07,2016-09-09 00:00:00,Índice del mercado bursátil colombiano - COLCAP,1397.9,-18.26,-1.2894
08/09/2026 12:56:07,2016-09-12 00:00:00,Índice del mercado bursátil colombiano - COLCAP,1386.73,-11.17,-0.7991
08/09/2026 12:56:07,2016-09-13 00:00:00,Índice del mercado bursátil colombiano - COLCAP,1367.18,-19.55,-1.4098
08/09/2026 12:56:07,2016-09-14 00:00:00,Índice del mercado bursátil colombiano - COLCAP,1373.22,6.04,0.4418
08/09/2026 12:56:07,2016-09-15 00:00:00,Índice del mercado bursátil colombiano - COLCAP,1373.44,0.22,0.016
08/09/2026 12:56:07,2016-09-16 00:00:00,Índice del mercado bursátil colombiano - COLCAP,1354.63,-18.81,-1.3696
08/09/2026 12:56:07,2016-09-19 00:00:00,Índice del mercado bursátil colombiano - COLCAP,1354.67,0.04,0.003
08/09/2026 12:56:07,2016-09-20 00:00:00,Índice del mercado bursátil colombiano - COLCAP,1341.36,-13.31,-0.9825
08/09/2026 12:56:07,2016-09-21 00:00:00,Índice del mercado bursátil colombiano - COLCAP,1341.29,-0.07,-0.0052
08/09/2026 12:56:07,2016-09-22 00:00:00,Índice del mercado bursátil colombiano - COLCAP,1358.03,16.74,1.2481
08/09/2026 12:56:07,2016-09-23 00:00:00,Índice del mercado bursátil colombiano - COLCAP,1351.6,-6.43,-0.4735
08/09/2026 12:56:07,2016-09-26 00:00:00,Índice del mercado bursátil colombiano - COLCAP,1346.67,-4.93,-0.3648
08/09/2026 12:56:07,2016-09-27 00:00:00,Índice del mercado bursátil colombiano - COLCAP,1333.85,-12.82,-0.952
08/09/2026 12:56:07,2016-09-28 00:00:00,Índice del mercado bursátil colombiano - COLCAP,1354.98,21.13,1.5841
08/09/2026 12:56:07,2016-09-29 00:00:00,Índice del mercado bursátil colombiano - COLCAP,1345,-9.98,-0.7365
08/09/2026 12:56:07,2016-09-30 00:00:00,Índice del mercado bursátil colombiano - COLCAP,1338.83,-6.17,-0.4587
08/09/2026 12:56:07,2016-10-03 00:00:00,Índice del mercado bursátil colombiano - COLCAP,1330.57,-8.26,-0.617
08/09/2026 12:56:07,2016-10-04 00:00:00,Índice del mercado bursátil colombiano - COLCAP,1335.1,4.53,0.3405
08/09/2026 12:56:07,2016-10-05 00:00:00,Índice del mercado bursátil colombiano - COLCAP,1341.33,6.23,0.4666
08/09/2026 12:56:07,2016-10-06 00:00:00,Índice del mercado bursátil colombiano - COLCAP,1343.44,2.11,0.1573
08/09/2026 12:56:07,2016-10-07 00:00:00,Índice del mercado bursátil colombiano - COLCAP,1348.2,4.76,0.3543
08/09/2026 12:56:07,2016-10-10 00:00:00,Índice del mercado bursátil colombiano - COLCAP,1350.33,2.13,0.158
08/09/2026 12:56:07,2016-10-11 00:00:00,Índice del mercado bursátil colombiano - COLCAP,1358.07,7.74,0.5732
08/09/2026 12:56:07,2016-10-12 00:00:00,Índice del mercado bursátil colombiano - COLCAP,1354.61,-3.46,-0.2548
08/09/2026 12:56:07,2016-10-13 00:00:00,Índice del mercado bursátil colombiano - COLCAP,1354.4,-0.21,-0.0155
08/09/2026 12:56:07,2016-10-14 00:00:00,Índice del mercado bursátil colombiano - COLCAP,1346.07,-8.33,-0.615
08/09/2026 12:56:07,2016-10-18 00:00:00,Índice del mercado bursátil colombiano - COLCAP,1355.72,9.65,0.7169
08/09/2026 12:56:07,2016-10-19 00:00:00,Índice del mercado bursátil colombiano - COLCAP,1364.02,8.3,0.6122
08/09/2026 12:56:07,2016-10-20 00:00:00,Índice del mercado bursátil colombiano - COLCAP,1361.15,-2.87,-0.2104
08/09/2026 12:56:07,2016-10-21 00:00:00,Índice del mercado bursátil colombiano - COLCAP,1362.97,1.82,0.1337
08/09/2026 12:56:07,2016-10-24 00:00:00,Índice del mercado bursátil colombiano - COLCAP,1359.2,-3.77,-0.2766
08/09/2026 12:56:07,2016-10-25 00:00:00,Índice del mercado bursátil colombiano - COLCAP,1356.98,-2.22,-0.1633
08/09/2026 12:56:07,2016-10-26 00:00:00,Índice del mercado bursátil colombiano - COLCAP,1357.49,0.51,0.0376
08/09/2026 12:56:07,2016-10-27 00:00:00,Índice del mercado bursátil colombiano - COLCAP,1359.7,2.21,0.1628
08/09/2026 12:56:07,2016-10-28 00:00:00,Índice del mercado bursátil colombiano - COLCAP,1360.96,1.26,0.0927
08/09/2026 12:56:07,2016-10-31 00:00:00,Índice del mercado bursátil colombiano - COLCAP,1365.53,4.57,0.3358
08/09/2026 12:56:07,2016-11-01 00:00:00,Índice del mercado bursátil colombiano - COLCAP,1370.75,5.22,0.3823
08/09/2026 12:56:07,2016-11-02 00:00:00,Índice del mercado bursátil colombiano - COLCAP,1368.45,-2.3,-0.1678
08/09/2026 12:56:07,2016-11-03 00:00:00,Índice del mercado bursátil colombiano - COLCAP,1356.01,-12.44,-0.9091
08/09/2026 12:56:07,2016-11-04 00:00:00,Índice del mercado bursátil colombiano - COLCAP,1345.66,-10.35,-0.7633
08/09/2026 12:56:07,2016-11-08 00:00:00,Índice del mercado bursátil colombiano - COLCAP,1354.91,9.25,0.6874
08/09/2026 12:56:07,2016-11-09 00:00:00,Índice del mercado bursátil colombiano - COLCAP,1354.68,-0.23,-0.017
08/09/2026 12:56:07,2016-11-10 00:00:00,Índice del mercado bursátil colombiano - COLCAP,1319.51,-35.17,-2.5962
08/09/2026 12:56:07,2016-11-11 00:00:00,Índice del mercado bursátil colombiano - COLCAP,1299.03,-20.48,-1.5521
08/09/2026 12:56:07,2016-11-15 00:00:00,Índice del mercado bursátil colombiano - COLCAP,1297.07,-1.96,-0.1509
08/09/2026 12:56:07,2016-11-16 00:00:00,Índice del mercado bursátil colombiano - COLCAP,1300.09,3.02,0.2328
08/09/2026 12:56:07,2016-11-17 00:00:00,Índice del mercado bursátil colombiano - COLCAP,1305.81,5.72,0.44
08/09/2026 12:56:07,2016-11-18 00:00:00,Índice del mercado bursátil colombiano - COLCAP,1307.44,1.63,0.1248
08/09/2026 12:56:07,2016-11-21 00:00:00,Índice del mercado bursátil colombiano - COLCAP,1312.87,5.43,0.4153
08/09/2026 12:56:07,2016-11-22 00:00:00,Índice del mercado bursátil colombiano - COLCAP,1307.21,-5.66,-0.4311
08/09/2026 12:56:07,2016-11-23 00:00:00,Índice del mercado bursátil colombiano - COLCAP,1308.87,1.66,0.127
08/09/2026 12:56:07,2016-11-24 00:00:00,Índice del mercado bursátil colombiano - COLCAP,1308.94,0.07,0.0053
08/09/2026 12:56:07,2016-11-25 00:00:00,Índice del mercado bursátil colombiano - COLCAP,1295.67,-13.27,-1.0138
08/09/2026 12:56:07,2016-11-28 00:00:00,Índice del mercado bursátil colombiano - COLCAP,1289.97,-5.7,-0.4399
08/09/2026 12:56:07,2016-11-29 00:00:00,Índice del mercado bursátil colombiano - COLCAP,1271.11,-18.86,-1.462
08/09/2026 12:56:07,2016-11-30 00:00:00,Índice del mercado bursátil colombiano - COLCAP,1286.07,14.96,1.1769
08/09/2026 12:56:07,2016-12-01 00:00:00,Índice del mercado bursátil colombiano - COLCAP,1297.33,11.26,0.8755
08/09/2026 12:56:07,2016-12-02 00:00:00,Índice del mercado bursátil colombiano - COLCAP,1306.56,9.23,0.7115
08/09/2026 12:56:07,2016-12-05 00:00:00,Índice del mercado bursátil colombiano - COLCAP,1314.74,8.18,0.6261
08/09/2026 12:56:07,2016-12-06 00:00:00,Índice del mercado bursátil colombiano - COLCAP,1316.82,2.08,0.1582
08/09/2026 12:56:07,2016-12-07 00:00:00,Índice del mercado bursátil colombiano - COLCAP,1314.38,-2.44,-0.1853
08/09/2026 12:56:07,2016-12-09 00:00:00,Índice del mercado bursátil colombiano - COLCAP,1324.8,10.42,0.7928
08/09/2026 12:56:07,2016-12-12 00:00:00,Índice del mercado bursátil colombiano - COLCAP,1323.19,-1.61,-0.1215
08/09/2026 12:56:07,2016-12-13 00:00:00,Índice del mercado bursátil colombiano - COLCAP,1335.46,12.27,0.9273
08/09/2026 12:56:07,2016-12-14 00:00:00,Índice del mercado bursátil colombiano - COLCAP,1325.78,-9.68,-0.7248
08/09/2026 12:56:07,2016-12-15 00:00:00,Índice del mercado bursátil colombiano - COLCAP,1339.89,14.11,1.0643
08/09/2026 12:56:07,2016-12-16 00:00:00,Índice del mercado bursátil colombiano - COLCAP,1341.58,1.69,0.1261
08/09/2026 12:56:07,2016-12-19 00:00:00,Índice del mercado bursátil colombiano - COLCAP,1340.08,-1.5,-0.1118
08/09/2026 12:56:07,2016-12-20 00:00:00,Índice del mercado bursátil colombiano - COLCAP,1345.87,5.79,0.4321
08/09/2026 12:56:07,2016-12-21 00:00:00,Índice del mercado bursátil colombiano - COLCAP,1342.25,-3.62,-0.269
08/09/2026 12:56:07,2016-12-22 00:00:00,Índice del mercado bursátil colombiano - COLCAP,1340.06,-2.19,-0.1632
08/09/2026 12:56:07,2016-12-23 00:00:00,Índice del mercado bursátil colombiano - COLCAP,1330.31,-9.75,-0.7276
08/09/2026 12:56:07,2016-12-26 00:00:00,Índice del mercado bursátil colombiano - COLCAP,1341.31,11,0.8269
08/09/2026 12:56:07,2016-12-27 00:00:00,Índice del mercado bursátil colombiano - COLCAP,1339.06,-2.25,-0.1677
08/09/2026 12:56:07,2016-12-28 00:00:00,Índice del mercado bursátil colombiano - COLCAP,1353.65,14.59,1.0896
08/09/2026 12:56:07,2016-12-29 00:00:00,Índice del mercado bursátil colombiano - COLCAP,1351.68,-1.97,-0.1455
08/09/2026 12:56:07,2017-01-02 00:00:00,Índice del mercado bursátil colombiano - COLCAP,1345.89,-5.79,-0.4284
08/09/2026 12:56:07,2017-01-03 00:00:00,Índice del mercado bursátil colombiano - COLCAP,1354.82,8.93,0.6635
08/09/2026 12:56:07,2017-01-04 00:00:00,Índice del mercado bursátil colombiano - COLCAP,1373.04,18.22,1.3448
08/09/2026 12:56:07,2017-01-05 00:00:00,Índice del mercado bursátil colombiano - COLCAP,1377.88,4.84,0.3525
08/09/2026 12:56:07,2017-01-06 00:00:00,Índice del mercado bursátil colombiano - COLCAP,1374.08,-3.8,-0.2758
08/09/2026 12:56:07,2017-01-10 00:00:00,Índice del mercado bursátil colombiano - COLCAP,1372.5,-1.58,-0.115
08/09/2026 12:56:07,2017-01-11 00:00:00,Índice del mercado bursátil colombiano - COLCAP,1375.14,2.64,0.1923
08/09/2026 12:56:07,2017-01-12 00:00:00,Índice del mercado bursátil colombiano - COLCAP,1369.64,-5.5,-0.4
08/09/2026 12:56:07,2017-01-13 00:00:00,Índice del mercado bursátil colombiano - COLCAP,1369.62,-0.02,-0.0015
08/09/2026 12:56:07,2017-01-16 00:00:00,Índice del mercado bursátil colombiano - COLCAP,1361.05,-8.57,-0.6257
08/09/2026 12:56:07,2017-01-17 00:00:00,Índice del mercado bursátil colombiano - COLCAP,1361.48,0.43,0.0316
08/09/2026 12:56:07,2017-01-18 00:00:00,Índice del mercado bursátil colombiano - COLCAP,1360.54,-0.94,-0.069
08/09/2026 12:56:07,2017-01-19 00:00:00,Índice del mercado bursátil colombiano - COLCAP,1359.6,-0.94,-0.0691
08/09/2026 12:56:07,2017-01-20 00:00:00,Índice del mercado bursátil colombiano - COLCAP,1354.35,-5.25,-0.3861
08/09/2026 12:56:07,2017-01-23 00:00:00,Índice del mercado bursátil colombiano - COLCAP,1355.43,1.08,0.0797
08/09/2026 12:56:07,2017-01-24 00:00:00,Índice del mercado bursátil colombiano - COLCAP,1366.91,11.48,0.847
08/09/2026 12:56:07,2017-01-25 00:00:00,Índice del mercado bursátil colombiano - COLCAP,1365.24,-1.67,-0.1222
08/09/2026 12:56:07,2017-01-26 00:00:00,Índice del mercado bursátil colombiano - COLCAP,1371.38,6.14,0.4497
08/09/2026 12:56:07,2017-01-27 00:00:00,Índice del mercado bursátil colombiano - COLCAP,1372.59,1.21,0.0882
08/09/2026 12:56:07,2017-01-30 00:00:00,Índice del mercado bursátil colombiano - COLCAP,1364.9,-7.69,-0.5603
08/09/2026 12:56:07,2017-01-31 00:00:00,Índice del mercado bursátil colombiano - COLCAP,1357.47,-7.43,-0.5444
08/09/2026 12:56:07,2017-02-01 00:00:00,Índice del mercado bursátil colombiano - COLCAP,1357.83,0.36,0.0265
08/09/2026 12:56:07,2017-02-02 00:00:00,Índice del mercado bursátil colombiano - COLCAP,1366.79,8.96,0.6599
08/09/2026 12:56:07,2017-02-03 00:00:00,Índice del mercado bursátil colombiano - COLCAP,1369.79,3,0.2195
08/09/2026 12:56:07,2017-02-06 00:00:00,Índice del mercado bursátil colombiano - COLCAP,1367.92,-1.87,-0.1365
08/09/2026 12:56:07,2017-02-07 00:00:00,Índice del mercado bursátil colombiano - COLCAP,1360.65,-7.27,-0.5315
08/09/2026 12:56:07,2017-02-08 00:00:00,Índice del mercado bursátil colombiano - COLCAP,1350.27,-10.38,-0.7629
08/09/2026 12:56:07,2017-02-09 00:00:00,Índice del mercado bursátil colombiano - COLCAP,1345.97,-4.3,-0.3185
08/09/2026 12:56:07,2017-02-10 00:00:00,Índice del mercado bursátil colombiano - COLCAP,1347.4,1.43,0.1062
08/09/2026 12:56:07,2017-02-13 00:00:00,Índice del mercado bursátil colombiano - COLCAP,1351.36,3.96,0.2939
08/09/2026 12:56:07,2017-02-14 00:00:00,Índice del mercado bursátil colombiano - COLCAP,1320.97,-30.39,-2.2488
08/09/2026 12:56:07,2017-02-15 00:00:00,Índice del mercado bursátil colombiano - COLCAP,1334.88,13.91,1.053
08/09/2026 12:56:07,2017-02-16 00:00:00,Índice del mercado bursátil colombiano - COLCAP,1344.46,9.58,0.7177
08/09/2026 12:56:07,2017-02-17 00:00:00,Índice del mercado bursátil colombiano - COLCAP,1341.83,-2.63,-0.1956
08/09/2026 12:56:07,2017-02-20 00:00:00,Índice del mercado bursátil colombiano - COLCAP,1340.99,-0.84,-0.0626
08/09/2026 12:56:07,2017-02-21 00:00:00,Índice del mercado bursátil colombiano - COLCAP,1336.52,-4.47,-0.3333
08/09/2026 12:56:07,2017-02-22 00:00:00,Índice del mercado bursátil colombiano - COLCAP,1331.2,-5.32,-0.398
08/09/2026 12:56:07,2017-02-23 00:00:00,Índice del mercado bursátil colombiano - COLCAP,1341.65,10.45,0.785
08/09/2026 12:56:07,2017-02-24 00:00:00,Índice del mercado bursátil colombiano - COLCAP,1333.57,-8.08,-0.6022
08/09/2026 12:56:07,2017-02-27 00:00:00,Índice del mercado bursátil colombiano - COLCAP,1334.45,0.88,0.066
08/09/2026 12:56:07,2017-02-28 00:00:00,Índice del mercado bursátil colombiano - COLCAP,1326.31,-8.14,-0.61
08/09/2026 12:56:07,2017-03-01 00:00:00,Índice del mercado bursátil colombiano - COLCAP,1328.63,2.32,0.1749
08/09/2026 12:56:07,2017-03-02 00:00:00,Índice del mercado bursátil colombiano - COLCAP,1326.81,-1.82,-0.137
08/09/2026 12:56:07,2017-03-03 00:00:00,Índice del mercado bursátil colombiano - COLCAP,1329.58,2.77,0.2088
08/09/2026 12:56:07,2017-03-06 00:00:00,Índice del mercado bursátil colombiano - COLCAP,1334.02,4.44,0.3339
08/09/2026 12:56:07,2017-03-07 00:00:00,Índice del mercado bursátil colombiano - COLCAP,1332.81,-1.21,-0.0907
08/09/2026 12:56:07,2017-03-08 00:00:00,Índice del mercado bursátil colombiano - COLCAP,1324.54,-8.27,-0.6205
08/09/2026 12:56:07,2017-03-09 00:00:00,Índice del mercado bursátil colombiano - COLCAP,1330.35,5.81,0.4386
08/09/2026 12:56:07,2017-03-10 00:00:00,Índice del mercado bursátil colombiano - COLCAP,1335.67,5.32,0.3999
08/09/2026 12:56:07,2017-03-13 00:00:00,Índice del mercado bursátil colombiano - COLCAP,1342.42,6.75,0.5054
08/09/2026 12:56:07,2017-03-14 00:00:00,Índice del mercado bursátil colombiano - COLCAP,1317.98,-24.44,-1.8206
08/09/2026 12:56:07,2017-03-15 00:00:00,Índice del mercado bursátil colombiano - COLCAP,1329.96,11.98,0.909
08/09/2026 12:56:07,2017-03-16 00:00:00,Índice del mercado bursátil colombiano - COLCAP,1342.21,12.25,0.9211
08/09/2026 12:56:07,2017-03-17 00:00:00,Índice del mercado bursátil colombiano - COLCAP,1337.29,-4.92,-0.3666
08/09/2026 12:56:07,2017-03-21 00:00:00,Índice del mercado bursátil colombiano - COLCAP,1343.97,6.68,0.4995
08/09/2026 12:56:07,2017-03-22 00:00:00,Índice del mercado bursátil colombiano - COLCAP,1351.16,7.19,0.535
08/09/2026 12:56:07,2017-03-23 00:00:00,Índice del mercado bursátil colombiano - COLCAP,1359.19,8.03,0.5943
08/09/2026 12:56:07,2017-03-24 00:00:00,Índice del mercado bursátil colombiano - COLCAP,1355.53,-3.66,-0.2693
08/09/2026 12:56:07,2017-03-27 00:00:00,Índice del mercado bursátil colombiano - COLCAP,1356.01,0.48,0.0354
08/09/2026 12:56:07,2017-03-28 00:00:00,Índice del mercado bursátil colombiano - COLCAP,1363.61,7.6,0.5605
08/09/2026 12:56:07,2017-03-29 00:00:00,Índice del mercado bursátil colombiano - COLCAP,1364.61,1,0.0733
08/09/2026 12:56:07,2017-03-30 00:00:00,Índice del mercado bursátil colombiano - COLCAP,1369.88,5.27,0.3862
08/09/2026 12:56:07,2017-03-31 00:00:00,Índice del mercado bursátil colombiano - COLCAP,1365.61,-4.27,-0.3117
08/09/2026 12:56:07,2017-04-03 00:00:00,Índice del mercado bursátil colombiano - COLCAP,1368.39,2.78,0.2036
08/09/2026 12:56:07,2017-04-04 00:00:00,Índice del mercado bursátil colombiano - COLCAP,1368.12,-0.27,-0.0197
08/09/2026 12:56:07,2017-04-05 00:00:00,Índice del mercado bursátil colombiano - COLCAP,1371.46,3.34,0.2441
08/09/2026 12:56:07,2017-04-06 00:00:00,Índice del mercado bursátil colombiano - COLCAP,1370.05,-1.41,-0.1028
08/09/2026 12:56:07,2017-04-07 00:00:00,Índice del mercado bursátil colombiano - COLCAP,1368.98,-1.07,-0.0781
08/09/2026 12:56:07,2017-04-10 00:00:00,Índice del mercado bursátil colombiano - COLCAP,1375.9,6.92,0.5055
08/09/2026 12:56:07,2017-04-11 00:00:00,Índice del mercado bursátil colombiano - COLCAP,1374.43,-1.47,-0.1068
08/09/2026 12:56:07,2017-04-12 00:00:00,Índice del mercado bursátil colombiano - COLCAP,1378.28,3.85,0.2801
08/09/2026 12:56:07,2017-04-17 00:00:00,Índice del mercado bursátil colombiano - COLCAP,1371.98,-6.3,-0.4571
08/09/2026 12:56:07,2017-04-18 00:00:00,Índice del mercado bursátil colombiano - COLCAP,1371.75,-0.23,-0.0168
08/09/2026 12:56:07,2017-04-19 00:00:00,Índice del mercado bursátil colombiano - COLCAP,1363.44,-8.31,-0.6058
08/09/2026 12:56:07,2017-04-20 00:00:00,Índice del mercado bursátil colombiano - COLCAP,1363.34,-0.1,-0.0073
08/09/2026 12:56:07,2017-04-21 00:00:00,Índice del mercado bursátil colombiano - COLCAP,1362.33,-1.01,-0.0741
08/09/2026 12:56:07,2017-04-24 00:00:00,Índice del mercado bursátil colombiano - COLCAP,1366.49,4.16,0.3054
08/09/2026 12:56:07,2017-04-25 00:00:00,Índice del mercado bursátil colombiano - COLCAP,1372.42,5.93,0.434
08/09/2026 12:56:07,2017-04-26 00:00:00,Índice del mercado bursátil colombiano - COLCAP,1374.66,2.24,0.1632
08/09/2026 12:56:07,2017-04-27 00:00:00,Índice del mercado bursátil colombiano - COLCAP,1362.45,-12.21,-0.8882
08/09/2026 12:56:07,2017-04-28 00:00:00,Índice del mercado bursátil colombiano - COLCAP,1371.54,9.09,0.6672
08/09/2026 12:56:07,2017-05-02 00:00:00,Índice del mercado bursátil colombiano - COLCAP,1373.17,1.63,0.1188
08/09/2026 12:56:07,2017-05-03 00:00:00,Índice del mercado bursátil colombiano - COLCAP,1370.13,-3.04,-0.2214
08/09/2026 12:56:07,2017-05-04 00:00:00,Índice del mercado bursátil colombiano - COLCAP,1376.63,6.5,0.4744
08/09/2026 12:56:07,2017-05-05 00:00:00,Índice del mercado bursátil colombiano - COLCAP,1384.92,8.29,0.6022
08/09/2026 12:56:07,2017-05-08 00:00:00,Índice del mercado bursátil colombiano - COLCAP,1403.19,18.27,1.3192
08/09/2026 12:56:07,2017-05-09 00:00:00,Índice del mercado bursátil colombiano - COLCAP,1407.13,3.94,0.2808
08/09/2026 12:56:07,2017-05-10 00:00:00,Índice del mercado bursátil colombiano - COLCAP,1414.84,7.71,0.5479
08/09/2026 12:56:07,2017-05-11 00:00:00,Índice del mercado bursátil colombiano - COLCAP,1421.84,7,0.4948
08/09/2026 12:56:07,2017-05-12 00:00:00,Índice del mercado bursátil colombiano - COLCAP,1443.56,21.72,1.5276
08/09/2026 12:56:07,2017-05-15 00:00:00,Índice del mercado bursátil colombiano - COLCAP,1458.09,14.53,1.0065
08/09/2026 12:56:07,2017-05-16 00:00:00,Índice del mercado bursátil colombiano - COLCAP,1449.37,-8.72,-0.598
08/09/2026 12:56:07,2017-05-17 00:00:00,Índice del mercado bursátil colombiano - COLCAP,1437.84,-11.53,-0.7955
08/09/2026 12:56:07,2017-05-18 00:00:00,Índice del mercado bursátil colombiano - COLCAP,1429.41,-8.43,-0.5863
08/09/2026 12:56:07,2017-05-19 00:00:00,Índice del mercado bursátil colombiano - COLCAP,1436.19,6.78,0.4743
08/09/2026 12:56:07,2017-05-22 00:00:00,Índice del mercado bursátil colombiano - COLCAP,1436.81,0.62,0.0432
08/09/2026 12:56:07,2017-05-23 00:00:00,Índice del mercado bursátil colombiano - COLCAP,1444.14,7.33,0.5102
08/09/2026 12:56:07,2017-05-24 00:00:00,Índice del mercado bursátil colombiano - COLCAP,1446.19,2.05,0.142
08/09/2026 12:56:07,2017-05-25 00:00:00,Índice del mercado bursátil colombiano - COLCAP,1444.39,-1.8,-0.1245
08/09/2026 12:56:07,2017-05-26 00:00:00,Índice del mercado bursátil colombiano - COLCAP,1448.93,4.54,0.3143
08/09/2026 12:56:07,2017-05-30 00:00:00,Índice del mercado bursátil colombiano - COLCAP,1444.09,-4.84,-0.334
08/09/2026 12:56:07,2017-05-31 00:00:00,Índice del mercado bursátil colombiano - COLCAP,1439.48,-4.61,-0.3192
08/09/2026 12:56:07,2017-06-01 00:00:00,Índice del mercado bursátil colombiano - COLCAP,1442.83,3.35,0.2327
08/09/2026 12:56:07,2017-06-02 00:00:00,Índice del mercado bursátil colombiano - COLCAP,1441.81,-1.02,-0.0707
08/09/2026 12:56:07,2017-06-05 00:00:00,Índice del mercado bursátil colombiano - COLCAP,1445.06,3.25,0.2254
08/09/2026 12:56:07,2017-06-06 00:00:00,Índice del mercado bursátil colombiano - COLCAP,1456.53,11.47,0.7937
08/09/2026 12:56:07,2017-06-07 00:00:00,Índice del mercado bursátil colombiano - COLCAP,1451.37,-5.16,-0.3543
08/09/2026 12:56:07,2017-06-08 00:00:00,Índice del mercado bursátil colombiano - COLCAP,1450.26,-1.11,-0.0765
08/09/2026 12:56:07,2017-06-09 00:00:00,Índice del mercado bursátil colombiano - COLCAP,1450.45,0.19,0.0131
08/09/2026 12:56:07,2017-06-12 00:00:00,Índice del mercado bursátil colombiano - COLCAP,1446.91,-3.54,-0.2441
08/09/2026 12:56:07,2017-06-13 00:00:00,Índice del mercado bursátil colombiano - COLCAP,1450.43,3.52,0.2433
08/09/2026 12:56:07,2017-06-14 00:00:00,Índice del mercado bursátil colombiano - COLCAP,1456.73,6.3,0.4344
08/09/2026 12:56:07,2017-06-15 00:00:00,Índice del mercado bursátil colombiano - COLCAP,1456.39,-0.34,-0.0233
08/09/2026 12:56:07,2017-06-16 00:00:00,Índice del mercado bursátil colombiano - COLCAP,1464.77,8.38,0.5754
08/09/2026 12:56:07,2017-06-20 00:00:00,Índice del mercado bursátil colombiano - COLCAP,1450.82,-13.95,-0.9524
08/09/2026 12:56:07,2017-06-21 00:00:00,Índice del mercado bursátil colombiano - COLCAP,1436.7,-14.12,-0.9732
08/09/2026 12:56:07,2017-06-22 00:00:00,Índice del mercado bursátil colombiano - COLCAP,1435.57,-1.13,-0.0787
08/09/2026 12:56:07,2017-06-23 00:00:00,Índice del mercado bursátil colombiano - COLCAP,1435.12,-0.45,-0.0313
08/09/2026 12:56:07,2017-06-27 00:00:00,Índice del mercado bursátil colombiano - COLCAP,1437.72,2.6,0.1812
08/09/2026 12:56:07,2017-06-28 00:00:00,Índice del mercado bursátil colombiano - COLCAP,1449.22,11.5,0.7999
08/09/2026 12:56:07,2017-06-29 00:00:00,Índice del mercado bursátil colombiano - COLCAP,1458.71,9.49,0.6548
08/09/2026 12:56:07,2017-06-30 00:00:00,Índice del mercado bursátil colombiano - COLCAP,1462.9,4.19,0.2872
08/09/2026 12:56:07,2017-07-04 00:00:00,Índice del mercado bursátil colombiano - COLCAP,1475.15,12.25,0.8374
08/09/2026 12:56:07,2017-07-05 00:00:00,Índice del mercado bursátil colombiano - COLCAP,1480.52,5.37,0.364
08/09/2026 12:56:07,2017-07-06 00:00:00,Índice del mercado bursátil colombiano - COLCAP,1481.32,0.8,0.054
08/09/2026 12:56:07,2017-07-07 00:00:00,Índice del mercado bursátil colombiano - COLCAP,1470.32,-11,-0.7426
08/09/2026 12:56:07,2017-07-10 00:00:00,Índice del mercado bursátil colombiano - COLCAP,1467.37,-2.95,-0.2006
08/09/2026 12:56:07,2017-07-11 00:00:00,Índice del mercado bursátil colombiano - COLCAP,1474.7,7.33,0.4995
08/09/2026 12:56:07,2017-07-12 00:00:00,Índice del mercado bursátil colombiano - COLCAP,1490.01,15.31,1.0382
08/09/2026 12:56:07,2017-07-13 00:00:00,Índice del mercado bursátil colombiano - COLCAP,1492.09,2.08,0.1396
08/09/2026 12:56:07,2017-07-14 00:00:00,Índice del mercado bursátil colombiano - COLCAP,1487.8,-4.29,-0.2875
08/09/2026 12:56:07,2017-07-17 00:00:00,Índice del mercado bursátil colombiano - COLCAP,1487.54,-0.26,-0.0175
08/09/2026 12:56:07,2017-07-18 00:00:00,Índice del mercado bursátil colombiano - COLCAP,1479.95,-7.59,-0.5102
08/09/2026 12:56:07,2017-07-19 00:00:00,Índice del mercado bursátil colombiano - COLCAP,1468.63,-11.32,-0.7649
08/09/2026 12:56:07,2017-07-21 00:00:00,Índice del mercado bursátil colombiano - COLCAP,1471.34,2.71,0.1845
08/09/2026 12:56:07,2017-07-24 00:00:00,Índice del mercado bursátil colombiano - COLCAP,1475.84,4.5,0.3058
08/09/2026 12:56:07,2017-07-25 00:00:00,Índice del mercado bursátil colombiano - COLCAP,1476.1,0.26,0.0176
08/09/2026 12:56:07,2017-07-26 00:00:00,Índice del mercado bursátil colombiano - COLCAP,1473.63,-2.47,-0.1673
08/09/2026 12:56:07,2017-07-27 00:00:00,Índice del mercado bursátil colombiano - COLCAP,1479.75,6.12,0.4153
08/09/2026 12:56:07,2017-07-28 00:00:00,Índice del mercado bursátil colombiano - COLCAP,1486.79,7.04,0.4758
08/09/2026 12:56:07,2017-07-31 00:00:00,Índice del mercado bursátil colombiano - COLCAP,1481.37,-5.42,-0.3645
08/09/2026 12:56:07,2017-08-01 00:00:00,Índice del mercado bursátil colombiano - COLCAP,1478.09,-3.28,-0.2214
08/09/2026 12:56:07,2017-08-02 00:00:00,Índice del mercado bursátil colombiano - COLCAP,1481.05,2.96,0.2003
08/09/2026 12:56:07,2017-08-03 00:00:00,Índice del mercado bursátil colombiano - COLCAP,1477.95,-3.1,-0.2093
08/09/2026 12:56:07,2017-08-04 00:00:00,Índice del mercado bursátil colombiano - COLCAP,1476.47,-1.48,-0.1001
08/09/2026 12:56:07,2017-08-08 00:00:00,Índice del mercado bursátil colombiano - COLCAP,1469.79,-6.68,-0.4524
08/09/2026 12:56:07,2017-08-09 00:00:00,Índice del mercado bursátil colombiano - COLCAP,1470.32,0.53,0.0361
08/09/2026 12:56:07,2017-08-10 00:00:00,Índice del mercado bursátil colombiano - COLCAP,1463.54,-6.78,-0.4611
08/09/2026 12:56:07,2017-08-11 00:00:00,Índice del mercado bursátil colombiano - COLCAP,1463.07,-0.47,-0.0321
08/09/2026 12:56:07,2017-08-14 00:00:00,Índice del mercado bursátil colombiano - COLCAP,1462.44,-0.63,-0.0431
08/09/2026 12:56:07,2017-08-15 00:00:00,Índice del mercado bursátil colombiano - COLCAP,1452.91,-9.53,-0.6517
08/09/2026 12:56:07,2017-08-16 00:00:00,Índice del mercado bursátil colombiano - COLCAP,1468.3,15.39,1.0593
08/09/2026 12:56:07,2017-08-17 00:00:00,Índice del mercado bursátil colombiano - COLCAP,1470.69,2.39,0.1628
08/09/2026 12:56:07,2017-08-18 00:00:00,Índice del mercado bursátil colombiano - COLCAP,1477.21,6.52,0.4433
08/09/2026 12:56:07,2017-08-22 00:00:00,Índice del mercado bursátil colombiano - COLCAP,1482.77,5.56,0.3764
08/09/2026 12:56:07,2017-08-23 00:00:00,Índice del mercado bursátil colombiano - COLCAP,1481.24,-1.53,-0.1032
08/09/2026 12:56:07,2017-08-24 00:00:00,Índice del mercado bursátil colombiano - COLCAP,1477.41,-3.83,-0.2586
08/09/2026 12:56:07,2017-08-25 00:00:00,Índice del mercado bursátil colombiano - COLCAP,1475.17,-2.24,-0.1516
08/09/2026 12:56:07,2017-08-28 00:00:00,Índice del mercado bursátil colombiano - COLCAP,1475.67,0.5,0.0339
08/09/2026 12:56:07,2017-08-29 00:00:00,Índice del mercado bursátil colombiano - COLCAP,1477.89,2.22,0.1504
08/09/2026 12:56:07,2017-08-30 00:00:00,Índice del mercado bursátil colombiano - COLCAP,1471.16,-6.73,-0.4554
08/09/2026 12:56:07,2017-08-31 00:00:00,Índice del mercado bursátil colombiano - COLCAP,1482.27,11.11,0.7552
08/09/2026 12:56:07,2017-09-01 00:00:00,Índice del mercado bursátil colombiano - COLCAP,1494.17,11.9,0.8028
08/09/2026 12:56:07,2017-09-04 00:00:00,Índice del mercado bursátil colombiano - COLCAP,1501.38,7.21,0.4825
08/09/2026 12:56:07,2017-09-05 00:00:00,Índice del mercado bursátil colombiano - COLCAP,1505.23,3.85,0.2564
08/09/2026 12:56:07,2017-09-06 00:00:00,Índice del mercado bursátil colombiano - COLCAP,1507.42,2.19,0.1455
08/09/2026 12:56:07,2017-09-07 00:00:00,Índice del mercado bursátil colombiano - COLCAP,1503.45,-3.97,-0.2634
08/09/2026 12:56:07,2017-09-08 00:00:00,Índice del mercado bursátil colombiano - COLCAP,1499.58,-3.87,-0.2574
08/09/2026 12:56:07,2017-09-11 00:00:00,Índice del mercado bursátil colombiano - COLCAP,1505.09,5.51,0.3674
08/09/2026 12:56:07,2017-09-12 00:00:00,Índice del mercado bursátil colombiano - COLCAP,1493.78,-11.31,-0.7515
08/09/2026 12:56:07,2017-09-13 00:00:00,Índice del mercado bursátil colombiano - COLCAP,1491.96,-1.82,-0.1218
08/09/2026 12:56:07,2017-09-14 00:00:00,Índice del mercado bursátil colombiano - COLCAP,1491.48,-0.48,-0.0322
08/09/2026 12:56:07,2017-09-15 00:00:00,Índice del mercado bursátil colombiano - COLCAP,1492.96,1.48,0.0992
08/09/2026 12:56:07,2017-09-18 00:00:00,Índice del mercado bursátil colombiano - COLCAP,1496.87,3.91,0.2619
08/09/2026 12:56:07,2017-09-19 00:00:00,Índice del mercado bursátil colombiano - COLCAP,1495.48,-1.39,-0.0929
08/09/2026 12:56:07,2017-09-20 00:00:00,Índice del mercado bursátil colombiano - COLCAP,1486.49,-8.99,-0.6011
08/09/2026 12:56:07,2017-09-21 00:00:00,Índice del mercado bursátil colombiano - COLCAP,1483.9,-2.59,-0.1742
08/09/2026 12:56:07,2017-09-22 00:00:00,Índice del mercado bursátil colombiano - COLCAP,1486.15,2.25,0.1516
08/09/2026 12:56:07,2017-09-25 00:00:00,Índice del mercado bursátil colombiano - COLCAP,1482.8,-3.35,-0.2254
08/09/2026 12:56:07,2017-09-26 00:00:00,Índice del mercado bursátil colombiano - COLCAP,1481.21,-1.59,-0.1072
08/09/2026 12:56:07,2017-09-27 00:00:00,Índice del mercado bursátil colombiano - COLCAP,1487.26,6.05,0.4084
08/09/2026 12:56:07,2017-09-28 00:00:00,Índice del mercado bursátil colombiano - COLCAP,1486.62,-0.64,-0.043
08/09/2026 12:56:07,2017-09-29 00:00:00,Índice del mercado bursátil colombiano - COLCAP,1487.52,0.9,0.0605
08/09/2026 12:56:07,2017-10-02 00:00:00,Índice del mercado bursátil colombiano - COLCAP,1487.54,0.02,0.0013
08/09/2026 12:56:07,2017-10-03 00:00:00,Índice del mercado bursátil colombiano - COLCAP,1487.92,0.38,0.0255
08/09/2026 12:56:07,2017-10-04 00:00:00,Índice del mercado bursátil colombiano - COLCAP,1484.12,-3.8,-0.2554
08/09/2026 12:56:07,2017-10-05 00:00:00,Índice del mercado bursátil colombiano - COLCAP,1486.71,2.59,0.1745
08/09/2026 12:56:07,2017-10-06 00:00:00,Índice del mercado bursátil colombiano - COLCAP,1491.47,4.76,0.3202
08/09/2026 12:56:07,2017-10-09 00:00:00,Índice del mercado bursátil colombiano - COLCAP,1484.05,-7.42,-0.4975
08/09/2026 12:56:07,2017-10-10 00:00:00,Índice del mercado bursátil colombiano - COLCAP,1486.06,2.01,0.1354
08/09/2026 12:56:07,2017-10-11 00:00:00,Índice del mercado bursátil colombiano - COLCAP,1483.7,-2.36,-0.1588
08/09/2026 12:56:07,2017-10-12 00:00:00,Índice del mercado bursátil colombiano - COLCAP,1484.69,0.99,0.0667
08/09/2026 12:56:07,2017-10-13 00:00:00,Índice del mercado bursátil colombiano - COLCAP,1486.35,1.66,0.1118
08/09/2026 12:56:07,2017-10-17 00:00:00,Índice del mercado bursátil colombiano - COLCAP,1480.99,-5.36,-0.3606
08/09/2026 12:56:07,2017-10-18 00:00:00,Índice del mercado bursátil colombiano - COLCAP,1478.76,-2.23,-0.1506
08/09/2026 12:56:07,2017-10-19 00:00:00,Índice del mercado bursátil colombiano - COLCAP,1469.15,-9.61,-0.6499
08/09/2026 12:56:07,2017-10-20 00:00:00,Índice del mercado bursátil colombiano - COLCAP,1464.99,-4.16,-0.2832
08/09/2026 12:56:07,2017-10-23 00:00:00,Índice del mercado bursátil colombiano - COLCAP,1460.36,-4.63,-0.316
08/09/2026 12:56:07,2017-10-24 00:00:00,Índice del mercado bursátil colombiano - COLCAP,1460.35,-0.01,-0.0007
08/09/2026 12:56:07,2017-10-25 00:00:00,Índice del mercado bursátil colombiano - COLCAP,1469.71,9.36,0.6409
08/09/2026 12:56:07,2017-10-26 00:00:00,Índice del mercado bursátil colombiano - COLCAP,1471.17,1.46,0.0993
08/09/2026 12:56:07,2017-10-27 00:00:00,Índice del mercado bursátil colombiano - COLCAP,1445.07,-26.1,-1.7741
08/09/2026 12:56:07,2017-10-30 00:00:00,Índice del mercado bursátil colombiano - COLCAP,1437.16,-7.91,-0.5474
08/09/2026 12:56:07,2017-10-31 00:00:00,Índice del mercado bursátil colombiano - COLCAP,1424.58,-12.58,-0.8753
08/09/2026 12:56:07,2017-11-01 00:00:00,Índice del mercado bursátil colombiano - COLCAP,1439.81,15.23,1.0691
08/09/2026 12:56:07,2017-11-02 00:00:00,Índice del mercado bursátil colombiano - COLCAP,1425.88,-13.93,-0.9675
08/09/2026 12:56:07,2017-11-03 00:00:00,Índice del mercado bursátil colombiano - COLCAP,1418.58,-7.3,-0.512
08/09/2026 12:56:07,2017-11-07 00:00:00,Índice del mercado bursátil colombiano - COLCAP,1435.12,16.54,1.166
08/09/2026 12:56:07,2017-11-08 00:00:00,Índice del mercado bursátil colombiano - COLCAP,1434.78,-0.34,-0.0237
08/09/2026 12:56:07,2017-11-09 00:00:00,Índice del mercado bursátil colombiano - COLCAP,1440.38,5.6,0.3903
08/09/2026 12:56:07,2017-11-10 00:00:00,Índice del mercado bursátil colombiano - COLCAP,1434.36,-6.02,-0.4179
08/09/2026 12:56:07,2017-11-14 00:00:00,Índice del mercado bursátil colombiano - COLCAP,1425.18,-9.18,-0.64
08/09/2026 12:56:07,2017-11-15 00:00:00,Índice del mercado bursátil colombiano - COLCAP,1430.64,5.46,0.3831
08/09/2026 12:56:07,2017-11-16 00:00:00,Índice del mercado bursátil colombiano - COLCAP,1436.59,5.95,0.4159
08/09/2026 12:56:07,2017-11-17 00:00:00,Índice del mercado bursátil colombiano - COLCAP,1443.55,6.96,0.4845
08/09/2026 12:56:07,2017-11-20 00:00:00,Índice del mercado bursátil colombiano - COLCAP,1446.28,2.73,0.1891
08/09/2026 12:56:07,2017-11-21 00:00:00,Índice del mercado bursátil colombiano - COLCAP,1448.48,2.2,0.1521
08/09/2026 12:56:07,2017-11-22 00:00:00,Índice del mercado bursátil colombiano - COLCAP,1451.49,3.01,0.2078
08/09/2026 12:56:07,2017-11-23 00:00:00,Índice del mercado bursátil colombiano - COLCAP,1450.92,-0.57,-0.0393
08/09/2026 12:56:07,2017-11-24 00:00:00,Índice del mercado bursátil colombiano - COLCAP,1449.66,-1.26,-0.0868
08/09/2026 12:56:07,2017-11-27 00:00:00,Índice del mercado bursátil colombiano - COLCAP,1446.35,-3.31,-0.2283
08/09/2026 12:56:07,2017-11-28 00:00:00,Índice del mercado bursátil colombiano - COLCAP,1446.91,0.56,0.0387
08/09/2026 12:56:07,2017-11-29 00:00:00,Índice del mercado bursátil colombiano - COLCAP,1449.52,2.61,0.1804
08/09/2026 12:56:07,2017-11-30 00:00:00,Índice del mercado bursátil colombiano - COLCAP,1445.23,-4.29,-0.296
08/09/2026 12:56:07,2017-12-01 00:00:00,Índice del mercado bursátil colombiano - COLCAP,1449.85,4.62,0.3197
08/09/2026 12:56:07,2017-12-04 00:00:00,Índice del mercado bursátil colombiano - COLCAP,1443.47,-6.38,-0.44
08/09/2026 12:56:07,2017-12-05 00:00:00,Índice del mercado bursátil colombiano - COLCAP,1447.47,4,0.2771
08/09/2026 12:56:07,2017-12-06 00:00:00,Índice del mercado bursátil colombiano - COLCAP,1446.21,-1.26,-0.087
08/09/2026 12:56:07,2017-12-07 00:00:00,Índice del mercado bursátil colombiano - COLCAP,1449.35,3.14,0.2171
08/09/2026 12:56:07,2017-12-11 00:00:00,Índice del mercado bursátil colombiano - COLCAP,1470.12,20.77,1.4331
08/09/2026 12:56:07,2017-12-12 00:00:00,Índice del mercado bursátil colombiano - COLCAP,1470.1,-0.02,-0.0014
08/09/2026 12:56:07,2017-12-13 00:00:00,Índice del mercado bursátil colombiano - COLCAP,1472.75,2.65,0.1803
08/09/2026 12:56:07,2017-12-14 00:00:00,Índice del mercado bursátil colombiano - COLCAP,1475.39,2.64,0.1793
08/09/2026 12:56:07,2017-12-15 00:00:00,Índice del mercado bursátil colombiano - COLCAP,1465.02,-10.37,-0.7029
08/09/2026 12:56:07,2017-12-18 00:00:00,Índice del mercado bursátil colombiano - COLCAP,1474.59,9.57,0.6532
08/09/2026 12:56:07,2017-12-19 00:00:00,Índice del mercado bursátil colombiano - COLCAP,1475.94,1.35,0.0916
08/09/2026 12:56:07,2017-12-20 00:00:00,Índice del mercado bursátil colombiano - COLCAP,1481.49,5.55,0.376
08/09/2026 12:56:07,2017-12-21 00:00:00,Índice del mercado bursátil colombiano - COLCAP,1488.32,6.83,0.461
08/09/2026 12:56:07,2017-12-22 00:00:00,Índice del mercado bursátil colombiano - COLCAP,1493.93,5.61,0.3769
08/09/2026 12:56:07,2017-12-26 00:00:00,Índice del mercado bursátil colombiano - COLCAP,1493.5,-0.43,-0.0288
08/09/2026 12:56:07,2017-12-27 00:00:00,Índice del mercado bursátil colombiano - COLCAP,1505,11.5,0.77
08/09/2026 12:56:07,2017-12-28 00:00:00,Índice del mercado bursátil colombiano - COLCAP,1513.65,8.65,0.5748
08/09/2026 12:56:07,2018-01-02 00:00:00,Índice del mercado bursátil colombiano - COLCAP,1516.68,0,0
08/09/2026 12:56:07,2018-01-03 00:00:00,Índice del mercado bursátil colombiano - COLCAP,1515.84,-0.84,-0.0554
08/09/2026 12:56:07,2018-01-04 00:00:00,Índice del mercado bursátil colombiano - COLCAP,1531.68,15.84,1.045
08/09/2026 12:56:07,2018-01-05 00:00:00,Índice del mercado bursátil colombiano - COLCAP,1545.57,13.89,0.9068
08/09/2026 12:56:07,2018-01-09 00:00:00,Índice del mercado bursátil colombiano - COLCAP,1547.31,1.74,0.1126
08/09/2026 12:56:07,2018-01-10 00:00:00,Índice del mercado bursátil colombiano - COLCAP,1537.7,-9.61,-0.6211
08/09/2026 12:56:07,2018-01-11 00:00:00,Índice del mercado bursátil colombiano - COLCAP,1523.33,-14.37,-0.9345
08/09/2026 12:56:07,2018-01-12 00:00:00,Índice del mercado bursátil colombiano - COLCAP,1521.41,-1.92,-0.126
08/09/2026 12:56:07,2018-01-15 00:00:00,Índice del mercado bursátil colombiano - COLCAP,1513.76,-7.65,-0.5028
08/09/2026 12:56:07,2018-01-16 00:00:00,Índice del mercado bursátil colombiano - COLCAP,1539.1,25.34,1.674
08/09/2026 12:56:07,2018-01-17 00:00:00,Índice del mercado bursátil colombiano - COLCAP,1543.54,4.44,0.2885
08/09/2026 12:56:07,2018-01-18 00:00:00,Índice del mercado bursátil colombiano - COLCAP,1548.07,4.53,0.2935
08/09/2026 12:56:07,2018-01-19 00:00:00,Índice del mercado bursátil colombiano - COLCAP,1551.04,2.97,0.1919
08/09/2026 12:56:07,2018-01-22 00:00:00,Índice del mercado bursátil colombiano - COLCAP,1557.86,6.82,0.4397
08/09/2026 12:56:07,2018-01-23 00:00:00,Índice del mercado bursátil colombiano - COLCAP,1570.34,12.48,0.8011
08/09/2026 12:56:07,2018-01-24 00:00:00,Índice del mercado bursátil colombiano - COLCAP,1589.6,19.26,1.2265
08/09/2026 12:56:07,2018-01-25 00:00:00,Índice del mercado bursátil colombiano - COLCAP,1588.97,-0.63,-0.0396
08/09/2026 12:56:07,2018-01-26 00:00:00,Índice del mercado bursátil colombiano - COLCAP,1592.82,3.85,0.2423
08/09/2026 12:56:07,2018-01-29 00:00:00,Índice del mercado bursátil colombiano - COLCAP,1598.4,5.58,0.3503
08/09/2026 12:56:07,2018-01-30 00:00:00,Índice del mercado bursátil colombiano - COLCAP,1582.98,-15.42,-0.9647
08/09/2026 12:56:07,2018-01-31 00:00:00,Índice del mercado bursátil colombiano - COLCAP,1558.18,-24.8,-1.5667
08/09/2026 12:56:07,2018-02-01 00:00:00,Índice del mercado bursátil colombiano - COLCAP,1580.97,22.79,1.4626
08/09/2026 12:56:07,2018-02-02 00:00:00,Índice del mercado bursátil colombiano - COLCAP,1567.74,-13.23,-0.8368
08/09/2026 12:56:07,2018-02-05 00:00:00,Índice del mercado bursátil colombiano - COLCAP,1523.07,-44.67,-2.8493
08/09/2026 12:56:07,2018-02-06 00:00:00,Índice del mercado bursátil colombiano - COLCAP,1526.83,3.76,0.2469
08/09/2026 12:56:07,2018-02-07 00:00:00,Índice del mercado bursátil colombiano - COLCAP,1526.87,0.04,0.0026
08/09/2026 12:56:07,2018-02-08 00:00:00,Índice del mercado bursátil colombiano - COLCAP,1504.77,-22.1,-1.4474
08/09/2026 12:56:07,2018-02-09 00:00:00,Índice del mercado bursátil colombiano - COLCAP,1500.99,-3.78,-0.2512
08/09/2026 12:56:07,2018-02-12 00:00:00,Índice del mercado bursátil colombiano - COLCAP,1509.48,8.49,0.5656
08/09/2026 12:56:07,2018-02-13 00:00:00,Índice del mercado bursátil colombiano - COLCAP,1504.98,-4.5,-0.2981
08/09/2026 12:56:07,2018-02-14 00:00:00,Índice del mercado bursátil colombiano - COLCAP,1518.78,13.8,0.917
08/09/2026 12:56:07,2018-02-15 00:00:00,Índice del mercado bursátil colombiano - COLCAP,1514.36,-4.42,-0.291
08/09/2026 12:56:07,2018-02-16 00:00:00,Índice del mercado bursátil colombiano - COLCAP,1520.71,6.35,0.4193
08/09/2026 12:56:07,2018-02-19 00:00:00,Índice del mercado bursátil colombiano - COLCAP,1515.7,-5.01,-0.3295
08/09/2026 12:56:07,2018-02-20 00:00:00,Índice del mercado bursátil colombiano - COLCAP,1517.39,1.69,0.1115
08/09/2026 12:56:07,2018-02-21 00:00:00,Índice del mercado bursátil colombiano - COLCAP,1525.24,7.85,0.5173
08/09/2026 12:56:07,2018-02-22 00:00:00,Índice del mercado bursátil colombiano - COLCAP,1532.2,6.96,0.4563
08/09/2026 12:56:07,2018-02-23 00:00:00,Índice del mercado bursátil colombiano - COLCAP,1532.6,0.4,0.0261
08/09/2026 12:56:07,2018-02-26 00:00:00,Índice del mercado bursátil colombiano - COLCAP,1524.9,-7.7,-0.5024
08/09/2026 12:56:07,2018-02-27 00:00:00,Índice del mercado bursátil colombiano - COLCAP,1516.53,-8.37,-0.5489
08/09/2026 12:56:07,2018-02-28 00:00:00,Índice del mercado bursátil colombiano - COLCAP,1478.33,-38.2,-2.5189
08/09/2026 12:56:07,2018-03-01 00:00:00,Índice del mercado bursátil colombiano - COLCAP,1466.28,-12.05,-0.8151
08/09/2026 12:56:07,2018-03-02 00:00:00,Índice del mercado bursátil colombiano - COLCAP,1456.38,-9.9,-0.6752
08/09/2026 12:56:07,2018-03-05 00:00:00,Índice del mercado bursátil colombiano - COLCAP,1469.83,13.45,0.9235
08/09/2026 12:56:07,2018-03-06 00:00:00,Índice del mercado bursátil colombiano - COLCAP,1475.53,5.7,0.3878
08/09/2026 12:56:07,2018-03-07 00:00:00,Índice del mercado bursátil colombiano - COLCAP,1473.76,-1.77,-0.12
08/09/2026 12:56:07,2018-03-08 00:00:00,Índice del mercado bursátil colombiano - COLCAP,1474.31,0.55,0.0373
08/09/2026 12:56:07,2018-03-09 00:00:00,Índice del mercado bursátil colombiano - COLCAP,1482.1,7.79,0.5284
08/09/2026 12:56:07,2018-03-12 00:00:00,Índice del mercado bursátil colombiano - COLCAP,1478.88,-3.22,-0.2173
08/09/2026 12:56:07,2018-03-13 00:00:00,Índice del mercado bursátil colombiano - COLCAP,1467.6,-11.28,-0.7627
08/09/2026 12:56:07,2018-03-14 00:00:00,Índice del mercado bursátil colombiano - COLCAP,1463.78,-3.82,-0.2603
08/09/2026 12:56:07,2018-03-15 00:00:00,Índice del mercado bursátil colombiano - COLCAP,1467.22,3.44,0.235
08/09/2026 12:56:07,2018-03-16 00:00:00,Índice del mercado bursátil colombiano - COLCAP,1475.75,8.53,0.5814
08/09/2026 12:56:07,2018-03-20 00:00:00,Índice del mercado bursátil colombiano - COLCAP,1476.89,1.14,0.0772
08/09/2026 12:56:07,2018-03-21 00:00:00,Índice del mercado bursátil colombiano - COLCAP,1486.03,9.14,0.6189
08/09/2026 12:56:07,2018-03-22 00:00:00,Índice del mercado bursátil colombiano - COLCAP,1468.44,-17.59,-1.1837
08/09/2026 12:56:07,2018-03-23 00:00:00,Índice del mercado bursátil colombiano - COLCAP,1459.06,-9.38,-0.6388
08/09/2026 12:56:07,2018-03-26 00:00:00,Índice del mercado bursátil colombiano - COLCAP,1469.04,9.98,0.684
08/09/2026 12:56:07,2018-03-27 00:00:00,Índice del mercado bursátil colombiano - COLCAP,1450,-19.04,-1.2961
08/09/2026 12:56:07,2018-03-28 00:00:00,Índice del mercado bursátil colombiano - COLCAP,1455.52,5.52,0.3807
08/09/2026 12:56:07,2018-04-02 00:00:00,Índice del mercado bursátil colombiano - COLCAP,1470.88,15.36,1.0553
08/09/2026 12:56:07,2018-04-03 00:00:00,Índice del mercado bursátil colombiano - COLCAP,1492.84,21.96,1.493
08/09/2026 12:56:07,2018-04-04 00:00:00,Índice del mercado bursátil colombiano - COLCAP,1497.59,4.75,0.3182
08/09/2026 12:56:07,2018-04-05 00:00:00,Índice del mercado bursátil colombiano - COLCAP,1514.84,17.25,1.1519
08/09/2026 12:56:07,2018-04-06 00:00:00,Índice del mercado bursátil colombiano - COLCAP,1520.76,5.92,0.3908
08/09/2026 12:56:07,2018-04-09 00:00:00,Índice del mercado bursátil colombiano - COLCAP,1531.72,10.96,0.7207
08/09/2026 12:56:07,2018-04-10 00:00:00,Índice del mercado bursátil colombiano - COLCAP,1548.01,16.29,1.0635
08/09/2026 12:56:07,2018-04-11 00:00:00,Índice del mercado bursátil colombiano - COLCAP,1560.08,12.07,0.7797
08/09/2026 12:56:07,2018-04-12 00:00:00,Índice del mercado bursátil colombiano - COLCAP,1555.87,-4.21,-0.2699
08/09/2026 12:56:07,2018-04-13 00:00:00,Índice del mercado bursátil colombiano - COLCAP,1538.44,-17.43,-1.1203
08/09/2026 12:56:07,2018-04-16 00:00:00,Índice del mercado bursátil colombiano - COLCAP,1530,-8.44,-0.5486
08/09/2026 12:56:07,2018-04-17 00:00:00,Índice del mercado bursátil colombiano - COLCAP,1552.16,22.16,1.4484
08/09/2026 12:56:07,2018-04-18 00:00:00,Índice del mercado bursátil colombiano - COLCAP,1562.16,10,0.6443
08/09/2026 12:56:07,2018-04-19 00:00:00,Índice del mercado bursátil colombiano - COLCAP,1572.45,10.29,0.6587
08/09/2026 12:56:07,2018-04-20 00:00:00,Índice del mercado bursátil colombiano - COLCAP,1561.45,-11,-0.6995
08/09/2026 12:56:07,2018-04-23 00:00:00,Índice del mercado bursátil colombiano - COLCAP,1576.65,15.2,0.9735
08/09/2026 12:56:07,2018-04-24 00:00:00,Índice del mercado bursátil colombiano - COLCAP,1562.55,-14.1,-0.8943
08/09/2026 12:56:07,2018-04-25 00:00:00,Índice del mercado bursátil colombiano - COLCAP,1558.05,-4.5,-0.288
08/09/2026 12:56:07,2018-04-26 00:00:00,Índice del mercado bursátil colombiano - COLCAP,1553.34,-4.71,-0.3023
08/09/2026 12:56:07,2018-04-27 00:00:00,Índice del mercado bursátil colombiano - COLCAP,1566.45,13.11,0.844
08/09/2026 12:56:07,2018-04-30 00:00:00,Índice del mercado bursátil colombiano - COLCAP,1565.56,-0.89,-0.0568
08/09/2026 12:56:07,2018-05-02 00:00:00,Índice del mercado bursátil colombiano - COLCAP,1565.67,0.11,0.007
08/09/2026 12:56:07,2018-05-03 00:00:00,Índice del mercado bursátil colombiano - COLCAP,1553.03,-12.64,-0.8073
08/09/2026 12:56:07,2018-05-04 00:00:00,Índice del mercado bursátil colombiano - COLCAP,1547.04,-5.99,-0.3857
08/09/2026 12:56:07,2018-05-07 00:00:00,Índice del mercado bursátil colombiano - COLCAP,1544.26,-2.78,-0.1797
08/09/2026 12:56:07,2018-05-08 00:00:00,Índice del mercado bursátil colombiano - COLCAP,1546.45,2.19,0.1418
08/09/2026 12:56:07,2018-05-09 00:00:00,Índice del mercado bursátil colombiano - COLCAP,1558.46,12.01,0.7766
08/09/2026 12:56:07,2018-05-10 00:00:00,Índice del mercado bursátil colombiano - COLCAP,1552.64,-5.82,-0.3734
08/09/2026 12:56:07,2018-05-11 00:00:00,Índice del mercado bursátil colombiano - COLCAP,1550.08,-2.56,-0.1649
08/09/2026 12:56:07,2018-05-15 00:00:00,Índice del mercado bursátil colombiano - COLCAP,1571.47,21.39,1.3799
08/09/2026 12:56:07,2018-05-16 00:00:00,Índice del mercado bursátil colombiano - COLCAP,1547.37,-24.1,-1.5336
08/09/2026 12:56:07,2018-05-17 00:00:00,Índice del mercado bursátil colombiano - COLCAP,1525.54,-21.83,-1.4108
08/09/2026 12:56:07,2018-05-18 00:00:00,Índice del mercado bursátil colombiano - COLCAP,1520.52,-5.02,-0.3291
08/09/2026 12:56:07,2018-05-21 00:00:00,Índice del mercado bursátil colombiano - COLCAP,1516.71,-3.81,-0.2506
08/09/2026 12:56:07,2018-05-22 00:00:00,Índice del mercado bursátil colombiano - COLCAP,1524.84,8.13,0.536
08/09/2026 12:56:07,2018-05-23 00:00:00,Índice del mercado bursátil colombiano - COLCAP,1523.17,-1.67,-0.1095
08/09/2026 12:56:07,2018-05-24 00:00:00,Índice del mercado bursátil colombiano - COLCAP,1528.32,5.15,0.3381
08/09/2026 12:56:07,2018-05-25 00:00:00,Índice del mercado bursátil colombiano - COLCAP,1526.36,-1.96,-0.1282
08/09/2026 12:56:07,2018-05-28 00:00:00,Índice del mercado bursátil colombiano - COLCAP,1524.44,-1.92,-0.1258
08/09/2026 12:56:07,2018-05-29 00:00:00,Índice del mercado bursátil colombiano - COLCAP,1539.19,14.75,0.9676
08/09/2026 12:56:07,2018-05-30 00:00:00,Índice del mercado bursátil colombiano - COLCAP,1546.03,6.84,0.4444
08/09/2026 12:56:07,2018-05-31 00:00:00,Índice del mercado bursátil colombiano - COLCAP,1546.71,0.68,0.044
08/09/2026 12:56:07,2018-06-01 00:00:00,Índice del mercado bursátil colombiano - COLCAP,1564.47,17.76,1.1482
08/09/2026 12:56:07,2018-06-05 00:00:00,Índice del mercado bursátil colombiano - COLCAP,1559.67,-4.8,-0.3068
08/09/2026 12:56:07,2018-06-06 00:00:00,Índice del mercado bursátil colombiano - COLCAP,1554.59,-5.08,-0.3257
08/09/2026 12:56:07,2018-06-07 00:00:00,Índice del mercado bursátil colombiano - COLCAP,1549.53,-5.06,-0.3255
08/09/2026 12:56:07,2018-06-08 00:00:00,Índice del mercado bursátil colombiano - COLCAP,1547.96,-1.57,-0.1013
08/09/2026 12:56:07,2018-06-12 00:00:00,Índice del mercado bursátil colombiano - COLCAP,1550.56,2.6,0.168
08/09/2026 12:56:07,2018-06-13 00:00:00,Índice del mercado bursátil colombiano - COLCAP,1553.18,2.62,0.169
08/09/2026 12:56:07,2018-06-14 00:00:00,Índice del mercado bursátil colombiano - COLCAP,1550.94,-2.24,-0.1442
08/09/2026 12:56:07,2018-06-15 00:00:00,Índice del mercado bursátil colombiano - COLCAP,1541.23,-9.71,-0.6261
08/09/2026 12:56:07,2018-06-18 00:00:00,Índice del mercado bursátil colombiano - COLCAP,1555.54,14.31,0.9285
08/09/2026 12:56:07,2018-06-19 00:00:00,Índice del mercado bursátil colombiano - COLCAP,1537.5,-18.04,-1.1597
08/09/2026 12:56:07,2018-06-20 00:00:00,Índice del mercado bursátil colombiano - COLCAP,1532.26,-5.24,-0.3408
08/09/2026 12:56:07,2018-06-21 00:00:00,Índice del mercado bursátil colombiano - COLCAP,1534.39,2.13,0.139
08/09/2026 12:56:07,2018-06-22 00:00:00,Índice del mercado bursátil colombiano - COLCAP,1522.79,-11.6,-0.756
08/09/2026 12:56:07,2018-06-25 00:00:00,Índice del mercado bursátil colombiano - COLCAP,1522.66,-0.13,-0.0085
08/09/2026 12:56:07,2018-06-26 00:00:00,Índice del mercado bursátil colombiano - COLCAP,1543.8,21.14,1.3884
08/09/2026 12:56:07,2018-06-27 00:00:00,Índice del mercado bursátil colombiano - COLCAP,1550.35,6.55,0.4243
08/09/2026 12:56:07,2018-06-28 00:00:00,Índice del mercado bursátil colombiano - COLCAP,1555.61,5.26,0.3393
08/09/2026 12:56:07,2018-06-29 00:00:00,Índice del mercado bursátil colombiano - COLCAP,1577.01,21.4,1.3757
08/09/2026 12:56:07,2018-07-03 00:00:00,Índice del mercado bursátil colombiano - COLCAP,1561.27,-15.74,-0.9981
08/09/2026 12:56:07,2018-07-04 00:00:00,Índice del mercado bursátil colombiano - COLCAP,1570.9,9.63,0.6168
08/09/2026 12:56:07,2018-07-05 00:00:00,Índice del mercado bursátil colombiano - COLCAP,1566.95,-3.95,-0.2514
08/09/2026 12:56:07,2018-07-06 00:00:00,Índice del mercado bursátil colombiano - COLCAP,1557.59,-9.36,-0.5973
08/09/2026 12:56:07,2018-07-09 00:00:00,Índice del mercado bursátil colombiano - COLCAP,1555.39,-2.2,-0.1412
08/09/2026 12:56:07,2018-07-10 00:00:00,Índice del mercado bursátil colombiano - COLCAP,1561.16,5.77,0.371
08/09/2026 12:56:07,2018-07-11 00:00:00,Índice del mercado bursátil colombiano - COLCAP,1554.15,-7.01,-0.449
08/09/2026 12:56:07,2018-07-12 00:00:00,Índice del mercado bursátil colombiano - COLCAP,1545.52,-8.63,-0.5553
08/09/2026 12:56:07,2018-07-13 00:00:00,Índice del mercado bursátil colombiano - COLCAP,1546.75,1.23,0.0796
08/09/2026 12:56:07,2018-07-16 00:00:00,Índice del mercado bursátil colombiano - COLCAP,1551.33,4.58,0.2961
08/09/2026 12:56:07,2018-07-17 00:00:00,Índice del mercado bursátil colombiano - COLCAP,1549.97,-1.36,-0.0877
08/09/2026 12:56:07,2018-07-18 00:00:00,Índice del mercado bursátil colombiano - COLCAP,1552.15,2.18,0.1406
08/09/2026 12:56:07,2018-07-19 00:00:00,Índice del mercado bursátil colombiano - COLCAP,1547.34,-4.81,-0.3099
08/09/2026 12:56:07,2018-07-23 00:00:00,Índice del mercado bursátil colombiano - COLCAP,1549.19,1.85,0.1196
08/09/2026 12:56:07,2018-07-24 00:00:00,Índice del mercado bursátil colombiano - COLCAP,1545.03,-4.16,-0.2685
08/09/2026 12:56:07,2018-07-25 00:00:00,Índice del mercado bursátil colombiano - COLCAP,1527.4,-17.63,-1.1411
08/09/2026 12:56:07,2018-07-26 00:00:00,Índice del mercado bursátil colombiano - COLCAP,1537.36,9.96,0.6521
08/09/2026 12:56:07,2018-07-27 00:00:00,Índice del mercado bursátil colombiano - COLCAP,1536.13,-1.23,-0.08
08/09/2026 12:56:07,2018-07-30 00:00:00,Índice del mercado bursátil colombiano - COLCAP,1548.13,12,0.7812
08/09/2026 12:56:07,2018-07-31 00:00:00,Índice del mercado bursátil colombiano - COLCAP,1526.6,-21.53,-1.3907
08/09/2026 12:56:07,2018-08-01 00:00:00,Índice del mercado bursátil colombiano - COLCAP,1540.41,13.81,0.9046
08/09/2026 12:56:07,2018-08-02 00:00:00,Índice del mercado bursátil colombiano - COLCAP,1529.17,-11.24,-0.7297
08/09/2026 12:56:07,2018-08-03 00:00:00,Índice del mercado bursátil colombiano - COLCAP,1531.96,2.79,0.1825
08/09/2026 12:56:07,2018-08-06 00:00:00,Índice del mercado bursátil colombiano - COLCAP,1528.09,-3.87,-0.2526
08/09/2026 12:56:07,2018-08-08 00:00:00,Índice del mercado bursátil colombiano - COLCAP,1541.73,13.64,0.8926
08/09/2026 12:56:07,2018-08-09 00:00:00,Índice del mercado bursátil colombiano - COLCAP,1532.11,-9.62,-0.624
08/09/2026 12:56:07,2018-08-10 00:00:00,Índice del mercado bursátil colombiano - COLCAP,1524.96,-7.15,-0.4667
08/09/2026 12:56:07,2018-08-13 00:00:00,Índice del mercado bursátil colombiano - COLCAP,1520.03,-4.93,-0.3233
08/09/2026 12:56:07,2018-08-14 00:00:00,Índice del mercado bursátil colombiano - COLCAP,1523.72,3.69,0.2428
08/09/2026 12:56:07,2018-08-15 00:00:00,Índice del mercado bursátil colombiano - COLCAP,1520.61,-3.11,-0.2041
08/09/2026 12:56:07,2018-08-16 00:00:00,Índice del mercado bursátil colombiano - COLCAP,1525.29,4.68,0.3078
08/09/2026 12:56:07,2018-08-17 00:00:00,Índice del mercado bursátil colombiano - COLCAP,1528.58,3.29,0.2157
08/09/2026 12:56:07,2018-08-21 00:00:00,Índice del mercado bursátil colombiano - COLCAP,1533.2,4.62,0.3022
08/09/2026 12:56:07,2018-08-22 00:00:00,Índice del mercado bursátil colombiano - COLCAP,1536.09,2.89,0.1885
08/09/2026 12:56:07,2018-08-23 00:00:00,Índice del mercado bursátil colombiano - COLCAP,1534.56,-1.53,-0.0996
08/09/2026 12:56:07,2018-08-24 00:00:00,Índice del mercado bursátil colombiano - COLCAP,1538.7,4.14,0.2698
08/09/2026 12:56:07,2018-08-27 00:00:00,Índice del mercado bursátil colombiano - COLCAP,1544.32,5.62,0.3652
08/09/2026 12:56:07,2018-08-28 00:00:00,Índice del mercado bursátil colombiano - COLCAP,1548.27,3.95,0.2558
08/09/2026 12:56:07,2018-08-29 00:00:00,Índice del mercado bursátil colombiano - COLCAP,1543.68,-4.59,-0.2965
08/09/2026 12:56:07,2018-08-30 00:00:00,Índice del mercado bursátil colombiano - COLCAP,1540.61,-3.07,-0.1989
08/09/2026 12:56:07,2018-08-31 00:00:00,Índice del mercado bursátil colombiano - COLCAP,1542.77,2.16,0.1402
08/09/2026 12:56:07,2018-09-03 00:00:00,Índice del mercado bursátil colombiano - COLCAP,1536.16,-6.61,-0.4285
08/09/2026 12:56:07,2018-09-04 00:00:00,Índice del mercado bursátil colombiano - COLCAP,1530.34,-5.82,-0.3789
08/09/2026 12:56:07,2018-09-05 00:00:00,Índice del mercado bursátil colombiano - COLCAP,1508.94,-21.4,-1.3984
08/09/2026 12:56:07,2018-09-06 00:00:00,Índice del mercado bursátil colombiano - COLCAP,1485.16,-23.78,-1.5759
08/09/2026 12:56:07,2018-09-07 00:00:00,Índice del mercado bursátil colombiano - COLCAP,1475.9,-9.26,-0.6235
08/09/2026 12:56:07,2018-09-10 00:00:00,Índice del mercado bursátil colombiano - COLCAP,1471.81,-4.09,-0.2771
08/09/2026 12:56:07,2018-09-11 00:00:00,Índice del mercado bursátil colombiano - COLCAP,1480.57,8.76,0.5952
08/09/2026 12:56:07,2018-09-12 00:00:00,Índice del mercado bursátil colombiano - COLCAP,1510.38,29.81,2.0134
08/09/2026 12:56:07,2018-09-13 00:00:00,Índice del mercado bursátil colombiano - COLCAP,1501.31,-9.07,-0.6005
08/09/2026 12:56:07,2018-09-14 00:00:00,Índice del mercado bursátil colombiano - COLCAP,1498.21,-3.1,-0.2065
08/09/2026 12:56:07,2018-09-17 00:00:00,Índice del mercado bursátil colombiano - COLCAP,1495.4,-2.81,-0.1876
08/09/2026 12:56:07,2018-09-18 00:00:00,Índice del mercado bursátil colombiano - COLCAP,1509.65,14.25,0.9529
08/09/2026 12:56:07,2018-09-19 00:00:00,Índice del mercado bursátil colombiano - COLCAP,1505.63,-4.02,-0.2663
08/09/2026 12:56:07,2018-09-20 00:00:00,Índice del mercado bursátil colombiano - COLCAP,1485.86,-19.77,-1.3131
08/09/2026 12:56:07,2018-09-21 00:00:00,Índice del mercado bursátil colombiano - COLCAP,1482.99,-2.87,-0.1932
08/09/2026 12:56:07,2018-09-24 00:00:00,Índice del mercado bursátil colombiano - COLCAP,1492.33,9.34,0.6298
08/09/2026 12:56:07,2018-09-25 00:00:00,Índice del mercado bursátil colombiano - COLCAP,1488.6,-3.73,-0.2499
08/09/2026 12:56:07,2018-09-26 00:00:00,Índice del mercado bursátil colombiano - COLCAP,1487.07,-1.53,-0.1028
08/09/2026 12:56:07,2018-09-27 00:00:00,Índice del mercado bursátil colombiano - COLCAP,1498.14,11.07,0.7444
08/09/2026 12:56:07,2018-09-28 00:00:00,Índice del mercado bursátil colombiano - COLCAP,1506.07,7.93,0.5293
08/09/2026 12:56:07,2018-10-01 00:00:00,Índice del mercado bursátil colombiano - COLCAP,1512.97,6.9,0.4581
08/09/2026 12:56:07,2018-10-02 00:00:00,Índice del mercado bursátil colombiano - COLCAP,1511.94,-1.03,-0.0681
08/09/2026 12:56:07,2018-10-03 00:00:00,Índice del mercado bursátil colombiano - COLCAP,1524.86,12.92,0.8545
08/09/2026 12:56:07,2018-10-04 00:00:00,Índice del mercado bursátil colombiano - COLCAP,1517.36,-7.5,-0.4918
08/09/2026 12:56:07,2018-10-05 00:00:00,Índice del mercado bursátil colombiano - COLCAP,1494.99,-22.37,-1.4743
08/09/2026 12:56:07,2018-10-08 00:00:00,Índice del mercado bursátil colombiano - COLCAP,1485.16,-9.83,-0.6575
08/09/2026 12:56:07,2018-10-09 00:00:00,Índice del mercado bursátil colombiano - COLCAP,1497.55,12.39,0.8343
08/09/2026 12:56:07,2018-10-10 00:00:00,Índice del mercado bursátil colombiano - COLCAP,1479.75,-17.8,-1.1886
08/09/2026 12:56:07,2018-10-11 00:00:00,Índice del mercado bursátil colombiano - COLCAP,1459.97,-19.78,-1.3367
08/09/2026 12:56:07,2018-10-12 00:00:00,Índice del mercado bursátil colombiano - COLCAP,1462.71,2.74,0.1877
08/09/2026 12:56:07,2018-10-16 00:00:00,Índice del mercado bursátil colombiano - COLCAP,1479.01,16.3,1.1144
08/09/2026 12:56:07,2018-10-17 00:00:00,Índice del mercado bursátil colombiano - COLCAP,1476.33,-2.68,-0.1812
08/09/2026 12:56:07,2018-10-18 00:00:00,Índice del mercado bursátil colombiano - COLCAP,1461.26,-15.07,-1.0208
08/09/2026 12:56:07,2018-10-19 00:00:00,Índice del mercado bursátil colombiano - COLCAP,1452.38,-8.88,-0.6077
08/09/2026 12:56:07,2018-10-22 00:00:00,Índice del mercado bursátil colombiano - COLCAP,1440.38,-12,-0.8262
08/09/2026 12:56:07,2018-10-23 00:00:00,Índice del mercado bursátil colombiano - COLCAP,1433.9,-6.48,-0.4499
08/09/2026 12:56:07,2018-10-24 00:00:00,Índice del mercado bursátil colombiano - COLCAP,1411.99,-21.91,-1.528
08/09/2026 12:56:07,2018-10-25 00:00:00,Índice del mercado bursátil colombiano - COLCAP,1395.49,-16.5,-1.1686
08/09/2026 12:56:07,2018-10-26 00:00:00,Índice del mercado bursátil colombiano - COLCAP,1397.17,1.68,0.1204
08/09/2026 12:56:07,2018-10-29 00:00:00,Índice del mercado bursátil colombiano - COLCAP,1392.46,-4.71,-0.3371
08/09/2026 12:56:07,2018-10-30 00:00:00,Índice del mercado bursátil colombiano - COLCAP,1394.92,2.46,0.1767
08/09/2026 12:56:07,2018-10-31 00:00:00,Índice del mercado bursátil colombiano - COLCAP,1392.18,-2.74,-0.1964
08/09/2026 12:56:07,2018-11-01 00:00:00,Índice del mercado bursátil colombiano - COLCAP,1383.02,-9.16,-0.658
08/09/2026 12:56:07,2018-11-02 00:00:00,Índice del mercado bursátil colombiano - COLCAP,1390.97,7.95,0.5748
08/09/2026 12:56:07,2018-11-06 00:00:00,Índice del mercado bursátil colombiano - COLCAP,1401.69,10.72,0.7707
08/09/2026 12:56:07,2018-11-07 00:00:00,Índice del mercado bursátil colombiano - COLCAP,1423.2,21.51,1.5346
08/09/2026 12:56:07,2018-11-08 00:00:00,Índice del mercado bursátil colombiano - COLCAP,1424.96,1.76,0.1237
08/09/2026 12:56:07,2018-11-09 00:00:00,Índice del mercado bursátil colombiano - COLCAP,1419.91,-5.05,-0.3544
08/09/2026 12:56:07,2018-11-13 00:00:00,Índice del mercado bursátil colombiano - COLCAP,1387.37,-32.54,-2.2917
08/09/2026 12:56:07,2018-11-14 00:00:00,Índice del mercado bursátil colombiano - COLCAP,1401.51,14.14,1.0192
08/09/2026 12:56:07,2018-11-15 00:00:00,Índice del mercado bursátil colombiano - COLCAP,1426.96,25.45,1.8159
08/09/2026 12:56:07,2018-11-16 00:00:00,Índice del mercado bursátil colombiano - COLCAP,1436.9,9.94,0.6966
08/09/2026 12:56:07,2018-11-19 00:00:00,Índice del mercado bursátil colombiano - COLCAP,1423.09,-13.81,-0.9611
08/09/2026 12:56:07,2018-11-20 00:00:00,Índice del mercado bursátil colombiano - COLCAP,1389.24,-33.85,-2.3786
08/09/2026 12:56:07,2018-11-21 00:00:00,Índice del mercado bursátil colombiano - COLCAP,1390.19,0.95,0.0684
08/09/2026 12:56:07,2018-11-22 00:00:00,Índice del mercado bursátil colombiano - COLCAP,1388.3,-1.89,-0.136
08/09/2026 12:56:07,2018-11-23 00:00:00,Índice del mercado bursátil colombiano - COLCAP,1370.91,-17.39,-1.2526
08/09/2026 12:56:07,2018-11-26 00:00:00,Índice del mercado bursátil colombiano - COLCAP,1393.78,22.87,1.6682
08/09/2026 12:56:07,2018-11-27 00:00:00,Índice del mercado bursátil colombiano - COLCAP,1383.27,-10.51,-0.7541
08/09/2026 12:56:07,2018-11-28 00:00:00,Índice del mercado bursátil colombiano - COLCAP,1385.13,1.86,0.1345
08/09/2026 12:56:07,2018-11-29 00:00:00,Índice del mercado bursátil colombiano - COLCAP,1386.8,1.67,0.1206
08/09/2026 12:56:07,2018-11-30 00:00:00,Índice del mercado bursátil colombiano - COLCAP,1379.24,-7.56,-0.5451
08/09/2026 12:56:07,2018-12-03 00:00:00,Índice del mercado bursátil colombiano - COLCAP,1405.61,26.37,1.9119
08/09/2026 12:56:07,2018-12-04 00:00:00,Índice del mercado bursátil colombiano - COLCAP,1399.71,-5.9,-0.4197
08/09/2026 12:56:07,2018-12-05 00:00:00,Índice del mercado bursátil colombiano - COLCAP,1408.41,8.7,0.6216
08/09/2026 12:56:07,2018-12-06 00:00:00,Índice del mercado bursátil colombiano - COLCAP,1390,-18.41,-1.3071
08/09/2026 12:56:07,2018-12-07 00:00:00,Índice del mercado bursátil colombiano - COLCAP,1382.45,-7.55,-0.5432
08/09/2026 12:56:07,2018-12-10 00:00:00,Índice del mercado bursátil colombiano - COLCAP,1377.03,-5.42,-0.3921
08/09/2026 12:56:07,2018-12-11 00:00:00,Índice del mercado bursátil colombiano - COLCAP,1373.35,-3.68,-0.2672
08/09/2026 12:56:07,2018-12-12 00:00:00,Índice del mercado bursátil colombiano - COLCAP,1374.29,0.94,0.0684
08/09/2026 12:56:07,2018-12-13 00:00:00,Índice del mercado bursátil colombiano - COLCAP,1365.35,-8.94,-0.6505
08/09/2026 12:56:07,2018-12-14 00:00:00,Índice del mercado bursátil colombiano - COLCAP,1359.31,-6.04,-0.4424
08/09/2026 12:56:07,2018-12-17 00:00:00,Índice del mercado bursátil colombiano - COLCAP,1335.64,-23.67,-1.7413
08/09/2026 12:56:07,2018-12-18 00:00:00,Índice del mercado bursátil colombiano - COLCAP,1336.14,0.5,0.0374
08/09/2026 12:56:07,2018-12-19 00:00:00,Índice del mercado bursátil colombiano - COLCAP,1332.35,-3.79,-0.2837
08/09/2026 12:56:07,2018-12-20 00:00:00,Índice del mercado bursátil colombiano - COLCAP,1298.37,-33.98,-2.5504
08/09/2026 12:56:07,2018-12-21 00:00:00,Índice del mercado bursátil colombiano - COLCAP,1301.86,3.49,0.2688
08/09/2026 12:56:07,2018-12-24 00:00:00,Índice del mercado bursátil colombiano - COLCAP,1301.6,-0.26,-0.02
08/09/2026 12:56:07,2018-12-26 00:00:00,Índice del mercado bursátil colombiano - COLCAP,1329.15,27.55,2.1166
08/09/2026 12:56:07,2018-12-27 00:00:00,Índice del mercado bursátil colombiano - COLCAP,1324.99,-4.16,-0.313
08/09/2026 12:56:07,2018-12-28 00:00:00,Índice del mercado bursátil colombiano - COLCAP,1325.93,0.94,0.0709
08/09/2026 12:56:07,2019-01-02 00:00:00,Índice del mercado bursátil colombiano - COLCAP,1332.8,6.87,0.5181
08/09/2026 12:56:07,2019-01-03 00:00:00,Índice del mercado bursátil colombiano - COLCAP,1348.53,15.73,1.1802
08/09/2026 12:56:07,2019-01-04 00:00:00,Índice del mercado bursátil colombiano - COLCAP,1356.75,8.22,0.6096
08/09/2026 12:56:07,2019-01-08 00:00:00,Índice del mercado bursátil colombiano - COLCAP,1368.24,11.49,0.8469
08/09/2026 12:56:07,2019-01-09 00:00:00,Índice del mercado bursátil colombiano - COLCAP,1377.61,9.37,0.6848
08/09/2026 12:56:07,2019-01-10 00:00:00,Índice del mercado bursátil colombiano - COLCAP,1384.07,6.46,0.4689
08/09/2026 12:56:07,2019-01-11 00:00:00,Índice del mercado bursátil colombiano - COLCAP,1388.38,4.31,0.3114
08/09/2026 12:56:07,2019-01-14 00:00:00,Índice del mercado bursátil colombiano - COLCAP,1393.2,4.82,0.3472
08/09/2026 12:56:07,2019-01-15 00:00:00,Índice del mercado bursátil colombiano - COLCAP,1393.09,-0.11,-0.0079
08/09/2026 12:56:07,2019-01-16 00:00:00,Índice del mercado bursátil colombiano - COLCAP,1391.34,-1.75,-0.1256
08/09/2026 12:56:07,2019-01-17 00:00:00,Índice del mercado bursátil colombiano - COLCAP,1391.42,0.08,0.0057
08/09/2026 12:56:07,2019-01-18 00:00:00,Índice del mercado bursátil colombiano - COLCAP,1392.95,1.53,0.11
08/09/2026 12:56:07,2019-01-21 00:00:00,Índice del mercado bursátil colombiano - COLCAP,1398.94,5.99,0.43
08/09/2026 12:56:07,2019-01-22 00:00:00,Índice del mercado bursátil colombiano - COLCAP,1403.94,5,0.3574
08/09/2026 12:56:07,2019-01-23 00:00:00,Índice del mercado bursátil colombiano - COLCAP,1406.52,2.58,0.1838
08/09/2026 12:56:07,2019-01-24 00:00:00,Índice del mercado bursátil colombiano - COLCAP,1416.76,10.24,0.728
08/09/2026 12:56:07,2019-01-25 00:00:00,Índice del mercado bursátil colombiano - COLCAP,1425.47,8.71,0.6148
08/09/2026 12:56:07,2019-01-28 00:00:00,Índice del mercado bursátil colombiano - COLCAP,1430.18,4.71,0.3304
08/09/2026 12:56:07,2019-01-29 00:00:00,Índice del mercado bursátil colombiano - COLCAP,1437.45,7.27,0.5083
08/09/2026 12:56:07,2019-01-30 00:00:00,Índice del mercado bursátil colombiano - COLCAP,1449.65,12.2,0.8487
08/09/2026 12:56:07,2019-01-31 00:00:00,Índice del mercado bursátil colombiano - COLCAP,1447.01,-2.64,-0.1821
08/09/2026 12:56:07,2019-02-01 00:00:00,Índice del mercado bursátil colombiano - COLCAP,1462.03,15.02,1.038
08/09/2026 12:56:07,2019-02-04 00:00:00,Índice del mercado bursátil colombiano - COLCAP,1474.94,12.91,0.883
08/09/2026 12:56:07,2019-02-05 00:00:00,Índice del mercado bursátil colombiano - COLCAP,1493.39,18.45,1.2509
08/09/2026 12:56:07,2019-02-06 00:00:00,Índice del mercado bursátil colombiano - COLCAP,1488.9,-4.49,-0.3007
08/09/2026 12:56:07,2019-02-07 00:00:00,Índice del mercado bursátil colombiano - COLCAP,1472.11,-16.79,-1.1277
08/09/2026 12:56:07,2019-02-08 00:00:00,Índice del mercado bursátil colombiano - COLCAP,1468.77,-3.34,-0.2269
08/09/2026 12:56:07,2019-02-11 00:00:00,Índice del mercado bursátil colombiano - COLCAP,1468.42,-0.35,-0.0238
08/09/2026 12:56:07,2019-02-12 00:00:00,Índice del mercado bursátil colombiano - COLCAP,1473.73,5.31,0.3616
08/09/2026 12:56:07,2019-02-13 00:00:00,Índice del mercado bursátil colombiano - COLCAP,1472.57,-1.16,-0.0787
08/09/2026 12:56:07,2019-02-14 00:00:00,Índice del mercado bursátil colombiano - COLCAP,1476.79,4.22,0.2866
08/09/2026 12:56:07,2019-02-15 00:00:00,Índice del mercado bursátil colombiano - COLCAP,1488.84,12.05,0.816
08/09/2026 12:56:07,2019-02-18 00:00:00,Índice del mercado bursátil colombiano - COLCAP,1482.69,-6.15,-0.4131
08/09/2026 12:56:07,2019-02-19 00:00:00,Índice del mercado bursátil colombiano - COLCAP,1477.76,-4.93,-0.3325
08/09/2026 12:56:07,2019-02-20 00:00:00,Índice del mercado bursátil colombiano - COLCAP,1478.64,0.88,0.0595
08/09/2026 12:56:07,2019-02-21 00:00:00,Índice del mercado bursátil colombiano - COLCAP,1478.49,-0.15,-0.0101
08/09/2026 12:56:07,2019-02-22 00:00:00,Índice del mercado bursátil colombiano - COLCAP,1491.74,13.25,0.8962
08/09/2026 12:56:07,2019-02-25 00:00:00,Índice del mercado bursátil colombiano - COLCAP,1509.88,18.14,1.216
08/09/2026 12:56:07,2019-02-26 00:00:00,Índice del mercado bursátil colombiano - COLCAP,1519.95,10.07,0.6669
08/09/2026 12:56:07,2019-02-27 00:00:00,Índice del mercado bursátil colombiano - COLCAP,1516.64,-3.31,-0.2178
08/09/2026 12:56:07,2019-02-28 00:00:00,Índice del mercado bursátil colombiano - COLCAP,1508.27,-8.37,-0.5519
08/09/2026 12:56:07,2019-03-01 00:00:00,Índice del mercado bursátil colombiano - COLCAP,1515.35,7.08,0.4694
08/09/2026 12:56:07,2019-03-04 00:00:00,Índice del mercado bursátil colombiano - COLCAP,1517,1.65,0.1089
08/09/2026 12:56:07,2019-03-05 00:00:00,Índice del mercado bursátil colombiano - COLCAP,1518.21,1.21,0.0798
08/09/2026 12:56:07,2019-03-06 00:00:00,Índice del mercado bursátil colombiano - COLCAP,1532.06,13.85,0.9123
08/09/2026 12:56:07,2019-03-07 00:00:00,Índice del mercado bursátil colombiano - COLCAP,1517.84,-14.22,-0.9282
08/09/2026 12:56:07,2019-03-08 00:00:00,Índice del mercado bursátil colombiano - COLCAP,1503.01,-14.83,-0.977
08/09/2026 12:56:07,2019-03-11 00:00:00,Índice del mercado bursátil colombiano - COLCAP,1525.79,22.78,1.5156
08/09/2026 12:56:07,2019-03-12 00:00:00,Índice del mercado bursátil colombiano - COLCAP,1533.35,7.56,0.4955
08/09/2026 12:56:07,2019-03-13 00:00:00,Índice del mercado bursátil colombiano - COLCAP,1560.4,27.05,1.7641
08/09/2026 12:56:07,2019-03-14 00:00:00,Índice del mercado bursátil colombiano - COLCAP,1575.11,14.71,0.9427
08/09/2026 12:56:07,2019-03-15 00:00:00,Índice del mercado bursátil colombiano - COLCAP,1579.72,4.61,0.2927
08/09/2026 12:56:07,2019-03-18 00:00:00,Índice del mercado bursátil colombiano - COLCAP,1606.37,26.65,1.687
08/09/2026 12:56:07,2019-03-19 00:00:00,Índice del mercado bursátil colombiano - COLCAP,1613.71,7.34,0.4569
08/09/2026 12:56:07,2019-03-20 00:00:00,Índice del mercado bursátil colombiano - COLCAP,1628.22,14.51,0.8992
08/09/2026 12:56:07,2019-03-21 00:00:00,Índice del mercado bursátil colombiano - COLCAP,1631.3,3.08,0.1892
08/09/2026 12:56:07,2019-03-22 00:00:00,Índice del mercado bursátil colombiano - COLCAP,1597.19,-34.11,-2.091
08/09/2026 12:56:07,2019-03-26 00:00:00,Índice del mercado bursátil colombiano - COLCAP,1607.03,9.84,0.6161
08/09/2026 12:56:07,2019-03-27 00:00:00,Índice del mercado bursátil colombiano - COLCAP,1572.68,-34.35,-2.1375
08/09/2026 12:56:07,2019-03-28 00:00:00,Índice del mercado bursátil colombiano - COLCAP,1569.91,-2.77,-0.1761
08/09/2026 12:56:07,2019-03-29 00:00:00,Índice del mercado bursátil colombiano - COLCAP,1587.74,17.83,1.1357
08/09/2026 12:56:07,2019-04-01 00:00:00,Índice del mercado bursátil colombiano - COLCAP,1581.9,-5.84,-0.3678
08/09/2026 12:56:07,2019-04-02 00:00:00,Índice del mercado bursátil colombiano - COLCAP,1579.51,-2.39,-0.1511
08/09/2026 12:56:07,2019-04-03 00:00:00,Índice del mercado bursátil colombiano - COLCAP,1590.64,11.13,0.7046
08/09/2026 12:56:07,2019-04-04 00:00:00,Índice del mercado bursátil colombiano - COLCAP,1590.15,-0.49,-0.0308
08/09/2026 12:56:07,2019-04-05 00:00:00,Índice del mercado bursátil colombiano - COLCAP,1599.83,9.68,0.6087
08/09/2026 12:56:07,2019-04-08 00:00:00,Índice del mercado bursátil colombiano - COLCAP,1616.35,16.52,1.0326
08/09/2026 12:56:07,2019-04-09 00:00:00,Índice del mercado bursátil colombiano - COLCAP,1621.4,5.05,0.3124
08/09/2026 12:56:07,2019-04-10 00:00:00,Índice del mercado bursátil colombiano - COLCAP,1625.21,3.81,0.235
08/09/2026 12:56:07,2019-04-11 00:00:00,Índice del mercado bursátil colombiano - COLCAP,1611.6,-13.61,-0.8374
08/09/2026 12:56:07,2019-04-12 00:00:00,Índice del mercado bursátil colombiano - COLCAP,1604.97,-6.63,-0.4114
08/09/2026 12:56:07,2019-04-15 00:00:00,Índice del mercado bursátil colombiano - COLCAP,1572.75,-32.22,-2.0075
08/09/2026 12:56:07,2019-04-16 00:00:00,Índice del mercado bursátil colombiano - COLCAP,1581.43,8.68,0.5519
08/09/2026 12:56:07,2019-04-17 00:00:00,Índice del mercado bursátil colombiano - COLCAP,1574.31,-7.12,-0.4502
08/09/2026 12:56:07,2019-04-22 00:00:00,Índice del mercado bursátil colombiano - COLCAP,1591.18,16.87,1.0716
08/09/2026 12:56:07,2019-04-23 00:00:00,Índice del mercado bursátil colombiano - COLCAP,1595.02,3.84,0.2413
08/09/2026 12:56:07,2019-04-24 00:00:00,Índice del mercado bursátil colombiano - COLCAP,1600.17,5.15,0.3229
08/09/2026 12:56:07,2019-04-25 00:00:00,Índice del mercado bursátil colombiano - COLCAP,1599.81,-0.36,-0.0225
08/09/2026 12:56:07,2019-04-26 00:00:00,Índice del mercado bursátil colombiano - COLCAP,1597.75,-2.06,-0.1288
08/09/2026 12:56:07,2019-04-29 00:00:00,Índice del mercado bursátil colombiano - COLCAP,1590.38,-7.37,-0.4613
08/09/2026 12:56:07,2019-04-30 00:00:00,Índice del mercado bursátil colombiano - COLCAP,1573.64,-16.74,-1.0526
08/09/2026 12:56:07,2019-05-02 00:00:00,Índice del mercado bursátil colombiano - COLCAP,1562.02,-11.62,-0.7384
08/09/2026 12:56:07,2019-05-03 00:00:00,Índice del mercado bursátil colombiano - COLCAP,1555.38,-6.64,-0.4251
08/09/2026 12:56:07,2019-05-06 00:00:00,Índice del mercado bursátil colombiano - COLCAP,1549.16,-6.22,-0.3999
08/09/2026 12:56:07,2019-05-07 00:00:00,Índice del mercado bursátil colombiano - COLCAP,1535.26,-13.9,-0.8973
08/09/2026 12:56:07,2019-05-08 00:00:00,Índice del mercado bursátil colombiano - COLCAP,1539.31,4.05,0.2638
08/09/2026 12:56:07,2019-05-09 00:00:00,Índice del mercado bursátil colombiano - COLCAP,1542.57,3.26,0.2118
08/09/2026 12:56:07,2019-05-10 00:00:00,Índice del mercado bursátil colombiano - COLCAP,1550.38,7.81,0.5063
08/09/2026 12:56:07,2019-05-13 00:00:00,Índice del mercado bursátil colombiano - COLCAP,1515.81,-34.57,-2.2298
08/09/2026 12:56:07,2019-05-14 00:00:00,Índice del mercado bursátil colombiano - COLCAP,1509.11,-6.7,-0.442
08/09/2026 12:56:07,2019-05-15 00:00:00,Índice del mercado bursátil colombiano - COLCAP,1501.55,-7.56,-0.501
08/09/2026 12:56:07,2019-05-16 00:00:00,Índice del mercado bursátil colombiano - COLCAP,1503.06,1.51,0.1006
08/09/2026 12:56:07,2019-05-17 00:00:00,Índice del mercado bursátil colombiano - COLCAP,1500.05,-3.01,-0.2003
08/09/2026 12:56:07,2019-05-20 00:00:00,Índice del mercado bursátil colombiano - COLCAP,1482.74,-17.31,-1.154
08/09/2026 12:56:07,2019-05-21 00:00:00,Índice del mercado bursátil colombiano - COLCAP,1493.41,10.67,0.7196
08/09/2026 12:56:07,2019-05-22 00:00:00,Índice del mercado bursátil colombiano - COLCAP,1489.43,-3.98,-0.2665
08/09/2026 12:56:07,2019-05-23 00:00:00,Índice del mercado bursátil colombiano - COLCAP,1472.15,-17.28,-1.1602
08/09/2026 12:56:07,2019-05-24 00:00:00,Índice del mercado bursátil colombiano - COLCAP,1489.41,17.26,1.1724
08/09/2026 12:56:07,2019-05-27 00:00:00,Índice del mercado bursátil colombiano - COLCAP,1480.01,-9.4,-0.6311
08/09/2026 12:56:07,2019-05-28 00:00:00,Índice del mercado bursátil colombiano - COLCAP,1463.38,-16.63,-1.1236
08/09/2026 12:56:07,2019-05-29 00:00:00,Índice del mercado bursátil colombiano - COLCAP,1481.72,18.34,1.2533
08/09/2026 12:56:07,2019-05-30 00:00:00,Índice del mercado bursátil colombiano - COLCAP,1487.06,5.34,0.3604
08/09/2026 12:56:07,2019-05-31 00:00:00,Índice del mercado bursátil colombiano - COLCAP,1487,-0.06,-0.004
08/09/2026 12:56:07,2019-06-04 00:00:00,Índice del mercado bursátil colombiano - COLCAP,1497.35,10.35,0.696
08/09/2026 12:56:07,2019-06-05 00:00:00,Índice del mercado bursátil colombiano - COLCAP,1483.42,-13.93,-0.9303
08/09/2026 12:56:07,2019-06-06 00:00:00,Índice del mercado bursátil colombiano - COLCAP,1489.99,6.57,0.4429
08/09/2026 12:56:07,2019-06-07 00:00:00,Índice del mercado bursátil colombiano - COLCAP,1509.82,19.83,1.3309
08/09/2026 12:56:07,2019-06-10 00:00:00,Índice del mercado bursátil colombiano - COLCAP,1499.16,-10.66,-0.706
08/09/2026 12:56:07,2019-06-11 00:00:00,Índice del mercado bursátil colombiano - COLCAP,1519.97,20.81,1.3881
08/09/2026 12:56:07,2019-06-12 00:00:00,Índice del mercado bursátil colombiano - COLCAP,1513.16,-6.81,-0.448
08/09/2026 12:56:07,2019-06-13 00:00:00,Índice del mercado bursátil colombiano - COLCAP,1521.69,8.53,0.5637
08/09/2026 12:56:07,2019-06-14 00:00:00,Índice del mercado bursátil colombiano - COLCAP,1526.36,4.67,0.3069
08/09/2026 12:56:07,2019-06-17 00:00:00,Índice del mercado bursátil colombiano - COLCAP,1518.29,-8.07,-0.5287
08/09/2026 12:56:07,2019-06-18 00:00:00,Índice del mercado bursátil colombiano - COLCAP,1537.81,19.52,1.2857
08/09/2026 12:56:07,2019-06-19 00:00:00,Índice del mercado bursátil colombiano - COLCAP,1546.24,8.43,0.5482
08/09/2026 12:56:07,2019-06-20 00:00:00,Índice del mercado bursátil colombiano - COLCAP,1554.67,8.43,0.5452
08/09/2026 12:56:07,2019-06-21 00:00:00,Índice del mercado bursátil colombiano - COLCAP,1560.19,5.52,0.3551
08/09/2026 12:56:07,2019-06-25 00:00:00,Índice del mercado bursátil colombiano - COLCAP,1557.86,-2.33,-0.1493
08/09/2026 12:56:07,2019-06-26 00:00:00,Índice del mercado bursátil colombiano - COLCAP,1549.72,-8.14,-0.5225
08/09/2026 12:56:07,2019-06-27 00:00:00,Índice del mercado bursátil colombiano - COLCAP,1547.69,-2.03,-0.131
08/09/2026 12:56:07,2019-06-28 00:00:00,Índice del mercado bursátil colombiano - COLCAP,1548.98,1.29,0.0834
08/09/2026 12:56:07,2019-07-02 00:00:00,Índice del mercado bursátil colombiano - COLCAP,1543.76,-5.22,-0.337
08/09/2026 12:56:07,2019-07-03 00:00:00,Índice del mercado bursátil colombiano - COLCAP,1563.72,19.96,1.2929
08/09/2026 12:56:07,2019-07-04 00:00:00,Índice del mercado bursátil colombiano - COLCAP,1565.96,2.24,0.1432
08/09/2026 12:56:07,2019-07-05 00:00:00,Índice del mercado bursátil colombiano - COLCAP,1579.19,13.23,0.8448
08/09/2026 12:56:07,2019-07-08 00:00:00,Índice del mercado bursátil colombiano - COLCAP,1581.08,1.89,0.1197
08/09/2026 12:56:07,2019-07-09 00:00:00,Índice del mercado bursátil colombiano - COLCAP,1588.9,7.82,0.4946
08/09/2026 12:56:07,2019-07-10 00:00:00,Índice del mercado bursátil colombiano - COLCAP,1600.91,0,0
08/09/2026 12:56:07,2019-07-11 00:00:00,Índice del mercado bursátil colombiano - COLCAP,1600.5,-0.41,-0.0256
08/09/2026 12:56:07,2019-07-12 00:00:00,Índice del mercado bursátil colombiano - COLCAP,1605.15,4.65,0.2905
08/09/2026 12:56:07,2019-07-15 00:00:00,Índice del mercado bursátil colombiano - COLCAP,1605.01,-0.14,-0.0087
08/09/2026 12:56:07,2019-07-16 00:00:00,Índice del mercado bursátil colombiano - COLCAP,1619.62,14.61,0.9103
08/09/2026 12:56:07,2019-07-17 00:00:00,Índice del mercado bursátil colombiano - COLCAP,1607.23,-12.39,-0.765
08/09/2026 12:56:07,2019-07-18 00:00:00,Índice del mercado bursátil colombiano - COLCAP,1586.96,-20.27,-1.2612
08/09/2026 12:56:07,2019-07-19 00:00:00,Índice del mercado bursátil colombiano - COLCAP,1600.39,13.43,0.8463
08/09/2026 12:56:07,2019-07-22 00:00:00,Índice del mercado bursátil colombiano - COLCAP,1594.44,-5.95,-0.3718
08/09/2026 12:56:07,2019-07-23 00:00:00,Índice del mercado bursátil colombiano - COLCAP,1602.15,7.71,0.4836
08/09/2026 12:56:07,2019-07-24 00:00:00,Índice del mercado bursátil colombiano - COLCAP,1592.71,-9.44,-0.5892
08/09/2026 12:56:07,2019-07-25 00:00:00,Índice del mercado bursátil colombiano - COLCAP,1595.47,2.76,0.1733
08/09/2026 12:56:07,2019-07-26 00:00:00,Índice del mercado bursátil colombiano - COLCAP,1580.56,-14.91,-0.9345
08/09/2026 12:56:07,2019-07-29 00:00:00,Índice del mercado bursátil colombiano - COLCAP,1585.26,4.7,0.2974
08/09/2026 12:56:07,2019-07-30 00:00:00,Índice del mercado bursátil colombiano - COLCAP,1568.06,-17.2,-1.085
08/09/2026 12:56:07,2019-07-31 00:00:00,Índice del mercado bursátil colombiano - COLCAP,1562.13,-5.93,-0.3782
08/09/2026 12:56:07,2019-08-01 00:00:00,Índice del mercado bursátil colombiano - COLCAP,1537.58,-24.55,-1.5716
08/09/2026 12:56:07,2019-08-02 00:00:00,Índice del mercado bursátil colombiano - COLCAP,1543.38,5.8,0.3772
08/09/2026 12:56:07,2019-08-05 00:00:00,Índice del mercado bursátil colombiano - COLCAP,1503,-40.38,-2.6163
08/09/2026 12:56:07,2019-08-06 00:00:00,Índice del mercado bursátil colombiano - COLCAP,1512.83,9.83,0.654
08/09/2026 12:56:07,2019-08-08 00:00:00,Índice del mercado bursátil colombiano - COLCAP,1545.44,32.61,2.1556
08/09/2026 12:56:07,2019-08-09 00:00:00,Índice del mercado bursátil colombiano - COLCAP,1537.8,-7.64,-0.4944
08/09/2026 12:56:07,2019-08-12 00:00:00,Índice del mercado bursátil colombiano - COLCAP,1531.2,-6.6,-0.4292
08/09/2026 12:56:07,2019-08-13 00:00:00,Índice del mercado bursátil colombiano - COLCAP,1554.59,23.39,1.5276
08/09/2026 12:56:07,2019-08-15 00:00:00,Índice del mercado bursátil colombiano - COLCAP,1524.19,0,0
08/09/2026 12:56:07,2019-08-16 00:00:00,Índice del mercado bursátil colombiano - COLCAP,1542.81,18.62,1.2216
08/09/2026 12:56:07,2019-08-20 00:00:00,Índice del mercado bursátil colombiano - COLCAP,1548.46,5.65,0.3662
08/09/2026 12:56:07,2019-08-21 00:00:00,Índice del mercado bursátil colombiano - COLCAP,1541.56,-6.9,-0.4456
08/09/2026 12:56:07,2019-08-22 00:00:00,Índice del mercado bursátil colombiano - COLCAP,1526.96,-14.6,-0.9471
08/09/2026 12:56:07,2019-08-23 00:00:00,Índice del mercado bursátil colombiano - COLCAP,1505.29,-21.67,-1.4192
08/09/2026 12:56:07,2019-08-26 00:00:00,Índice del mercado bursátil colombiano - COLCAP,1519.08,13.79,0.9161
08/09/2026 12:56:07,2019-08-27 00:00:00,Índice del mercado bursátil colombiano - COLCAP,1531.51,12.43,0.8183
08/09/2026 12:56:07,2019-08-28 00:00:00,Índice del mercado bursátil colombiano - COLCAP,1536.69,5.18,0.3382
08/09/2026 12:56:07,2019-08-29 00:00:00,Índice del mercado bursátil colombiano - COLCAP,1542.36,5.67,0.369
08/09/2026 12:56:07,2019-08-30 00:00:00,Índice del mercado bursátil colombiano - COLCAP,1559.52,17.16,1.1126
08/09/2026 12:56:07,2019-09-02 00:00:00,Índice del mercado bursátil colombiano - COLCAP,1560.81,1.29,0.0827
08/09/2026 12:56:07,2019-09-03 00:00:00,Índice del mercado bursátil colombiano - COLCAP,1561.49,0.68,0.0436
08/09/2026 12:56:07,2019-09-04 00:00:00,Índice del mercado bursátil colombiano - COLCAP,1565.89,4.4,0.2818
08/09/2026 12:56:07,2019-09-05 00:00:00,Índice del mercado bursátil colombiano - COLCAP,1567.35,1.46,0.0932
08/09/2026 12:56:07,2019-09-06 00:00:00,Índice del mercado bursátil colombiano - COLCAP,1567.53,0.18,0.0115
08/09/2026 12:56:07,2019-09-09 00:00:00,Índice del mercado bursátil colombiano - COLCAP,1576.75,9.22,0.5882
08/09/2026 12:56:07,2019-09-10 00:00:00,Índice del mercado bursátil colombiano - COLCAP,1572.81,-3.94,-0.2499
08/09/2026 12:56:07,2019-09-11 00:00:00,Índice del mercado bursátil colombiano - COLCAP,1585.72,12.91,0.8208
08/09/2026 12:56:07,2019-09-12 00:00:00,Índice del mercado bursátil colombiano - COLCAP,1587.66,1.94,0.1223
08/09/2026 12:56:07,2019-09-13 00:00:00,Índice del mercado bursátil colombiano - COLCAP,1580.6,-7.06,-0.4447
08/09/2026 12:56:07,2019-09-16 00:00:00,Índice del mercado bursátil colombiano - COLCAP,1600.63,20.03,1.2672
08/09/2026 12:56:07,2019-09-17 00:00:00,Índice del mercado bursátil colombiano - COLCAP,1597.94,-2.69,-0.1681
08/09/2026 12:56:07,2019-09-18 00:00:00,Índice del mercado bursátil colombiano - COLCAP,1597.36,-0.58,-0.0363
08/09/2026 12:56:07,2019-09-19 00:00:00,Índice del mercado bursátil colombiano - COLCAP,1594.1,-3.26,-0.2041
08/09/2026 12:56:07,2019-09-20 00:00:00,Índice del mercado bursátil colombiano - COLCAP,1594.22,0.12,0.0075
08/09/2026 12:56:07,2019-09-23 00:00:00,Índice del mercado bursátil colombiano - COLCAP,1597.15,2.93,0.1838
08/09/2026 12:56:07,2019-09-24 00:00:00,Índice del mercado bursátil colombiano - COLCAP,1591.09,-6.06,-0.3794
08/09/2026 12:56:07,2019-09-25 00:00:00,Índice del mercado bursátil colombiano - COLCAP,1596.35,5.26,0.3306
08/09/2026 12:56:07,2019-09-26 00:00:00,Índice del mercado bursátil colombiano - COLCAP,1601.43,5.08,0.3182
08/09/2026 12:56:07,2019-09-27 00:00:00,Índice del mercado bursátil colombiano - COLCAP,1584.99,-16.44,-1.0266
08/09/2026 12:56:07,2019-09-30 00:00:00,Índice del mercado bursátil colombiano - COLCAP,1577.96,-7.03,-0.4435
08/09/2026 12:56:07,2019-10-01 00:00:00,Índice del mercado bursátil colombiano - COLCAP,1582.42,4.46,0.2826
08/09/2026 12:56:07,2019-10-02 00:00:00,Índice del mercado bursátil colombiano - COLCAP,1574.83,-7.59,-0.4796
08/09/2026 12:56:07,2019-10-03 00:00:00,Índice del mercado bursátil colombiano - COLCAP,1588.62,13.79,0.8757
08/09/2026 12:56:07,2019-10-04 00:00:00,Índice del mercado bursátil colombiano - COLCAP,1593.05,4.43,0.2789
08/09/2026 12:56:07,2019-10-07 00:00:00,Índice del mercado bursátil colombiano - COLCAP,1596.94,3.89,0.2442
08/09/2026 12:56:07,2019-10-08 00:00:00,Índice del mercado bursátil colombiano - COLCAP,1589.89,-7.05,-0.4415
08/09/2026 12:56:07,2019-10-09 00:00:00,Índice del mercado bursátil colombiano - COLCAP,1589.31,-0.58,-0.0365
08/09/2026 12:56:07,2019-10-10 00:00:00,Índice del mercado bursátil colombiano - COLCAP,1583.44,-5.87,-0.3693
08/09/2026 12:56:07,2019-10-11 00:00:00,Índice del mercado bursátil colombiano - COLCAP,1590.86,7.42,0.4686
08/09/2026 12:56:07,2019-10-15 00:00:00,Índice del mercado bursátil colombiano - COLCAP,1578.89,-11.97,-0.7524
08/09/2026 12:56:07,2019-10-16 00:00:00,Índice del mercado bursátil colombiano - COLCAP,1579.51,0.62,0.0393
08/09/2026 12:56:07,2019-10-17 00:00:00,Índice del mercado bursátil colombiano - COLCAP,1578.63,-0.88,-0.0557
08/09/2026 12:56:07,2019-10-18 00:00:00,Índice del mercado bursátil colombiano - COLCAP,1578.61,-0.02,-0.0013
08/09/2026 12:56:07,2019-10-21 00:00:00,Índice del mercado bursátil colombiano - COLCAP,1597.56,18.95,1.2004
08/09/2026 12:56:07,2019-10-22 00:00:00,Índice del mercado bursátil colombiano - COLCAP,1613.42,15.86,0.9928
08/09/2026 12:56:07,2019-10-23 00:00:00,Índice del mercado bursátil colombiano - COLCAP,1613.32,-0.1,-0.0062
08/09/2026 12:56:07,2019-10-24 00:00:00,Índice del mercado bursátil colombiano - COLCAP,1616.05,2.73,0.1692
08/09/2026 12:56:07,2019-10-25 00:00:00,Índice del mercado bursátil colombiano - COLCAP,1628.55,12.5,0.7735
08/09/2026 12:56:07,2019-10-28 00:00:00,Índice del mercado bursátil colombiano - COLCAP,1622,-6.55,-0.4022
08/09/2026 12:56:07,2019-10-29 00:00:00,Índice del mercado bursátil colombiano - COLCAP,1633.28,11.28,0.6954
08/09/2026 12:56:07,2019-10-30 00:00:00,Índice del mercado bursátil colombiano - COLCAP,1633.92,0.64,0.0392
08/09/2026 12:56:07,2019-10-31 00:00:00,Índice del mercado bursátil colombiano - COLCAP,1633.15,-0.77,-0.0471
08/09/2026 12:56:07,2019-11-01 00:00:00,Índice del mercado bursátil colombiano - COLCAP,1645.88,12.73,0.7795
08/09/2026 12:56:07,2019-11-05 00:00:00,Índice del mercado bursátil colombiano - COLCAP,1665.69,19.81,1.2036
08/09/2026 12:56:07,2019-11-06 00:00:00,Índice del mercado bursátil colombiano - COLCAP,1657.15,-8.54,-0.5127
08/09/2026 12:56:07,2019-11-07 00:00:00,Índice del mercado bursátil colombiano - COLCAP,1655.73,-1.42,-0.0857
08/09/2026 12:56:07,2019-11-08 00:00:00,Índice del mercado bursátil colombiano - COLCAP,1636.23,-19.5,-1.1777
08/09/2026 12:56:07,2019-11-12 00:00:00,Índice del mercado bursátil colombiano - COLCAP,1632.02,-4.21,-0.2573
08/09/2026 12:56:07,2019-11-13 00:00:00,Índice del mercado bursátil colombiano - COLCAP,1624.26,-7.76,-0.4755
08/09/2026 12:56:07,2019-11-14 00:00:00,Índice del mercado bursátil colombiano - COLCAP,1613.9,-10.36,-0.6378
08/09/2026 12:56:07,2019-11-15 00:00:00,Índice del mercado bursátil colombiano - COLCAP,1627.25,13.35,0.8272
08/09/2026 12:56:07,2019-12-09 00:00:00,Índice del mercado bursátil colombiano - COLCAP,1605.35,0,0
08/09/2026 12:56:07,2019-12-10 00:00:00,Índice del mercado bursátil colombiano - COLCAP,1602.94,-2.41,-0.1501
08/09/2026 12:56:07,2019-12-11 00:00:00,Índice del mercado bursátil colombiano - COLCAP,1605.32,2.38,0.1485
08/09/2026 12:56:07,2019-12-12 00:00:00,Índice del mercado bursátil colombiano - COLCAP,1618.56,13.24,0.8248
08/09/2026 12:56:07,2019-12-13 00:00:00,Índice del mercado bursátil colombiano - COLCAP,1630.8,12.24,0.7562
08/09/2026 12:56:07,2019-12-16 00:00:00,Índice del mercado bursátil colombiano - COLCAP,1632,1.2,0.0736
08/09/2026 12:56:07,2019-12-17 00:00:00,Índice del mercado bursátil colombiano - COLCAP,1625.01,-6.99,-0.4283
08/09/2026 12:56:07,2019-12-19 00:00:00,Índice del mercado bursátil colombiano - COLCAP,1646.72,0,0
08/09/2026 12:56:07,2019-12-20 00:00:00,Índice del mercado bursátil colombiano - COLCAP,1642.86,-3.86,-0.2344
08/09/2026 12:56:07,2019-12-23 00:00:00,Índice del mercado bursátil colombiano - COLCAP,1665.04,22.18,1.3501
08/09/2026 12:56:07,2019-12-24 00:00:00,Índice del mercado bursátil colombiano - COLCAP,1666.62,1.58,0.0949
08/09/2026 12:56:07,2019-12-26 00:00:00,Índice del mercado bursátil colombiano - COLCAP,1659.89,-6.73,-0.4038
08/09/2026 12:56:07,2019-12-27 00:00:00,Índice del mercado bursátil colombiano - COLCAP,1661.21,1.32,0.0795
08/09/2026 12:56:07,2019-12-30 00:00:00,Índice del mercado bursátil colombiano - COLCAP,1662.42,1.21,0.0728
08/09/2026 12:56:07,2020-01-02 00:00:00,Índice del mercado bursátil colombiano - COLCAP,1658.77,0,0
08/09/2026 12:56:07,2020-01-03 00:00:00,Índice del mercado bursátil colombiano - COLCAP,1676.49,17.72,1.0683
08/09/2026 12:56:07,2020-01-07 00:00:00,Índice del mercado bursátil colombiano - COLCAP,1663.83,-12.66,-0.7551
08/09/2026 12:56:07,2020-01-08 00:00:00,Índice del mercado bursátil colombiano - COLCAP,1656.96,-6.87,-0.4129
08/09/2026 12:56:07,2020-01-09 00:00:00,Índice del mercado bursátil colombiano - COLCAP,1653.54,-3.42,-0.2064
08/09/2026 12:56:07,2020-01-10 00:00:00,Índice del mercado bursátil colombiano - COLCAP,1654.93,1.39,0.0841
08/09/2026 12:56:07,2020-01-13 00:00:00,Índice del mercado bursátil colombiano - COLCAP,1651.93,-3,-0.1813
08/09/2026 12:56:07,2020-01-14 00:00:00,Índice del mercado bursátil colombiano - COLCAP,1653.18,1.25,0.0757
08/09/2026 12:56:07,2020-01-15 00:00:00,Índice del mercado bursátil colombiano - COLCAP,1648.78,-4.4,-0.2662
08/09/2026 12:56:07,2020-01-16 00:00:00,Índice del mercado bursátil colombiano - COLCAP,1647.8,-0.98,-0.0594
08/09/2026 12:56:07,2020-01-17 00:00:00,Índice del mercado bursátil colombiano - COLCAP,1656.04,8.24,0.5001
08/09/2026 12:56:07,2020-01-20 00:00:00,Índice del mercado bursátil colombiano - COLCAP,1656.37,0.33,0.0199
08/09/2026 12:56:07,2020-01-21 00:00:00,Índice del mercado bursátil colombiano - COLCAP,1653.48,-2.89,-0.1745
08/09/2026 12:56:07,2020-01-22 00:00:00,Índice del mercado bursátil colombiano - COLCAP,1650.36,-3.12,-0.1887
08/09/2026 12:56:07,2020-01-23 00:00:00,Índice del mercado bursátil colombiano - COLCAP,1648.18,-2.18,-0.1321
08/09/2026 12:56:07,2020-01-24 00:00:00,Índice del mercado bursátil colombiano - COLCAP,1647.91,-0.27,-0.0164
08/09/2026 12:56:07,2020-01-27 00:00:00,Índice del mercado bursátil colombiano - COLCAP,1623.97,-23.94,-1.4527
08/09/2026 12:56:07,2020-01-28 00:00:00,Índice del mercado bursátil colombiano - COLCAP,1624.66,0.69,0.0425
08/09/2026 12:56:07,2020-01-29 00:00:00,Índice del mercado bursátil colombiano - COLCAP,1633.81,9.15,0.5632
08/09/2026 12:56:07,2020-01-30 00:00:00,Índice del mercado bursátil colombiano - COLCAP,1638.15,4.34,0.2656
08/09/2026 12:56:07,2020-01-31 00:00:00,Índice del mercado bursátil colombiano - COLCAP,1623.83,-14.32,-0.8742
08/09/2026 12:56:07,2020-02-03 00:00:00,Índice del mercado bursátil colombiano - COLCAP,1625.18,1.35,0.0831
08/09/2026 12:56:07,2020-02-04 00:00:00,Índice del mercado bursátil colombiano - COLCAP,1643.92,18.74,1.1531
08/09/2026 12:56:07,2020-02-05 00:00:00,Índice del mercado bursátil colombiano - COLCAP,1656.3,12.38,0.7531
08/09/2026 12:56:07,2020-02-06 00:00:00,Índice del mercado bursátil colombiano - COLCAP,1653.96,-2.34,-0.1413
08/09/2026 12:56:07,2020-02-07 00:00:00,Índice del mercado bursátil colombiano - COLCAP,1654.7,0.74,0.0447
08/09/2026 12:56:07,2020-02-10 00:00:00,Índice del mercado bursátil colombiano - COLCAP,1643.17,-11.53,-0.6968
08/09/2026 12:56:07,2020-02-11 00:00:00,Índice del mercado bursátil colombiano - COLCAP,1645.22,2.05,0.1248
08/09/2026 12:56:07,2020-02-12 00:00:00,Índice del mercado bursátil colombiano - COLCAP,1659.54,14.32,0.8704
08/09/2026 12:56:07,2020-02-13 00:00:00,Índice del mercado bursátil colombiano - COLCAP,1663.07,3.53,0.2127
08/09/2026 12:56:07,2020-02-14 00:00:00,Índice del mercado bursátil colombiano - COLCAP,1664.4,1.33,0.08
08/09/2026 12:56:07,2020-02-17 00:00:00,Índice del mercado bursátil colombiano - COLCAP,1665.39,0.99,0.0595
08/09/2026 12:56:07,2020-02-18 00:00:00,Índice del mercado bursátil colombiano - COLCAP,1665.36,-0.03,-0.0018
08/09/2026 12:56:07,2020-02-19 00:00:00,Índice del mercado bursátil colombiano - COLCAP,1676.29,10.93,0.6563
08/09/2026 12:56:07,2020-02-20 00:00:00,Índice del mercado bursátil colombiano - COLCAP,1669.6,-6.69,-0.3991
08/09/2026 12:56:07,2020-02-21 00:00:00,Índice del mercado bursátil colombiano - COLCAP,1631.45,-38.15,-2.285
08/09/2026 12:56:07,2020-02-24 00:00:00,Índice del mercado bursátil colombiano - COLCAP,1622.66,-8.79,-0.5388
08/09/2026 12:56:07,2020-02-25 00:00:00,Índice del mercado bursátil colombiano - COLCAP,1612.48,-10.18,-0.6274
08/09/2026 12:56:07,2020-02-26 00:00:00,Índice del mercado bursátil colombiano - COLCAP,1589.74,-22.74,-1.4103
08/09/2026 12:56:07,2020-02-27 00:00:00,Índice del mercado bursátil colombiano - COLCAP,1556.69,-33.05,-2.079
08/09/2026 12:56:07,2020-02-28 00:00:00,Índice del mercado bursátil colombiano - COLCAP,1549.61,-7.08,-0.4548
08/09/2026 12:56:07,2020-03-02 00:00:00,Índice del mercado bursátil colombiano - COLCAP,1536.48,-13.13,-0.8473
08/09/2026 12:56:07,2020-03-03 00:00:00,Índice del mercado bursátil colombiano - COLCAP,1512.61,-23.87,-1.5536
08/09/2026 12:56:07,2020-03-04 00:00:00,Índice del mercado bursátil colombiano - COLCAP,1544.53,31.92,2.1103
08/09/2026 12:56:07,2020-03-05 00:00:00,Índice del mercado bursátil colombiano - COLCAP,1546.66,2.13,0.1379
08/09/2026 12:56:07,2020-03-06 00:00:00,Índice del mercado bursátil colombiano - COLCAP,1502.84,-43.82,-2.8332
08/09/2026 12:56:07,2020-03-09 00:00:00,Índice del mercado bursátil colombiano - COLCAP,1344.6,-158.24,-10.5294
08/09/2026 12:56:07,2020-03-10 00:00:00,Índice del mercado bursátil colombiano - COLCAP,1360.21,15.61,1.1609
08/09/2026 12:56:07,2020-03-11 00:00:00,Índice del mercado bursátil colombiano - COLCAP,1295.46,-64.75,-4.7603
08/09/2026 12:56:07,2020-03-12 00:00:00,Índice del mercado bursátil colombiano - COLCAP,1174.31,-121.15,-9.3519
08/09/2026 12:56:07,2020-03-13 00:00:00,Índice del mercado bursátil colombiano - COLCAP,1174.31,0,0
08/09/2026 12:56:07,2020-03-16 00:00:00,Índice del mercado bursátil colombiano - COLCAP,997.78,-176.53,-15.0327
08/09/2026 12:56:07,2020-03-17 00:00:00,Índice del mercado bursátil colombiano - COLCAP,1000.5,2.72,0.2726
08/09/2026 12:56:07,2020-03-18 00:00:00,Índice del mercado bursátil colombiano - COLCAP,894.03,-106.47,-10.6417
08/09/2026 12:56:07,2020-03-19 00:00:00,Índice del mercado bursátil colombiano - COLCAP,899.75,5.72,0.6398
08/09/2026 12:56:07,2020-03-20 00:00:00,Índice del mercado bursátil colombiano - COLCAP,919.59,19.84,2.2051
08/09/2026 12:56:07,2020-03-24 00:00:00,Índice del mercado bursátil colombiano - COLCAP,923.53,3.94,0.4285
08/09/2026 12:56:07,2020-03-25 00:00:00,Índice del mercado bursátil colombiano - COLCAP,1046.18,122.65,13.2806
08/09/2026 12:56:07,2020-03-26 00:00:00,Índice del mercado bursátil colombiano - COLCAP,1167.04,120.86,11.5525
08/09/2026 12:56:07,2020-03-27 00:00:00,Índice del mercado bursátil colombiano - COLCAP,1147.54,-19.5,-1.6709
08/09/2026 12:56:07,2020-03-30 00:00:00,Índice del mercado bursátil colombiano - COLCAP,1129.18,-18.36,-1.5999
08/09/2026 12:56:07,2020-03-31 00:00:00,Índice del mercado bursátil colombiano - COLCAP,1123.85,-5.33,-0.472
08/09/2026 12:56:07,2020-04-01 00:00:00,Índice del mercado bursátil colombiano - COLCAP,1063.03,-60.82,-5.4118
08/09/2026 12:56:07,2020-04-02 00:00:00,Índice del mercado bursátil colombiano - COLCAP,1114.43,51.4,4.8352
08/09/2026 12:56:07,2020-04-03 00:00:00,Índice del mercado bursátil colombiano - COLCAP,1127.55,13.12,1.1773
08/09/2026 12:56:07,2020-04-06 00:00:00,Índice del mercado bursátil colombiano - COLCAP,1160.12,32.57,2.8886
08/09/2026 12:56:07,2020-04-07 00:00:00,Índice del mercado bursátil colombiano - COLCAP,1163.43,3.31,0.2853
08/09/2026 12:56:07,2020-04-08 00:00:00,Índice del mercado bursátil colombiano - COLCAP,1187.13,23.7,2.0371
08/09/2026 12:56:07,2020-04-13 00:00:00,Índice del mercado bursátil colombiano - COLCAP,1193.98,6.85,0.577
08/09/2026 12:56:07,2020-04-14 00:00:00,Índice del mercado bursátil colombiano - COLCAP,1211.06,17.08,1.4305
08/09/2026 12:56:07,2020-04-15 00:00:00,Índice del mercado bursátil colombiano - COLCAP,1204.01,-7.05,-0.5821
08/09/2026 12:56:07,2020-04-16 00:00:00,Índice del mercado bursátil colombiano - COLCAP,1202.54,-1.47,-0.1221
08/09/2026 12:56:07,2020-04-17 00:00:00,Índice del mercado bursátil colombiano - COLCAP,1192.08,-10.46,-0.8698
08/09/2026 12:56:07,2020-04-20 00:00:00,Índice del mercado bursátil colombiano - COLCAP,1179.6,-12.48,-1.0469
08/09/2026 12:56:07,2020-04-21 00:00:00,Índice del mercado bursátil colombiano - COLCAP,1131.29,-48.31,-4.0955
08/09/2026 12:56:07,2020-04-22 00:00:00,Índice del mercado bursátil colombiano - COLCAP,1132.78,1.49,0.1317
08/09/2026 12:56:07,2020-04-23 00:00:00,Índice del mercado bursátil colombiano - COLCAP,1151.78,19,1.6773
08/09/2026 12:56:07,2020-04-24 00:00:00,Índice del mercado bursátil colombiano - COLCAP,1122.37,-29.41,-2.5534
08/09/2026 12:56:07,2020-04-27 00:00:00,Índice del mercado bursátil colombiano - COLCAP,1116.17,-6.2,-0.5524
08/09/2026 12:56:07,2020-04-28 00:00:00,Índice del mercado bursátil colombiano - COLCAP,1145.34,29.17,2.6134
08/09/2026 12:56:07,2020-04-29 00:00:00,Índice del mercado bursátil colombiano - COLCAP,1145.89,0.55,0.048
08/09/2026 12:56:07,2020-04-30 00:00:00,Índice del mercado bursátil colombiano - COLCAP,1142.04,-3.85,-0.336
08/09/2026 12:56:07,2020-05-04 00:00:00,Índice del mercado bursátil colombiano - COLCAP,1105.43,-36.61,-3.2057
08/09/2026 12:56:07,2020-05-05 00:00:00,Índice del mercado bursátil colombiano - COLCAP,1099.28,-6.15,-0.5563
08/09/2026 12:56:07,2020-05-06 00:00:00,Índice del mercado bursátil colombiano - COLCAP,1090.43,-8.85,-0.8051
08/09/2026 12:56:07,2020-05-07 00:00:00,Índice del mercado bursátil colombiano - COLCAP,1113.37,22.94,2.1038
08/09/2026 12:56:07,2020-05-08 00:00:00,Índice del mercado bursátil colombiano - COLCAP,1110.26,-3.11,-0.2793
08/09/2026 12:56:07,2020-05-11 00:00:00,Índice del mercado bursátil colombiano - COLCAP,1104.09,-6.17,-0.5557
08/09/2026 12:56:07,2020-05-12 00:00:00,Índice del mercado bursátil colombiano - COLCAP,1089.29,-14.8,-1.3405
08/09/2026 12:56:07,2020-05-13 00:00:00,Índice del mercado bursátil colombiano - COLCAP,1055.27,-34.02,-3.1231
08/09/2026 12:56:07,2020-05-14 00:00:00,Índice del mercado bursátil colombiano - COLCAP,1052.23,-3.04,-0.2881
08/09/2026 12:56:07,2020-05-15 00:00:00,Índice del mercado bursátil colombiano - COLCAP,1053.75,1.52,0.1445
08/09/2026 12:56:07,2020-05-18 00:00:00,Índice del mercado bursátil colombiano - COLCAP,1082.96,29.21,2.772
08/09/2026 12:56:07,2020-05-19 00:00:00,Índice del mercado bursátil colombiano - COLCAP,1067.65,-15.31,-1.4137
08/09/2026 12:56:07,2020-05-20 00:00:00,Índice del mercado bursátil colombiano - COLCAP,1072.29,4.64,0.4346
08/09/2026 12:56:07,2020-05-21 00:00:00,Índice del mercado bursátil colombiano - COLCAP,1066.11,-6.18,-0.5763
08/09/2026 12:56:07,2020-05-22 00:00:00,Índice del mercado bursátil colombiano - COLCAP,1057.66,-8.45,-0.7926
08/09/2026 12:56:07,2020-05-26 00:00:00,Índice del mercado bursátil colombiano - COLCAP,1072.78,15.12,1.4296
08/09/2026 12:56:07,2020-05-27 00:00:00,Índice del mercado bursátil colombiano - COLCAP,1088.42,15.64,1.4579
08/09/2026 12:56:07,2020-05-28 00:00:00,Índice del mercado bursátil colombiano - COLCAP,1085.55,-2.87,-0.2637
08/09/2026 12:56:07,2020-05-29 00:00:00,Índice del mercado bursátil colombiano - COLCAP,1095.84,10.29,0.9479
08/09/2026 12:56:07,2020-06-01 00:00:00,Índice del mercado bursátil colombiano - COLCAP,1117.02,21.18,1.9328
08/09/2026 12:56:07,2020-06-02 00:00:00,Índice del mercado bursátil colombiano - COLCAP,1117.69,0.67,0.06
08/09/2026 12:56:07,2020-06-03 00:00:00,Índice del mercado bursátil colombiano - COLCAP,1158.05,40.36,3.611
08/09/2026 12:56:07,2020-06-04 00:00:00,Índice del mercado bursátil colombiano - COLCAP,1163.84,5.79,0.5
08/09/2026 12:56:07,2020-06-05 00:00:00,Índice del mercado bursátil colombiano - COLCAP,1203.07,39.23,3.3707
08/09/2026 12:56:07,2020-06-08 00:00:00,Índice del mercado bursátil colombiano - COLCAP,1228.24,25.17,2.0921
08/09/2026 12:56:07,2020-06-09 00:00:00,Índice del mercado bursátil colombiano - COLCAP,1209.99,-18.25,-1.4859
08/09/2026 12:56:07,2020-06-10 00:00:00,Índice del mercado bursátil colombiano - COLCAP,1177.99,-32,-2.6446
08/09/2026 12:56:07,2020-06-11 00:00:00,Índice del mercado bursátil colombiano - COLCAP,1121.55,-56.44,-4.7912
08/09/2026 12:56:07,2020-06-12 00:00:00,Índice del mercado bursátil colombiano - COLCAP,1143.13,21.58,1.9241
08/09/2026 12:56:07,2020-06-16 00:00:00,Índice del mercado bursátil colombiano - COLCAP,1154.63,11.5,1.006
08/09/2026 12:56:07,2020-06-17 00:00:00,Índice del mercado bursátil colombiano - COLCAP,1139.3,-15.33,-1.3277
08/09/2026 12:56:07,2020-06-18 00:00:00,Índice del mercado bursátil colombiano - COLCAP,1139,-0.3,-0.0263
08/09/2026 12:56:07,2020-06-19 00:00:00,Índice del mercado bursátil colombiano - COLCAP,1161.41,22.41,1.9675
08/09/2026 12:56:07,2020-06-23 00:00:00,Índice del mercado bursátil colombiano - COLCAP,1143.28,-18.13,-1.561
08/09/2026 12:56:07,2020-06-24 00:00:00,Índice del mercado bursátil colombiano - COLCAP,1125.48,-17.8,-1.5569
08/09/2026 12:56:07,2020-06-25 00:00:00,Índice del mercado bursátil colombiano - COLCAP,1125.03,-0.45,-0.04
08/09/2026 12:56:07,2020-06-26 00:00:00,Índice del mercado bursátil colombiano - COLCAP,1110.65,-14.38,-1.2782
08/09/2026 12:56:07,2020-06-30 00:00:00,Índice del mercado bursátil colombiano - COLCAP,1111.8,1.15,0.1035
08/09/2026 12:56:07,2020-07-01 00:00:00,Índice del mercado bursátil colombiano - COLCAP,1109.91,-1.89,-0.17
08/09/2026 12:56:07,2020-07-02 00:00:00,Índice del mercado bursátil colombiano - COLCAP,1118.97,9.06,0.8163
08/09/2026 12:56:07,2020-07-03 00:00:00,Índice del mercado bursátil colombiano - COLCAP,1125.26,6.29,0.5621
08/09/2026 12:56:07,2020-07-06 00:00:00,Índice del mercado bursátil colombiano - COLCAP,1129.47,4.21,0.3741
08/09/2026 12:56:07,2020-07-07 00:00:00,Índice del mercado bursátil colombiano - COLCAP,1131.84,2.37,0.2098
08/09/2026 12:56:07,2020-07-08 00:00:00,Índice del mercado bursátil colombiano - COLCAP,1153.54,21.7,1.9172
08/09/2026 12:56:07,2020-07-09 00:00:00,Índice del mercado bursátil colombiano - COLCAP,1143.1,-10.44,-0.905
08/09/2026 12:56:07,2020-07-10 00:00:00,Índice del mercado bursátil colombiano - COLCAP,1147.78,4.68,0.4094
08/09/2026 12:56:07,2020-07-13 00:00:00,Índice del mercado bursátil colombiano - COLCAP,1145.16,-2.62,-0.2283
08/09/2026 12:56:07,2020-07-14 00:00:00,Índice del mercado bursátil colombiano - COLCAP,1144.53,-0.63,-0.055
08/09/2026 12:56:07,2020-07-15 00:00:00,Índice del mercado bursátil colombiano - COLCAP,1144.85,0.32,0.028
08/09/2026 12:56:07,2020-07-16 00:00:00,Índice del mercado bursátil colombiano - COLCAP,1153.15,8.3,0.725
08/09/2026 12:56:07,2020-07-17 00:00:00,Índice del mercado bursátil colombiano - COLCAP,1156.16,3.01,0.261
08/09/2026 12:56:07,2020-07-21 00:00:00,Índice del mercado bursátil colombiano - COLCAP,1166.61,10.45,0.9039
08/09/2026 12:56:07,2020-07-22 00:00:00,Índice del mercado bursátil colombiano - COLCAP,1168.52,1.91,0.1637
08/09/2026 12:56:07,2020-07-23 00:00:00,Índice del mercado bursátil colombiano - COLCAP,1181.78,13.26,1.1348
08/09/2026 12:56:07,2020-07-24 00:00:00,Índice del mercado bursátil colombiano - COLCAP,1173.93,-7.85,-0.6643
08/09/2026 12:56:07,2020-07-27 00:00:00,Índice del mercado bursátil colombiano - COLCAP,1180.73,6.8,0.5793
08/09/2026 12:56:07,2020-07-28 00:00:00,Índice del mercado bursátil colombiano - COLCAP,1170.99,-9.74,-0.8249
08/09/2026 12:56:07,2020-07-29 00:00:00,Índice del mercado bursátil colombiano - COLCAP,1174.91,3.92,0.3348
08/09/2026 12:56:07,2020-07-30 00:00:00,Índice del mercado bursátil colombiano - COLCAP,1164.66,-10.25,-0.8724
08/09/2026 12:56:07,2020-07-31 00:00:00,Índice del mercado bursátil colombiano - COLCAP,1134.34,-30.32,-2.6033
08/09/2026 12:56:07,2020-08-03 00:00:00,Índice del mercado bursátil colombiano - COLCAP,1133.1,-1.24,-0.1093
08/09/2026 12:56:07,2020-08-04 00:00:00,Índice del mercado bursátil colombiano - COLCAP,1128.41,-4.69,-0.4139
08/09/2026 12:56:07,2020-08-05 00:00:00,Índice del mercado bursátil colombiano - COLCAP,1135.63,7.22,0.6398
08/09/2026 12:56:07,2020-08-06 00:00:00,Índice del mercado bursátil colombiano - COLCAP,1142.18,6.55,0.5768
08/09/2026 12:56:07,2020-08-10 00:00:00,Índice del mercado bursátil colombiano - COLCAP,1143.5,1.32,0.1156
08/09/2026 12:56:07,2020-08-11 00:00:00,Índice del mercado bursátil colombiano - COLCAP,1134.41,-9.09,-0.7949
08/09/2026 12:56:07,2020-08-12 00:00:00,Índice del mercado bursátil colombiano - COLCAP,1141.78,7.37,0.6497
08/09/2026 12:56:07,2020-08-13 00:00:00,Índice del mercado bursátil colombiano - COLCAP,1149.97,8.19,0.7173
08/09/2026 12:56:07,2020-08-14 00:00:00,Índice del mercado bursátil colombiano - COLCAP,1153.28,3.31,0.2878
08/09/2026 12:56:07,2020-08-18 00:00:00,Índice del mercado bursátil colombiano - COLCAP,1168.46,15.18,1.3162
08/09/2026 12:56:07,2020-08-19 00:00:00,Índice del mercado bursátil colombiano - COLCAP,1161.72,-6.74,-0.5768
08/09/2026 12:56:07,2020-08-20 00:00:00,Índice del mercado bursátil colombiano - COLCAP,1174.12,12.4,1.0674
08/09/2026 12:56:07,2020-08-21 00:00:00,Índice del mercado bursátil colombiano - COLCAP,1186.29,12.17,1.0365
08/09/2026 12:56:07,2020-08-24 00:00:00,Índice del mercado bursátil colombiano - COLCAP,1205.18,18.89,1.5924
08/09/2026 12:56:07,2020-08-25 00:00:00,Índice del mercado bursátil colombiano - COLCAP,1230.56,25.38,2.1059
08/09/2026 12:56:07,2020-08-26 00:00:00,Índice del mercado bursátil colombiano - COLCAP,1227.31,-3.25,-0.2641
08/09/2026 12:56:07,2020-08-27 00:00:00,Índice del mercado bursátil colombiano - COLCAP,1225.22,-2.09,-0.1703
08/09/2026 12:56:07,2020-08-28 00:00:00,Índice del mercado bursátil colombiano - COLCAP,1226.21,0.99,0.0808
08/09/2026 12:56:07,2020-08-31 00:00:00,Índice del mercado bursátil colombiano - COLCAP,1216.03,-10.18,-0.8302
08/09/2026 12:56:07,2020-09-01 00:00:00,Índice del mercado bursátil colombiano - COLCAP,1255.76,39.73,3.2672
08/09/2026 12:56:07,2020-09-02 00:00:00,Índice del mercado bursátil colombiano - COLCAP,1258.16,2.4,0.1911
08/09/2026 12:56:07,2020-09-03 00:00:00,Índice del mercado bursátil colombiano - COLCAP,1246.82,-11.34,-0.9013
08/09/2026 12:56:07,2020-09-04 00:00:00,Índice del mercado bursátil colombiano - COLCAP,1240.24,-6.58,-0.5277
08/09/2026 12:56:07,2020-09-07 00:00:00,Índice del mercado bursátil colombiano - COLCAP,1242.98,2.74,0.2209
08/09/2026 12:56:07,2020-09-08 00:00:00,Índice del mercado bursátil colombiano - COLCAP,1232.34,-10.64,-0.856
08/09/2026 12:56:07,2020-09-09 00:00:00,Índice del mercado bursátil colombiano - COLCAP,1239.93,7.59,0.6159
08/09/2026 12:56:07,2020-09-10 00:00:00,Índice del mercado bursátil colombiano - COLCAP,1219.67,-20.26,-1.634
08/09/2026 12:56:07,2020-09-11 00:00:00,Índice del mercado bursátil colombiano - COLCAP,1212.45,-7.22,-0.592
08/09/2026 12:56:07,2020-09-14 00:00:00,Índice del mercado bursátil colombiano - COLCAP,1199.65,-12.8,-1.0557
08/09/2026 12:56:07,2020-09-15 00:00:00,Índice del mercado bursátil colombiano - COLCAP,1193.71,-5.94,-0.4951
08/09/2026 12:56:07,2020-09-16 00:00:00,Índice del mercado bursátil colombiano - COLCAP,1195.95,2.24,0.1877
08/09/2026 12:56:07,2020-09-17 00:00:00,Índice del mercado bursátil colombiano - COLCAP,1192.53,-3.42,-0.286
08/09/2026 12:56:07,2020-09-18 00:00:00,Índice del mercado bursátil colombiano - COLCAP,1206.55,14.02,1.1757
08/09/2026 12:56:07,2020-09-21 00:00:00,Índice del mercado bursátil colombiano - COLCAP,1197.55,-9,-0.7459
08/09/2026 12:56:07,2020-09-22 00:00:00,Índice del mercado bursátil colombiano - COLCAP,1187.73,-9.82,-0.82
08/09/2026 12:56:07,2020-09-23 00:00:00,Índice del mercado bursátil colombiano - COLCAP,1179.38,-8.35,-0.703
08/09/2026 12:56:07,2020-09-24 00:00:00,Índice del mercado bursátil colombiano - COLCAP,1180.49,1.11,0.0941
08/09/2026 12:56:07,2020-09-25 00:00:00,Índice del mercado bursátil colombiano - COLCAP,1171.35,-9.14,-0.7743
08/09/2026 12:56:07,2020-09-28 00:00:00,Índice del mercado bursátil colombiano - COLCAP,1176.66,5.31,0.4533
08/09/2026 12:56:07,2020-09-29 00:00:00,Índice del mercado bursátil colombiano - COLCAP,1165.75,-10.91,-0.9272
08/09/2026 12:56:07,2020-09-30 00:00:00,Índice del mercado bursátil colombiano - COLCAP,1171.92,6.17,0.5293
08/09/2026 12:56:07,2020-10-01 00:00:00,Índice del mercado bursátil colombiano - COLCAP,1162.36,-9.56,-0.8158
08/09/2026 12:56:07,2020-10-02 00:00:00,Índice del mercado bursátil colombiano - COLCAP,1165.01,2.65,0.228
08/09/2026 12:56:07,2020-10-05 00:00:00,Índice del mercado bursátil colombiano - COLCAP,1168.04,3.03,0.2601
08/09/2026 12:56:07,2020-10-06 00:00:00,Índice del mercado bursátil colombiano - COLCAP,1168.93,0.89,0.0762
08/09/2026 12:56:07,2020-10-07 00:00:00,Índice del mercado bursátil colombiano - COLCAP,1174.49,5.56,0.4756
08/09/2026 12:56:07,2020-10-08 00:00:00,Índice del mercado bursátil colombiano - COLCAP,1186.42,11.93,1.0158
08/09/2026 12:56:07,2020-10-09 00:00:00,Índice del mercado bursátil colombiano - COLCAP,1190.01,3.59,0.3026
08/09/2026 12:56:07,2020-10-13 00:00:00,Índice del mercado bursátil colombiano - COLCAP,1170.72,-19.29,-1.621
08/09/2026 12:56:07,2020-10-14 00:00:00,Índice del mercado bursátil colombiano - COLCAP,1171.36,0.64,0.0547
08/09/2026 12:56:07,2020-10-15 00:00:00,Índice del mercado bursátil colombiano - COLCAP,1166.01,-5.35,-0.4567
08/09/2026 12:56:07,2020-10-16 00:00:00,Índice del mercado bursátil colombiano - COLCAP,1171.8,5.79,0.4966
08/09/2026 12:56:07,2020-10-19 00:00:00,Índice del mercado bursátil colombiano - COLCAP,1174.94,3.14,0.268
08/09/2026 12:56:07,2020-10-20 00:00:00,Índice del mercado bursátil colombiano - COLCAP,1187.39,12.45,1.0596
08/09/2026 12:56:07,2020-10-21 00:00:00,Índice del mercado bursátil colombiano - COLCAP,1177.92,-9.47,-0.7975
08/09/2026 12:56:07,2020-10-22 00:00:00,Índice del mercado bursátil colombiano - COLCAP,1177.89,-0.03,-0.0025
08/09/2026 12:56:07,2020-10-23 00:00:00,Índice del mercado bursátil colombiano - COLCAP,1175.33,-2.56,-0.2173
08/09/2026 12:56:07,2020-10-26 00:00:00,Índice del mercado bursátil colombiano - COLCAP,1177.09,1.76,0.1497
08/09/2026 12:56:07,2020-10-27 00:00:00,Índice del mercado bursátil colombiano - COLCAP,1162.58,-14.51,-1.2327
08/09/2026 12:56:07,2020-10-28 00:00:00,Índice del mercado bursátil colombiano - COLCAP,1120.37,-42.21,-3.6307
08/09/2026 12:56:07,2020-10-29 00:00:00,Índice del mercado bursátil colombiano - COLCAP,1131.27,10.9,0.9729
08/09/2026 12:56:07,2020-10-30 00:00:00,Índice del mercado bursátil colombiano - COLCAP,1136.75,5.48,0.4844
08/09/2026 12:56:07,2020-11-03 00:00:00,Índice del mercado bursátil colombiano - COLCAP,1151.37,14.62,1.2861
08/09/2026 12:56:07,2020-11-04 00:00:00,Índice del mercado bursátil colombiano - COLCAP,1156.41,5.04,0.4377
08/09/2026 12:56:07,2020-11-05 00:00:00,Índice del mercado bursátil colombiano - COLCAP,1163.03,6.62,0.5725
08/09/2026 12:56:07,2020-11-06 00:00:00,Índice del mercado bursátil colombiano - COLCAP,1172.34,9.31,0.8005
08/09/2026 12:56:07,2020-11-09 00:00:00,Índice del mercado bursátil colombiano - COLCAP,1213.69,41.35,3.5271
08/09/2026 12:56:07,2020-11-10 00:00:00,Índice del mercado bursátil colombiano - COLCAP,1213.39,-0.3,-0.0247
08/09/2026 12:56:07,2020-11-11 00:00:00,Índice del mercado bursátil colombiano - COLCAP,1220.06,6.67,0.5497
08/09/2026 12:56:07,2020-11-12 00:00:00,Índice del mercado bursátil colombiano - COLCAP,1207.21,-12.85,-1.0532
08/09/2026 12:56:07,2020-11-13 00:00:00,Índice del mercado bursátil colombiano - COLCAP,1209.87,2.66,0.2203
08/09/2026 12:56:07,2020-11-17 00:00:00,Índice del mercado bursátil colombiano - COLCAP,1230.73,20.86,1.7242
08/09/2026 12:56:07,2020-11-18 00:00:00,Índice del mercado bursátil colombiano - COLCAP,1234.56,3.83,0.3112
08/09/2026 12:56:07,2020-11-19 00:00:00,Índice del mercado bursátil colombiano - COLCAP,1230.81,-3.75,-0.3038
08/09/2026 12:56:07,2020-11-20 00:00:00,Índice del mercado bursátil colombiano - COLCAP,1239.74,8.93,0.7255
08/09/2026 12:56:07,2020-11-23 00:00:00,Índice del mercado bursátil colombiano - COLCAP,1247.94,8.2,0.6614
08/09/2026 12:56:07,2020-11-24 00:00:00,Índice del mercado bursátil colombiano - COLCAP,1270.61,22.67,1.8166
08/09/2026 12:56:07,2020-11-25 00:00:00,Índice del mercado bursátil colombiano - COLCAP,1263.65,-6.96,-0.5478
08/09/2026 12:56:07,2020-11-26 00:00:00,Índice del mercado bursátil colombiano - COLCAP,1263.04,-0.61,-0.0483
08/09/2026 12:56:07,2020-11-27 00:00:00,Índice del mercado bursátil colombiano - COLCAP,1261.74,-1.3,-0.1029
08/09/2026 12:56:07,2020-11-30 00:00:00,Índice del mercado bursátil colombiano - COLCAP,1258,-3.74,-0.2964
08/09/2026 12:56:07,2020-12-01 00:00:00,Índice del mercado bursátil colombiano - COLCAP,1285.12,27.12,2.1558
08/09/2026 12:56:07,2020-12-02 00:00:00,Índice del mercado bursátil colombiano - COLCAP,1288.49,3.37,0.2622
08/09/2026 12:56:07,2020-12-03 00:00:00,Índice del mercado bursátil colombiano - COLCAP,1298.13,9.64,0.7482
08/09/2026 12:56:07,2020-12-04 00:00:00,Índice del mercado bursátil colombiano - COLCAP,1341.23,43.1,3.3202
08/09/2026 12:56:07,2020-12-07 00:00:00,Índice del mercado bursátil colombiano - COLCAP,1363.74,22.51,1.6783
08/09/2026 12:56:07,2020-12-09 00:00:00,Índice del mercado bursátil colombiano - COLCAP,1383.59,19.85,1.4556
08/09/2026 12:56:07,2020-12-10 00:00:00,Índice del mercado bursátil colombiano - COLCAP,1368.49,-15.1,-1.0914
08/09/2026 12:56:07,2020-12-11 00:00:00,Índice del mercado bursátil colombiano - COLCAP,1377.67,9.18,0.6708
08/09/2026 12:56:07,2020-12-14 00:00:00,Índice del mercado bursátil colombiano - COLCAP,1389.31,11.64,0.8449
08/09/2026 12:56:07,2020-12-15 00:00:00,Índice del mercado bursátil colombiano - COLCAP,1408.02,18.71,1.3467
08/09/2026 12:56:07,2020-12-16 00:00:00,Índice del mercado bursátil colombiano - COLCAP,1421.47,13.45,0.9552
08/09/2026 12:56:07,2020-12-17 00:00:00,Índice del mercado bursátil colombiano - COLCAP,1443.59,22.12,1.5561
08/09/2026 12:56:07,2020-12-18 00:00:00,Índice del mercado bursátil colombiano - COLCAP,1426.47,-17.12,-1.1859
08/09/2026 12:56:07,2020-12-21 00:00:00,Índice del mercado bursátil colombiano - COLCAP,1377.38,-49.09,-3.4414
08/09/2026 12:56:07,2020-12-22 00:00:00,Índice del mercado bursátil colombiano - COLCAP,1400.91,23.53,1.7083
08/09/2026 12:56:07,2020-12-23 00:00:00,Índice del mercado bursátil colombiano - COLCAP,1416.62,15.71,1.1214
08/09/2026 12:56:07,2020-12-24 00:00:00,Índice del mercado bursátil colombiano - COLCAP,1422.21,5.59,0.3946
08/09/2026 12:56:07,2020-12-28 00:00:00,Índice del mercado bursátil colombiano - COLCAP,1431.05,8.84,0.6216
08/09/2026 12:56:07,2020-12-29 00:00:00,Índice del mercado bursátil colombiano - COLCAP,1450.72,19.67,1.3745
08/09/2026 12:56:07,2020-12-30 00:00:00,Índice del mercado bursátil colombiano - COLCAP,1437.89,-12.83,-0.8844
08/09/2026 12:56:07,2021-01-04 00:00:00,Índice del mercado bursátil colombiano - COLCAP,1418.01,0,0
08/09/2026 12:56:07,2021-01-05 00:00:00,Índice del mercado bursátil colombiano - COLCAP,1431.73,13.72,0.9676
08/09/2026 12:56:07,2021-01-06 00:00:00,Índice del mercado bursátil colombiano - COLCAP,1436.03,4.3,0.3003
08/09/2026 12:56:07,2021-01-07 00:00:00,Índice del mercado bursátil colombiano - COLCAP,1435.74,-0.29,-0.0202
08/09/2026 12:56:07,2021-01-08 00:00:00,Índice del mercado bursátil colombiano - COLCAP,1453.12,17.38,1.2105
08/09/2026 12:56:07,2021-01-12 00:00:00,Índice del mercado bursátil colombiano - COLCAP,1461.73,8.61,0.5925
08/09/2026 12:56:07,2021-01-13 00:00:00,Índice del mercado bursátil colombiano - COLCAP,1456.03,-5.7,-0.3899
08/09/2026 12:56:07,2021-01-14 00:00:00,Índice del mercado bursátil colombiano - COLCAP,1467.12,11.09,0.7617
08/09/2026 12:56:07,2021-01-15 00:00:00,Índice del mercado bursátil colombiano - COLCAP,1452.58,-14.54,-0.9911
08/09/2026 12:56:07,2021-01-18 00:00:00,Índice del mercado bursátil colombiano - COLCAP,1454.5,1.92,0.1322
08/09/2026 12:56:07,2021-01-19 00:00:00,Índice del mercado bursátil colombiano - COLCAP,1459.41,4.91,0.3376
08/09/2026 12:56:07,2021-01-20 00:00:00,Índice del mercado bursátil colombiano - COLCAP,1459.85,0.44,0.0301
08/09/2026 12:56:07,2021-01-21 00:00:00,Índice del mercado bursátil colombiano - COLCAP,1446.23,-13.62,-0.933
08/09/2026 12:56:07,2021-01-22 00:00:00,Índice del mercado bursátil colombiano - COLCAP,1418.98,-27.25,-1.8842
08/09/2026 12:56:07,2021-01-25 00:00:00,Índice del mercado bursátil colombiano - COLCAP,1397.65,-21.33,-1.5032
08/09/2026 12:56:07,2021-01-26 00:00:00,Índice del mercado bursátil colombiano - COLCAP,1402.25,4.6,0.3291
08/09/2026 12:56:07,2021-01-27 00:00:00,Índice del mercado bursátil colombiano - COLCAP,1374.85,-27.4,-1.954
08/09/2026 12:56:07,2021-01-28 00:00:00,Índice del mercado bursátil colombiano - COLCAP,1367.2,-7.65,-0.5564
08/09/2026 12:56:07,2021-01-29 00:00:00,Índice del mercado bursátil colombiano - COLCAP,1348.12,-19.08,-1.3956
08/09/2026 12:56:07,2021-02-01 00:00:00,Índice del mercado bursátil colombiano - COLCAP,1357.16,9.04,0.6706
08/09/2026 12:56:07,2021-02-02 00:00:00,Índice del mercado bursátil colombiano - COLCAP,1368.3,11.14,0.8208
08/09/2026 12:56:07,2021-02-03 00:00:00,Índice del mercado bursátil colombiano - COLCAP,1359.03,-9.27,-0.6775
08/09/2026 12:56:07,2021-02-04 00:00:00,Índice del mercado bursátil colombiano - COLCAP,1359.63,0.6,0.0441
08/09/2026 12:56:07,2021-02-05 00:00:00,Índice del mercado bursátil colombiano - COLCAP,1370.46,10.83,0.7965
08/09/2026 12:56:07,2021-02-08 00:00:00,Índice del mercado bursátil colombiano - COLCAP,1383.38,12.92,0.9427
08/09/2026 12:56:07,2021-02-09 00:00:00,Índice del mercado bursátil colombiano - COLCAP,1380.29,-3.09,-0.2234
08/09/2026 12:56:07,2021-02-10 00:00:00,Índice del mercado bursátil colombiano - COLCAP,1374.2,-6.09,-0.4412
08/09/2026 12:56:07,2021-02-11 00:00:00,Índice del mercado bursátil colombiano - COLCAP,1367.79,-6.41,-0.4665
08/09/2026 12:56:07,2021-02-12 00:00:00,Índice del mercado bursátil colombiano - COLCAP,1365.95,-1.84,-0.1345
08/09/2026 12:56:07,2021-02-15 00:00:00,Índice del mercado bursátil colombiano - COLCAP,1369.39,3.44,0.2518
08/09/2026 12:56:07,2021-02-16 00:00:00,Índice del mercado bursátil colombiano - COLCAP,1363.17,-6.22,-0.4542
08/09/2026 12:56:07,2021-02-17 00:00:00,Índice del mercado bursátil colombiano - COLCAP,1366.29,3.12,0.2289
08/09/2026 12:56:07,2021-02-18 00:00:00,Índice del mercado bursátil colombiano - COLCAP,1353.68,-12.61,-0.9229
08/09/2026 12:56:07,2021-02-19 00:00:00,Índice del mercado bursátil colombiano - COLCAP,1352.57,-1.11,-0.082
08/09/2026 12:56:07,2021-02-22 00:00:00,Índice del mercado bursátil colombiano - COLCAP,1352.21,-0.36,-0.0266
08/09/2026 12:56:07,2021-02-23 00:00:00,Índice del mercado bursátil colombiano - COLCAP,1355.24,3.03,0.2241
08/09/2026 12:56:07,2021-02-24 00:00:00,Índice del mercado bursátil colombiano - COLCAP,1370.75,15.51,1.1444
08/09/2026 12:56:07,2021-02-25 00:00:00,Índice del mercado bursátil colombiano - COLCAP,1335.79,-34.96,-2.5504
08/09/2026 12:56:07,2021-02-26 00:00:00,Índice del mercado bursátil colombiano - COLCAP,1359.48,23.69,1.7735
08/09/2026 12:56:07,2021-03-01 00:00:00,Índice del mercado bursátil colombiano - COLCAP,1355.7,-3.78,-0.278
08/09/2026 12:56:07,2021-03-02 00:00:00,Índice del mercado bursátil colombiano - COLCAP,1350.04,-5.66,-0.4175
08/09/2026 12:56:07,2021-03-03 00:00:00,Índice del mercado bursátil colombiano - COLCAP,1347.22,-2.82,-0.2089
08/09/2026 12:56:07,2021-03-04 00:00:00,Índice del mercado bursátil colombiano - COLCAP,1337.12,-10.1,-0.7497
08/09/2026 12:56:07,2021-03-05 00:00:00,Índice del mercado bursátil colombiano - COLCAP,1344.72,7.6,0.5684
08/09/2026 12:56:07,2021-03-08 00:00:00,Índice del mercado bursátil colombiano - COLCAP,1336.98,-7.74,-0.5756
08/09/2026 12:56:07,2021-03-09 00:00:00,Índice del mercado bursátil colombiano - COLCAP,1341.73,4.75,0.3553
08/09/2026 12:56:07,2021-03-10 00:00:00,Índice del mercado bursátil colombiano - COLCAP,1347.47,5.74,0.4278
08/09/2026 12:56:07,2021-03-11 00:00:00,Índice del mercado bursátil colombiano - COLCAP,1350.35,2.88,0.2137
08/09/2026 12:56:07,2021-03-12 00:00:00,Índice del mercado bursátil colombiano - COLCAP,1353.68,3.33,0.2466
08/09/2026 12:56:07,2021-03-15 00:00:00,Índice del mercado bursátil colombiano - COLCAP,1356.98,3.3,0.2438
08/09/2026 12:56:07,2021-03-16 00:00:00,Índice del mercado bursátil colombiano - COLCAP,1350.14,-6.84,-0.5041
08/09/2026 12:56:07,2021-03-17 00:00:00,Índice del mercado bursátil colombiano - COLCAP,1343.56,-6.58,-0.4874
08/09/2026 12:56:07,2021-03-18 00:00:00,Índice del mercado bursátil colombiano - COLCAP,1325.59,-17.97,-1.3375
08/09/2026 12:56:07,2021-03-19 00:00:00,Índice del mercado bursátil colombiano - COLCAP,1324.54,-1.05,-0.0792
08/09/2026 12:56:07,2021-03-23 00:00:00,Índice del mercado bursátil colombiano - COLCAP,1319.82,-4.72,-0.3564
08/09/2026 12:56:07,2021-03-24 00:00:00,Índice del mercado bursátil colombiano - COLCAP,1325.33,5.51,0.4175
08/09/2026 12:56:07,2021-03-25 00:00:00,Índice del mercado bursátil colombiano - COLCAP,1320.11,-5.22,-0.3939
08/09/2026 12:56:07,2021-03-26 00:00:00,Índice del mercado bursátil colombiano - COLCAP,1314.46,-5.65,-0.428
08/09/2026 12:56:07,2021-03-29 00:00:00,Índice del mercado bursátil colombiano - COLCAP,1320.83,6.37,0.4846
08/09/2026 12:56:07,2021-03-30 00:00:00,Índice del mercado bursátil colombiano - COLCAP,1327.32,6.49,0.4914
08/09/2026 12:56:07,2021-03-31 00:00:00,Índice del mercado bursátil colombiano - COLCAP,1316.81,-10.51,-0.7918
08/09/2026 12:56:07,2021-04-05 00:00:00,Índice del mercado bursátil colombiano - COLCAP,1323.97,7.16,0.5437
08/09/2026 12:56:07,2021-04-06 00:00:00,Índice del mercado bursátil colombiano - COLCAP,1324.35,0.38,0.0287
08/09/2026 12:56:07,2021-04-07 00:00:00,Índice del mercado bursátil colombiano - COLCAP,1335.89,11.54,0.8714
08/09/2026 12:56:07,2021-04-08 00:00:00,Índice del mercado bursátil colombiano - COLCAP,1325.93,-9.96,-0.7456
08/09/2026 12:56:07,2021-04-09 00:00:00,Índice del mercado bursátil colombiano - COLCAP,1322.11,-3.82,-0.2881
08/09/2026 12:56:07,2021-04-12 00:00:00,Índice del mercado bursátil colombiano - COLCAP,1317.76,-4.35,-0.329
08/09/2026 12:56:07,2021-04-13 00:00:00,Índice del mercado bursátil colombiano - COLCAP,1312.55,-5.21,-0.3954
08/09/2026 12:56:07,2021-04-14 00:00:00,Índice del mercado bursátil colombiano - COLCAP,1320.96,8.41,0.6407
08/09/2026 12:56:07,2021-04-15 00:00:00,Índice del mercado bursátil colombiano - COLCAP,1321.8,0.84,0.0636
08/09/2026 12:56:07,2021-04-16 00:00:00,Índice del mercado bursátil colombiano - COLCAP,1317.08,-4.72,-0.3571
08/09/2026 12:56:07,2021-04-19 00:00:00,Índice del mercado bursátil colombiano - COLCAP,1312.62,-4.46,-0.3386
08/09/2026 12:56:07,2021-04-20 00:00:00,Índice del mercado bursátil colombiano - COLCAP,1311.39,-1.23,-0.0937
08/09/2026 12:56:07,2021-04-21 00:00:00,Índice del mercado bursátil colombiano - COLCAP,1305.14,-6.25,-0.4766
08/09/2026 12:56:07,2021-04-22 00:00:00,Índice del mercado bursátil colombiano - COLCAP,1296.07,-9.07,-0.6949
08/09/2026 12:56:07,2021-04-23 00:00:00,Índice del mercado bursátil colombiano - COLCAP,1282.21,-13.86,-1.0694
08/09/2026 12:56:07,2021-04-26 00:00:00,Índice del mercado bursátil colombiano - COLCAP,1286.57,4.36,0.34
08/09/2026 12:56:07,2021-04-27 00:00:00,Índice del mercado bursátil colombiano - COLCAP,1293.15,6.58,0.5114
08/09/2026 12:56:07,2021-04-28 00:00:00,Índice del mercado bursátil colombiano - COLCAP,1286.16,-6.99,-0.5405
08/09/2026 12:56:07,2021-04-29 00:00:00,Índice del mercado bursátil colombiano - COLCAP,1278,-8.16,-0.6344
08/09/2026 12:56:07,2021-04-30 00:00:00,Índice del mercado bursátil colombiano - COLCAP,1250.65,-27.35,-2.1401
08/09/2026 12:56:07,2021-05-03 00:00:00,Índice del mercado bursátil colombiano - COLCAP,1216.62,-34.03,-2.721
08/09/2026 12:56:07,2021-05-04 00:00:00,Índice del mercado bursátil colombiano - COLCAP,1217.67,1.05,0.0863
08/09/2026 12:56:07,2021-05-05 00:00:00,Índice del mercado bursátil colombiano - COLCAP,1240.04,22.37,1.8371
08/09/2026 12:56:07,2021-05-06 00:00:00,Índice del mercado bursátil colombiano - COLCAP,1266.56,26.52,2.1386
08/09/2026 12:56:07,2021-05-07 00:00:00,Índice del mercado bursátil colombiano - COLCAP,1281.93,15.37,1.2135
08/09/2026 12:56:07,2021-05-10 00:00:00,Índice del mercado bursátil colombiano - COLCAP,1311.73,29.8,2.3246
08/09/2026 12:56:07,2021-05-11 00:00:00,Índice del mercado bursátil colombiano - COLCAP,1292.14,-19.59,-1.4934
08/09/2026 12:56:07,2021-05-12 00:00:00,Índice del mercado bursátil colombiano - COLCAP,1285.33,-6.81,-0.527
08/09/2026 12:56:07,2021-05-13 00:00:00,Índice del mercado bursátil colombiano - COLCAP,1262.29,-23.04,-1.7925
08/09/2026 12:56:07,2021-05-14 00:00:00,Índice del mercado bursátil colombiano - COLCAP,1289.75,27.46,2.1754
08/09/2026 12:56:07,2021-05-18 00:00:00,Índice del mercado bursátil colombiano - COLCAP,1268.14,-21.61,-1.6755
08/09/2026 12:56:07,2021-05-19 00:00:00,Índice del mercado bursátil colombiano - COLCAP,1265.64,-2.5,-0.1971
08/09/2026 12:56:07,2021-05-20 00:00:00,Índice del mercado bursátil colombiano - COLCAP,1254.62,-11.02,-0.8707
08/09/2026 12:56:07,2021-05-21 00:00:00,Índice del mercado bursátil colombiano - COLCAP,1244.08,-10.54,-0.8401
08/09/2026 12:56:07,2021-05-24 00:00:00,Índice del mercado bursátil colombiano - COLCAP,1227.68,-16.4,-1.3182
08/09/2026 12:56:07,2021-05-25 00:00:00,Índice del mercado bursátil colombiano - COLCAP,1203.8,-23.88,-1.9451
08/09/2026 12:56:07,2021-05-26 00:00:00,Índice del mercado bursátil colombiano - COLCAP,1190.78,-13.02,-1.0816
08/09/2026 12:56:07,2021-05-27 00:00:00,Índice del mercado bursátil colombiano - COLCAP,1182.18,-8.6,-0.7222
08/09/2026 12:56:07,2021-05-28 00:00:00,Índice del mercado bursátil colombiano - COLCAP,1206.63,24.45,2.0682
08/09/2026 12:56:07,2021-05-31 00:00:00,Índice del mercado bursátil colombiano - COLCAP,1200.9,-5.73,-0.4749
08/09/2026 12:56:07,2021-06-01 00:00:00,Índice del mercado bursátil colombiano - COLCAP,1223.18,22.28,1.8553
08/09/2026 12:56:07,2021-06-02 00:00:00,Índice del mercado bursátil colombiano - COLCAP,1247.98,24.8,2.0275
08/09/2026 12:56:07,2021-06-03 00:00:00,Índice del mercado bursátil colombiano - COLCAP,1258.26,10.28,0.8237
08/09/2026 12:56:07,2021-06-04 00:00:00,Índice del mercado bursátil colombiano - COLCAP,1245.44,-12.82,-1.0189
08/09/2026 12:56:07,2021-06-08 00:00:00,Índice del mercado bursátil colombiano - COLCAP,1258.64,13.2,1.0599
08/09/2026 12:56:07,2021-06-09 00:00:00,Índice del mercado bursátil colombiano - COLCAP,1255.31,-3.33,-0.2646
08/09/2026 12:56:07,2021-06-10 00:00:00,Índice del mercado bursátil colombiano - COLCAP,1260.21,4.9,0.3903
08/09/2026 12:56:07,2021-06-11 00:00:00,Índice del mercado bursátil colombiano - COLCAP,1261.61,1.4,0.1111
08/09/2026 12:56:07,2021-06-15 00:00:00,Índice del mercado bursátil colombiano - COLCAP,1252.27,-9.34,-0.7403
08/09/2026 12:56:07,2021-06-16 00:00:00,Índice del mercado bursátil colombiano - COLCAP,1250.78,-1.49,-0.119
08/09/2026 12:56:07,2021-06-17 00:00:00,Índice del mercado bursátil colombiano - COLCAP,1248.79,-1.99,-0.1591
08/09/2026 12:56:07,2021-06-18 00:00:00,Índice del mercado bursátil colombiano - COLCAP,1257.29,8.5,0.6807
08/09/2026 12:56:07,2021-06-21 00:00:00,Índice del mercado bursátil colombiano - COLCAP,1246.44,-10.85,-0.863
08/09/2026 12:56:07,2021-06-22 00:00:00,Índice del mercado bursátil colombiano - COLCAP,1242.7,-3.74,-0.3001
08/09/2026 12:56:07,2021-06-23 00:00:00,Índice del mercado bursátil colombiano - COLCAP,1246.96,4.26,0.3428
08/09/2026 12:56:07,2021-06-24 00:00:00,Índice del mercado bursátil colombiano - COLCAP,1278.81,31.85,2.5542
08/09/2026 12:56:07,2021-06-25 00:00:00,Índice del mercado bursátil colombiano - COLCAP,1284.2,5.39,0.4215
08/09/2026 12:56:07,2021-06-28 00:00:00,Índice del mercado bursátil colombiano - COLCAP,1270.88,-13.32,-1.0372
08/09/2026 12:56:07,2021-06-29 00:00:00,Índice del mercado bursátil colombiano - COLCAP,1257,-13.88,-1.0922
08/09/2026 12:56:07,2021-06-30 00:00:00,Índice del mercado bursátil colombiano - COLCAP,1248.83,-8.17,-0.65
08/09/2026 12:56:07,2021-07-01 00:00:00,Índice del mercado bursátil colombiano - COLCAP,1260.42,11.59,0.9281
08/09/2026 12:56:07,2021-07-02 00:00:00,Índice del mercado bursátil colombiano - COLCAP,1289.38,28.96,2.2976
08/09/2026 12:56:07,2021-07-06 00:00:00,Índice del mercado bursátil colombiano - COLCAP,1272.05,-17.33,-1.3441
08/09/2026 12:56:07,2021-07-07 00:00:00,Índice del mercado bursátil colombiano - COLCAP,1286.43,14.38,1.1305
08/09/2026 12:56:07,2021-07-08 00:00:00,Índice del mercado bursátil colombiano - COLCAP,1284.04,-2.39,-0.1858
08/09/2026 12:56:07,2021-07-09 00:00:00,Índice del mercado bursátil colombiano - COLCAP,1293.02,8.98,0.6994
08/09/2026 12:56:07,2021-07-12 00:00:00,Índice del mercado bursátil colombiano - COLCAP,1298.44,5.42,0.4192
08/09/2026 12:56:07,2021-07-13 00:00:00,Índice del mercado bursátil colombiano - COLCAP,1293.76,-4.68,-0.3604
08/09/2026 12:56:07,2021-07-14 00:00:00,Índice del mercado bursátil colombiano - COLCAP,1284.44,-9.32,-0.7204
08/09/2026 12:56:07,2021-07-15 00:00:00,Índice del mercado bursátil colombiano - COLCAP,1273.21,-11.23,-0.8743
08/09/2026 12:56:07,2021-07-16 00:00:00,Índice del mercado bursátil colombiano - COLCAP,1272.49,-0.72,-0.0565
08/09/2026 12:56:07,2021-07-19 00:00:00,Índice del mercado bursátil colombiano - COLCAP,1238.12,-34.37,-2.701
08/09/2026 12:56:07,2021-07-21 00:00:00,Índice del mercado bursátil colombiano - COLCAP,1250.71,12.59,1.0169
08/09/2026 12:56:07,2021-07-22 00:00:00,Índice del mercado bursátil colombiano - COLCAP,1251.87,1.16,0.0927
08/09/2026 12:56:07,2021-07-23 00:00:00,Índice del mercado bursátil colombiano - COLCAP,1254.24,2.37,0.1893
08/09/2026 12:56:07,2021-07-26 00:00:00,Índice del mercado bursátil colombiano - COLCAP,1256.31,2.07,0.165
08/09/2026 12:56:07,2021-07-27 00:00:00,Índice del mercado bursátil colombiano - COLCAP,1249.61,-6.7,-0.5333
08/09/2026 12:56:07,2021-07-28 00:00:00,Índice del mercado bursátil colombiano - COLCAP,1243.13,-6.48,-0.5186
08/09/2026 12:56:07,2021-07-29 00:00:00,Índice del mercado bursátil colombiano - COLCAP,1245.86,2.73,0.2196
08/09/2026 12:56:07,2021-07-30 00:00:00,Índice del mercado bursátil colombiano - COLCAP,1236.73,-9.13,-0.7328
08/09/2026 12:56:07,2021-08-02 00:00:00,Índice del mercado bursátil colombiano - COLCAP,1236.03,-0.7,-0.0566
08/09/2026 12:56:07,2021-08-03 00:00:00,Índice del mercado bursátil colombiano - COLCAP,1235.53,-0.5,-0.0405
08/09/2026 12:56:07,2021-08-04 00:00:00,Índice del mercado bursátil colombiano - COLCAP,1240.84,5.31,0.4298
08/09/2026 12:56:07,2021-08-05 00:00:00,Índice del mercado bursátil colombiano - COLCAP,1227.35,-13.49,-1.0872
08/09/2026 12:56:07,2021-08-06 00:00:00,Índice del mercado bursátil colombiano - COLCAP,1226.59,-0.76,-0.0619
08/09/2026 12:56:07,2021-08-09 00:00:00,Índice del mercado bursátil colombiano - COLCAP,1229.44,2.85,0.2324
08/09/2026 12:56:07,2021-08-10 00:00:00,Índice del mercado bursátil colombiano - COLCAP,1236.31,6.87,0.5588
08/09/2026 12:56:07,2021-08-11 00:00:00,Índice del mercado bursátil colombiano - COLCAP,1246.69,10.38,0.8396
08/09/2026 12:56:07,2021-08-12 00:00:00,Índice del mercado bursátil colombiano - COLCAP,1258.53,11.84,0.9497
08/09/2026 12:56:07,2021-08-13 00:00:00,Índice del mercado bursátil colombiano - COLCAP,1268.79,10.26,0.8152
08/09/2026 12:56:07,2021-08-17 00:00:00,Índice del mercado bursátil colombiano - COLCAP,1301.69,32.9,2.593
08/09/2026 12:56:07,2021-08-18 00:00:00,Índice del mercado bursátil colombiano - COLCAP,1325.93,24.24,1.8622
08/09/2026 12:56:07,2021-08-19 00:00:00,Índice del mercado bursátil colombiano - COLCAP,1329.67,3.74,0.2821
08/09/2026 12:56:07,2021-08-20 00:00:00,Índice del mercado bursátil colombiano - COLCAP,1326.91,-2.76,-0.2076
08/09/2026 12:56:07,2021-08-23 00:00:00,Índice del mercado bursátil colombiano - COLCAP,1334.48,7.57,0.5705
08/09/2026 12:56:07,2021-08-24 00:00:00,Índice del mercado bursátil colombiano - COLCAP,1328.29,-6.19,-0.4639
08/09/2026 12:56:07,2021-08-25 00:00:00,Índice del mercado bursátil colombiano - COLCAP,1329.79,1.5,0.1129
08/09/2026 12:56:07,2021-08-26 00:00:00,Índice del mercado bursátil colombiano - COLCAP,1313.99,-15.8,-1.1882
08/09/2026 12:56:07,2021-08-27 00:00:00,Índice del mercado bursátil colombiano - COLCAP,1325.51,11.52,0.8767
08/09/2026 12:56:07,2021-08-30 00:00:00,Índice del mercado bursátil colombiano - COLCAP,1322.57,-2.94,-0.2218
08/09/2026 12:56:07,2021-08-31 00:00:00,Índice del mercado bursátil colombiano - COLCAP,1319.96,-2.61,-0.1973
08/09/2026 12:56:07,2021-09-01 00:00:00,Índice del mercado bursátil colombiano - COLCAP,1321.27,1.31,0.0992
08/09/2026 12:56:07,2021-09-02 00:00:00,Índice del mercado bursátil colombiano - COLCAP,1331.9,10.63,0.8045
08/09/2026 12:56:07,2021-09-03 00:00:00,Índice del mercado bursátil colombiano - COLCAP,1327.47,-4.43,-0.3326
08/09/2026 12:56:07,2021-09-06 00:00:00,Índice del mercado bursátil colombiano - COLCAP,1327.09,-0.38,-0.0286
08/09/2026 12:56:07,2021-09-07 00:00:00,Índice del mercado bursátil colombiano - COLCAP,1320.98,-6.11,-0.4604
08/09/2026 12:56:07,2021-09-08 00:00:00,Índice del mercado bursátil colombiano - COLCAP,1320.39,-0.59,-0.0447
08/09/2026 12:56:07,2021-09-09 00:00:00,Índice del mercado bursátil colombiano - COLCAP,1322.78,2.39,0.181
08/09/2026 12:56:07,2021-09-10 00:00:00,Índice del mercado bursátil colombiano - COLCAP,1320.52,-2.26,-0.1709
08/09/2026 12:56:07,2021-09-13 00:00:00,Índice del mercado bursátil colombiano - COLCAP,1312.43,0,0
08/09/2026 12:56:07,2021-09-14 00:00:00,Índice del mercado bursátil colombiano - COLCAP,1310.22,-2.21,-0.1684
08/09/2026 12:56:07,2021-09-15 00:00:00,Índice del mercado bursátil colombiano - COLCAP,1322.14,11.92,0.9098
08/09/2026 12:56:07,2021-09-16 00:00:00,Índice del mercado bursátil colombiano - COLCAP,1323.37,1.23,0.093
08/09/2026 12:56:07,2021-09-17 00:00:00,Índice del mercado bursátil colombiano - COLCAP,1321.85,-1.52,-0.1149
08/09/2026 12:56:07,2021-09-20 00:00:00,Índice del mercado bursátil colombiano - COLCAP,1306.62,-15.23,-1.1522
08/09/2026 12:56:07,2021-09-21 00:00:00,Índice del mercado bursátil colombiano - COLCAP,1301.46,-5.16,-0.3949
08/09/2026 12:56:07,2021-09-22 00:00:00,Índice del mercado bursátil colombiano - COLCAP,1310.25,8.79,0.6754
08/09/2026 12:56:07,2021-09-23 00:00:00,Índice del mercado bursátil colombiano - COLCAP,1312.22,1.97,0.1504
08/09/2026 12:56:07,2021-09-24 00:00:00,Índice del mercado bursátil colombiano - COLCAP,1309.38,-2.84,-0.2164
08/09/2026 12:56:07,2021-09-27 00:00:00,Índice del mercado bursátil colombiano - COLCAP,1345.4,36.02,2.7509
08/09/2026 12:56:07,2021-09-28 00:00:00,Índice del mercado bursátil colombiano - COLCAP,1350.53,5.13,0.3813
08/09/2026 12:56:07,2021-09-29 00:00:00,Índice del mercado bursátil colombiano - COLCAP,1360.41,9.88,0.7316
08/09/2026 12:56:07,2021-09-30 00:00:00,Índice del mercado bursátil colombiano - COLCAP,1361.95,1.54,0.1132
08/09/2026 12:56:07,2021-10-01 00:00:00,Índice del mercado bursátil colombiano - COLCAP,1370.25,8.3,0.6094
08/09/2026 12:56:07,2021-10-04 00:00:00,Índice del mercado bursátil colombiano - COLCAP,1381.76,11.51,0.84
08/09/2026 12:56:07,2021-10-05 00:00:00,Índice del mercado bursátil colombiano - COLCAP,1383.22,1.46,0.1057
08/09/2026 12:56:07,2021-10-06 00:00:00,Índice del mercado bursátil colombiano - COLCAP,1381.86,-1.36,-0.0983
08/09/2026 12:56:07,2021-10-07 00:00:00,Índice del mercado bursátil colombiano - COLCAP,1393.5,11.64,0.8423
08/09/2026 12:56:07,2021-10-08 00:00:00,Índice del mercado bursátil colombiano - COLCAP,1401,7.5,0.5382
08/09/2026 12:56:07,2021-10-11 00:00:00,Índice del mercado bursátil colombiano - COLCAP,1406.25,5.25,0.3747
08/09/2026 12:56:07,2021-10-12 00:00:00,Índice del mercado bursátil colombiano - COLCAP,1386.45,-19.8,-1.408
08/09/2026 12:56:07,2021-10-13 00:00:00,Índice del mercado bursátil colombiano - COLCAP,1394.22,7.77,0.5604
08/09/2026 12:56:07,2021-10-14 00:00:00,Índice del mercado bursátil colombiano - COLCAP,1416.68,22.46,1.6109
08/09/2026 12:56:07,2021-10-15 00:00:00,Índice del mercado bursátil colombiano - COLCAP,1426.2,9.52,0.672
08/09/2026 12:56:07,2021-10-19 00:00:00,Índice del mercado bursátil colombiano - COLCAP,1416.49,-9.71,-0.6808
08/09/2026 12:56:07,2021-10-20 00:00:00,Índice del mercado bursátil colombiano - COLCAP,1414.1,-2.39,-0.1687
08/09/2026 12:56:07,2021-10-21 00:00:00,Índice del mercado bursátil colombiano - COLCAP,1410.2,-3.9,-0.2758
08/09/2026 12:56:07,2021-10-22 00:00:00,Índice del mercado bursátil colombiano - COLCAP,1399.64,-10.56,-0.7488
08/09/2026 12:56:07,2021-10-25 00:00:00,Índice del mercado bursátil colombiano - COLCAP,1402.04,2.4,0.1715
08/09/2026 12:56:07,2021-10-26 00:00:00,Índice del mercado bursátil colombiano - COLCAP,1413.32,11.28,0.8045
08/09/2026 12:56:07,2021-10-27 00:00:00,Índice del mercado bursátil colombiano - COLCAP,1404.09,-9.23,-0.6531
08/09/2026 12:56:07,2021-10-28 00:00:00,Índice del mercado bursátil colombiano - COLCAP,1407.92,3.83,0.2728
08/09/2026 12:56:07,2021-10-29 00:00:00,Índice del mercado bursátil colombiano - COLCAP,1394.04,-13.88,-0.9859
08/09/2026 12:56:07,2021-11-02 00:00:00,Índice del mercado bursátil colombiano - COLCAP,1390.5,-3.54,-0.2539
08/09/2026 12:56:07,2021-11-03 00:00:00,Índice del mercado bursátil colombiano - COLCAP,1404.52,14.02,1.0083
08/09/2026 12:56:07,2021-11-04 00:00:00,Índice del mercado bursátil colombiano - COLCAP,1392.19,-12.33,-0.8779
08/09/2026 12:56:07,2021-11-05 00:00:00,Índice del mercado bursátil colombiano - COLCAP,1388.56,-3.63,-0.2607
08/09/2026 12:56:07,2021-11-08 00:00:00,Índice del mercado bursátil colombiano - COLCAP,1394.23,5.67,0.4083
08/09/2026 12:56:07,2021-11-09 00:00:00,Índice del mercado bursátil colombiano - COLCAP,1384.59,-9.64,-0.6914
08/09/2026 12:56:07,2021-11-10 00:00:00,Índice del mercado bursátil colombiano - COLCAP,1365.65,-18.94,-1.3679
08/09/2026 12:56:07,2021-11-11 00:00:00,Índice del mercado bursátil colombiano - COLCAP,1365.84,0.19,0.0139
08/09/2026 12:56:07,2021-11-12 00:00:00,Índice del mercado bursátil colombiano - COLCAP,1356.48,-9.36,-0.6853
08/09/2026 12:56:07,2021-11-16 00:00:00,Índice del mercado bursátil colombiano - COLCAP,1333.47,-23.01,-1.6963
08/09/2026 12:56:07,2021-11-17 00:00:00,Índice del mercado bursátil colombiano - COLCAP,1330.57,-2.9,-0.2175
08/09/2026 12:56:07,2021-11-18 00:00:00,Índice del mercado bursátil colombiano - COLCAP,1337.52,6.95,0.5223
08/09/2026 12:56:07,2021-11-19 00:00:00,Índice del mercado bursátil colombiano - COLCAP,1298.64,-38.88,-2.9069
08/09/2026 12:56:07,2021-11-22 00:00:00,Índice del mercado bursátil colombiano - COLCAP,1312.18,13.54,1.0426
08/09/2026 12:56:07,2021-11-23 00:00:00,Índice del mercado bursátil colombiano - COLCAP,1316.43,4.25,0.3239
08/09/2026 12:56:07,2021-11-24 00:00:00,Índice del mercado bursátil colombiano - COLCAP,1330.18,13.75,1.0445
08/09/2026 12:56:07,2021-11-25 00:00:00,Índice del mercado bursátil colombiano - COLCAP,1338.85,8.67,0.6518
08/09/2026 12:56:07,2021-11-26 00:00:00,Índice del mercado bursátil colombiano - COLCAP,1318.31,-20.54,-1.5342
08/09/2026 12:56:07,2021-11-29 00:00:00,Índice del mercado bursátil colombiano - COLCAP,1347.45,29.14,2.2104
08/09/2026 12:56:07,2021-11-30 00:00:00,Índice del mercado bursátil colombiano - COLCAP,1373.84,26.39,1.9585
08/09/2026 12:56:07,2021-12-01 00:00:00,Índice del mercado bursátil colombiano - COLCAP,1418.24,44.4,3.2318
08/09/2026 12:56:07,2021-12-02 00:00:00,Índice del mercado bursátil colombiano - COLCAP,1431.29,13.05,0.9202
08/09/2026 12:56:07,2021-12-03 00:00:00,Índice del mercado bursátil colombiano - COLCAP,1431.94,0.65,0.0454
08/09/2026 12:56:07,2021-12-06 00:00:00,Índice del mercado bursátil colombiano - COLCAP,1430.66,-1.28,-0.0894
08/09/2026 12:56:07,2021-12-07 00:00:00,Índice del mercado bursátil colombiano - COLCAP,1409.94,-20.72,-1.4483
08/09/2026 12:56:07,2021-12-09 00:00:00,Índice del mercado bursátil colombiano - COLCAP,1399.15,-10.79,-0.7653
08/09/2026 12:56:07,2021-12-10 00:00:00,Índice del mercado bursátil colombiano - COLCAP,1389.16,-9.99,-0.714
08/09/2026 12:56:07,2021-12-13 00:00:00,Índice del mercado bursátil colombiano - COLCAP,1353.91,-35.25,-2.5375
08/09/2026 12:56:07,2021-12-14 00:00:00,Índice del mercado bursátil colombiano - COLCAP,1358.8,4.89,0.3612
08/09/2026 12:56:07,2021-12-15 00:00:00,Índice del mercado bursátil colombiano - COLCAP,1375.2,16.4,1.2069
08/09/2026 12:56:07,2021-12-16 00:00:00,Índice del mercado bursátil colombiano - COLCAP,1407.88,32.68,2.3764
08/09/2026 12:56:07,2021-12-17 00:00:00,Índice del mercado bursátil colombiano - COLCAP,1395,-12.88,-0.9149
08/09/2026 12:56:07,2021-12-20 00:00:00,Índice del mercado bursátil colombiano - COLCAP,1380.89,-14.11,-1.0115
08/09/2026 12:56:07,2021-12-21 00:00:00,Índice del mercado bursátil colombiano - COLCAP,1378.82,-2.07,-0.1499
08/09/2026 12:56:07,2021-12-22 00:00:00,Índice del mercado bursátil colombiano - COLCAP,1394.49,15.67,1.1365
08/09/2026 12:56:07,2021-12-23 00:00:00,Índice del mercado bursátil colombiano - COLCAP,1395.46,0.97,0.0696
08/09/2026 12:56:07,2021-12-24 00:00:00,Índice del mercado bursátil colombiano - COLCAP,1401.66,6.2,0.4443
08/09/2026 12:56:07,2021-12-27 00:00:00,Índice del mercado bursátil colombiano - COLCAP,1404.62,2.96,0.2112
08/09/2026 12:56:07,2021-12-28 00:00:00,Índice del mercado bursátil colombiano - COLCAP,1408.2,3.58,0.2549
08/09/2026 12:56:07,2021-12-29 00:00:00,Índice del mercado bursátil colombiano - COLCAP,1415.79,7.59,0.539
08/09/2026 12:56:07,2021-12-30 00:00:00,Índice del mercado bursátil colombiano - COLCAP,1410.97,-4.82,-0.3404
08/09/2026 12:56:07,2022-01-03 00:00:00,Índice del mercado bursátil colombiano - COLCAP,1415.06,0,0
08/09/2026 12:56:07,2022-01-04 00:00:00,Índice del mercado bursátil colombiano - COLCAP,1423.88,8.82,0.6233
08/09/2026 12:56:07,2022-01-05 00:00:00,Índice del mercado bursátil colombiano - COLCAP,1402.4,-21.48,-1.5086
08/09/2026 12:56:07,2022-01-06 00:00:00,Índice del mercado bursátil colombiano - COLCAP,1381.74,-20.66,-1.4732
08/09/2026 12:56:07,2022-01-07 00:00:00,Índice del mercado bursátil colombiano - COLCAP,1394.22,12.48,0.9032
08/09/2026 12:56:07,2022-01-11 00:00:00,Índice del mercado bursátil colombiano - COLCAP,1422.57,28.35,2.0334
08/09/2026 12:56:07,2022-01-12 00:00:00,Índice del mercado bursátil colombiano - COLCAP,1450.75,28.18,1.9809
08/09/2026 12:56:07,2022-01-13 00:00:00,Índice del mercado bursátil colombiano - COLCAP,1466.67,15.92,1.0974
08/09/2026 12:56:07,2022-01-14 00:00:00,Índice del mercado bursátil colombiano - COLCAP,1431.84,-34.83,-2.3748
08/09/2026 12:56:07,2022-01-17 00:00:00,Índice del mercado bursátil colombiano - COLCAP,1522.21,90.37,6.3115
08/09/2026 12:56:07,2022-01-18 00:00:00,Índice del mercado bursátil colombiano - COLCAP,1585.23,63.02,4.14
08/09/2026 12:56:07,2022-01-19 00:00:00,Índice del mercado bursátil colombiano - COLCAP,1582.84,-2.39,-0.1508
08/09/2026 12:56:07,2022-01-20 00:00:00,Índice del mercado bursátil colombiano - COLCAP,1547.47,-35.37,-2.2346
08/09/2026 12:56:07,2022-01-21 00:00:00,Índice del mercado bursátil colombiano - COLCAP,1523.56,-23.91,-1.5451
08/09/2026 12:56:07,2022-01-24 00:00:00,Índice del mercado bursátil colombiano - COLCAP,1522.12,-1.44,-0.0945
08/09/2026 12:56:07,2022-01-25 00:00:00,Índice del mercado bursátil colombiano - COLCAP,1527.48,5.36,0.3521
08/09/2026 12:56:07,2022-01-26 00:00:00,Índice del mercado bursátil colombiano - COLCAP,1522.26,-5.22,-0.3417
08/09/2026 12:56:07,2022-01-27 00:00:00,Índice del mercado bursátil colombiano - COLCAP,1520.63,-1.63,-0.1071
08/09/2026 12:56:07,2022-01-28 00:00:00,Índice del mercado bursátil colombiano - COLCAP,1529.85,9.22,0.6063
08/09/2026 12:56:07,2022-01-31 00:00:00,Índice del mercado bursátil colombiano - COLCAP,1536.92,7.07,0.4621
08/09/2026 12:56:07,2022-02-01 00:00:00,Índice del mercado bursátil colombiano - COLCAP,1538.02,1.1,0.0716
08/09/2026 12:56:07,2022-02-02 00:00:00,Índice del mercado bursátil colombiano - COLCAP,1529.53,-8.49,-0.552
08/09/2026 12:56:07,2022-02-03 00:00:00,Índice del mercado bursátil colombiano - COLCAP,1516.27,-13.26,-0.8669
08/09/2026 12:56:07,2022-02-04 00:00:00,Índice del mercado bursátil colombiano - COLCAP,1522.41,6.14,0.4049
08/09/2026 12:56:07,2022-02-07 00:00:00,Índice del mercado bursátil colombiano - COLCAP,1533.51,11.1,0.7291
08/09/2026 12:56:07,2022-02-08 00:00:00,Índice del mercado bursátil colombiano - COLCAP,1523.73,-9.78,-0.6378
08/09/2026 12:56:07,2022-02-09 00:00:00,Índice del mercado bursátil colombiano - COLCAP,1508.71,-15.02,-0.9857
08/09/2026 12:56:07,2022-02-10 00:00:00,Índice del mercado bursátil colombiano - COLCAP,1475.28,-33.43,-2.2158
08/09/2026 12:56:07,2022-02-11 00:00:00,Índice del mercado bursátil colombiano - COLCAP,1492.8,17.52,1.1876
08/09/2026 12:56:07,2022-02-14 00:00:00,Índice del mercado bursátil colombiano - COLCAP,1480.77,-12.03,-0.8059
08/09/2026 12:56:07,2022-02-15 00:00:00,Índice del mercado bursátil colombiano - COLCAP,1487.19,6.42,0.4336
08/09/2026 12:56:07,2022-02-16 00:00:00,Índice del mercado bursátil colombiano - COLCAP,1502.69,15.5,1.0422
08/09/2026 12:56:07,2022-02-17 00:00:00,Índice del mercado bursátil colombiano - COLCAP,1503,0.31,0.0206
08/09/2026 12:56:07,2022-02-18 00:00:00,Índice del mercado bursátil colombiano - COLCAP,1493.88,-9.12,-0.6068
08/09/2026 12:56:07,2022-02-21 00:00:00,Índice del mercado bursátil colombiano - COLCAP,1495.04,1.16,0.0777
08/09/2026 12:56:07,2022-02-22 00:00:00,Índice del mercado bursátil colombiano - COLCAP,1492.49,-2.55,-0.1706
08/09/2026 12:56:07,2022-02-23 00:00:00,Índice del mercado bursátil colombiano - COLCAP,1509.88,17.39,1.1652
08/09/2026 12:56:07,2022-02-24 00:00:00,Índice del mercado bursátil colombiano - COLCAP,1509.55,-0.33,-0.0219
08/09/2026 12:56:07,2022-02-25 00:00:00,Índice del mercado bursátil colombiano - COLCAP,1516.24,6.69,0.4432
08/09/2026 12:56:07,2022-02-28 00:00:00,Índice del mercado bursátil colombiano - COLCAP,1527.75,11.51,0.7591
08/09/2026 12:56:07,2022-03-01 00:00:00,Índice del mercado bursátil colombiano - COLCAP,1538.57,10.82,0.7082
08/09/2026 12:56:07,2022-03-02 00:00:00,Índice del mercado bursátil colombiano - COLCAP,1530.3,-8.27,-0.5375
08/09/2026 12:56:07,2022-03-03 00:00:00,Índice del mercado bursátil colombiano - COLCAP,1534.45,4.15,0.2712
08/09/2026 12:56:07,2022-03-04 00:00:00,Índice del mercado bursátil colombiano - COLCAP,1542.13,7.68,0.5005
08/09/2026 12:56:07,2022-03-07 00:00:00,Índice del mercado bursátil colombiano - COLCAP,1538.27,-3.86,-0.2503
08/09/2026 12:56:07,2022-03-08 00:00:00,Índice del mercado bursátil colombiano - COLCAP,1535.28,-2.99,-0.1944
08/09/2026 12:56:07,2022-03-09 00:00:00,Índice del mercado bursátil colombiano - COLCAP,1537.52,2.24,0.1459
08/09/2026 12:56:07,2022-03-10 00:00:00,Índice del mercado bursátil colombiano - COLCAP,1543.26,5.74,0.3733
08/09/2026 12:56:07,2022-03-11 00:00:00,Índice del mercado bursátil colombiano - COLCAP,1548.46,5.2,0.3369
08/09/2026 12:56:07,2022-03-14 00:00:00,Índice del mercado bursátil colombiano - COLCAP,1517.85,-30.61,-1.9768
08/09/2026 12:56:07,2022-03-15 00:00:00,Índice del mercado bursátil colombiano - COLCAP,1522.19,4.34,0.2859
08/09/2026 12:56:07,2022-03-16 00:00:00,Índice del mercado bursátil colombiano - COLCAP,1528.12,5.93,0.3896
08/09/2026 12:56:07,2022-03-17 00:00:00,Índice del mercado bursátil colombiano - COLCAP,1542.97,14.85,0.9718
08/09/2026 12:56:07,2022-03-18 00:00:00,Índice del mercado bursátil colombiano - COLCAP,1539.7,-3.27,-0.2119
08/09/2026 12:56:07,2022-03-22 00:00:00,Índice del mercado bursátil colombiano - COLCAP,1555.86,16.16,1.0496
08/09/2026 12:56:07,2022-03-23 00:00:00,Índice del mercado bursátil colombiano - COLCAP,1587.4,31.54,2.0272
08/09/2026 12:56:07,2022-03-24 00:00:00,Índice del mercado bursátil colombiano - COLCAP,1593.5,6.1,0.3843
08/09/2026 12:56:07,2022-03-25 00:00:00,Índice del mercado bursátil colombiano - COLCAP,1606.88,13.38,0.8397
08/09/2026 12:56:07,2022-03-28 00:00:00,Índice del mercado bursátil colombiano - COLCAP,1598.58,-8.3,-0.5165
08/09/2026 12:56:07,2022-03-29 00:00:00,Índice del mercado bursátil colombiano - COLCAP,1599.18,0.6,0.0375
08/09/2026 12:56:07,2022-03-30 00:00:00,Índice del mercado bursátil colombiano - COLCAP,1601.35,2.17,0.1357
08/09/2026 12:56:07,2022-03-31 00:00:00,Índice del mercado bursátil colombiano - COLCAP,1616.08,14.73,0.9198
08/09/2026 12:56:07,2022-04-01 00:00:00,Índice del mercado bursátil colombiano - COLCAP,1626.89,10.81,0.6689
08/09/2026 12:56:07,2022-04-04 00:00:00,Índice del mercado bursátil colombiano - COLCAP,1618.39,-8.5,-0.5225
08/09/2026 12:56:07,2022-04-05 00:00:00,Índice del mercado bursátil colombiano - COLCAP,1633.95,15.56,0.9614
08/09/2026 12:56:07,2022-04-06 00:00:00,Índice del mercado bursátil colombiano - COLCAP,1626.1,-7.85,-0.4804
08/09/2026 12:56:07,2022-04-07 00:00:00,Índice del mercado bursátil colombiano - COLCAP,1628.85,2.75,0.1691
08/09/2026 12:56:07,2022-04-08 00:00:00,Índice del mercado bursátil colombiano - COLCAP,1625.53,-3.32,-0.2038
08/09/2026 12:56:07,2022-04-11 00:00:00,Índice del mercado bursátil colombiano - COLCAP,1630.89,5.36,0.3297
08/09/2026 12:56:07,2022-04-12 00:00:00,Índice del mercado bursátil colombiano - COLCAP,1626.17,-4.72,-0.2894
08/09/2026 12:56:07,2022-04-13 00:00:00,Índice del mercado bursátil colombiano - COLCAP,1615.12,-11.05,-0.6795
08/09/2026 12:56:07,2022-04-18 00:00:00,Índice del mercado bursátil colombiano - COLCAP,1603.8,-11.32,-0.7009
08/09/2026 12:56:07,2022-04-19 00:00:00,Índice del mercado bursátil colombiano - COLCAP,1603.6,-0.2,-0.0125
08/09/2026 12:56:07,2022-04-20 00:00:00,Índice del mercado bursátil colombiano - COLCAP,1635.71,32.11,2.0024
08/09/2026 12:56:07,2022-04-21 00:00:00,Índice del mercado bursátil colombiano - COLCAP,1616.87,-18.84,-1.1518
08/09/2026 12:56:07,2022-04-22 00:00:00,Índice del mercado bursátil colombiano - COLCAP,1614.75,-2.12,-0.1311
08/09/2026 12:56:07,2022-04-25 00:00:00,Índice del mercado bursátil colombiano - COLCAP,1576.06,-38.69,-2.396
08/09/2026 12:56:07,2022-04-26 00:00:00,Índice del mercado bursátil colombiano - COLCAP,1575.37,-0.69,-0.0438
08/09/2026 12:56:07,2022-04-27 00:00:00,Índice del mercado bursátil colombiano - COLCAP,1586.26,10.89,0.6913
08/09/2026 12:56:07,2022-04-28 00:00:00,Índice del mercado bursátil colombiano - COLCAP,1592.99,6.73,0.4243
08/09/2026 12:56:07,2022-04-29 00:00:00,Índice del mercado bursátil colombiano - COLCAP,1562.46,-30.53,-1.9165
08/09/2026 12:56:07,2022-05-02 00:00:00,Índice del mercado bursátil colombiano - COLCAP,1582.67,20.21,1.2935
08/09/2026 12:56:07,2022-05-03 00:00:00,Índice del mercado bursátil colombiano - COLCAP,1593.36,10.69,0.6754
08/09/2026 12:56:07,2022-05-04 00:00:00,Índice del mercado bursátil colombiano - COLCAP,1613.72,20.36,1.2778
08/09/2026 12:56:07,2022-05-05 00:00:00,Índice del mercado bursátil colombiano - COLCAP,1581.65,-32.07,-1.9873
08/09/2026 12:56:07,2022-05-06 00:00:00,Índice del mercado bursátil colombiano - COLCAP,1556.15,-25.5,-1.6122
08/09/2026 12:56:07,2022-05-09 00:00:00,Índice del mercado bursátil colombiano - COLCAP,1511.39,-44.76,-2.8763
08/09/2026 12:56:07,2022-05-10 00:00:00,Índice del mercado bursátil colombiano - COLCAP,1511.73,0.34,0.0225
08/09/2026 12:56:07,2022-05-11 00:00:00,Índice del mercado bursátil colombiano - COLCAP,1509,-2.73,-0.1806
08/09/2026 12:56:07,2022-05-12 00:00:00,Índice del mercado bursátil colombiano - COLCAP,1505.8,-3.2,-0.2121
08/09/2026 12:56:07,2022-05-13 00:00:00,Índice del mercado bursátil colombiano - COLCAP,1512.12,6.32,0.4197
08/09/2026 12:56:07,2022-05-16 00:00:00,Índice del mercado bursátil colombiano - COLCAP,1517.19,5.07,0.3353
08/09/2026 12:56:07,2022-05-17 00:00:00,Índice del mercado bursátil colombiano - COLCAP,1506.32,-10.87,-0.7165
08/09/2026 12:56:07,2022-05-18 00:00:00,Índice del mercado bursátil colombiano - COLCAP,1465.19,-41.13,-2.7305
08/09/2026 12:56:07,2022-05-19 00:00:00,Índice del mercado bursátil colombiano - COLCAP,1411.11,-54.08,-3.691
08/09/2026 12:56:07,2022-05-20 00:00:00,Índice del mercado bursátil colombiano - COLCAP,1459.25,48.14,3.4115
08/09/2026 12:56:07,2022-05-23 00:00:00,Índice del mercado bursátil colombiano - COLCAP,1482.8,23.55,1.6138
08/09/2026 12:56:07,2022-05-24 00:00:00,Índice del mercado bursátil colombiano - COLCAP,1482.77,-0.03,-0.002
08/09/2026 12:56:07,2022-05-25 00:00:00,Índice del mercado bursátil colombiano - COLCAP,1491.48,8.71,0.5874
08/09/2026 12:56:07,2022-05-26 00:00:00,Índice del mercado bursátil colombiano - COLCAP,1508.62,17.14,1.1492
08/09/2026 12:56:07,2022-05-27 00:00:00,Índice del mercado bursátil colombiano - COLCAP,1532.31,23.69,1.5703
08/09/2026 12:56:07,2022-05-31 00:00:00,Índice del mercado bursátil colombiano - COLCAP,1603.23,70.92,4.6283
08/09/2026 12:56:07,2022-06-01 00:00:00,Índice del mercado bursátil colombiano - COLCAP,1604.54,1.31,0.0817
08/09/2026 12:56:07,2022-06-02 00:00:00,Índice del mercado bursátil colombiano - COLCAP,1610.21,5.67,0.3534
08/09/2026 12:56:07,2022-06-03 00:00:00,Índice del mercado bursátil colombiano - COLCAP,1614.09,3.88,0.241
08/09/2026 12:56:07,2022-06-06 00:00:00,Índice del mercado bursátil colombiano - COLCAP,1608.21,-5.88,-0.3643
08/09/2026 12:56:07,2022-06-07 00:00:00,Índice del mercado bursátil colombiano - COLCAP,1587.07,-21.14,-1.3145
08/09/2026 12:56:07,2022-06-08 00:00:00,Índice del mercado bursátil colombiano - COLCAP,1560.76,-26.31,-1.6578
08/09/2026 12:56:07,2022-06-09 00:00:00,Índice del mercado bursátil colombiano - COLCAP,1526.79,-33.97,-2.1765
08/09/2026 12:56:07,2022-06-10 00:00:00,Índice del mercado bursátil colombiano - COLCAP,1530.73,3.94,0.2581
08/09/2026 12:56:07,2022-06-13 00:00:00,Índice del mercado bursátil colombiano - COLCAP,1484.58,-46.15,-3.0149
08/09/2026 12:56:07,2022-06-14 00:00:00,Índice del mercado bursátil colombiano - COLCAP,1501.18,16.6,1.1182
08/09/2026 12:56:07,2022-06-15 00:00:00,Índice del mercado bursátil colombiano - COLCAP,1463.55,-37.63,-2.5067
08/09/2026 12:56:07,2022-06-16 00:00:00,Índice del mercado bursátil colombiano - COLCAP,1473.19,9.64,0.6587
08/09/2026 12:56:07,2022-06-17 00:00:00,Índice del mercado bursátil colombiano - COLCAP,1454.02,-19.17,-1.3013
08/09/2026 12:56:07,2022-06-21 00:00:00,Índice del mercado bursátil colombiano - COLCAP,1398.42,-55.6,-3.8239
08/09/2026 12:56:07,2022-06-22 00:00:00,Índice del mercado bursátil colombiano - COLCAP,1372.2,-26.22,-1.875
08/09/2026 12:56:07,2022-06-23 00:00:00,Índice del mercado bursátil colombiano - COLCAP,1338.83,-33.37,-2.4319
08/09/2026 12:56:07,2022-06-24 00:00:00,Índice del mercado bursátil colombiano - COLCAP,1365.96,27.13,2.0264
08/09/2026 12:56:07,2022-06-28 00:00:00,Índice del mercado bursátil colombiano - COLCAP,1381.09,15.13,1.1076
08/09/2026 12:56:07,2022-06-29 00:00:00,Índice del mercado bursátil colombiano - COLCAP,1346.88,-34.21,-2.477
08/09/2026 12:56:07,2022-06-30 00:00:00,Índice del mercado bursátil colombiano - COLCAP,1322.88,-24,-1.7819
08/09/2026 12:56:07,2022-07-01 00:00:00,Índice del mercado bursátil colombiano - COLCAP,1357.98,35.1,2.6533
08/09/2026 12:56:07,2022-07-05 00:00:00,Índice del mercado bursátil colombiano - COLCAP,1333.69,-24.29,-1.7887
08/09/2026 12:56:07,2022-07-06 00:00:00,Índice del mercado bursátil colombiano - COLCAP,1336.49,2.8,0.2099
08/09/2026 12:56:07,2022-07-07 00:00:00,Índice del mercado bursátil colombiano - COLCAP,1350.26,13.77,1.0303
08/09/2026 12:56:07,2022-07-08 00:00:00,Índice del mercado bursátil colombiano - COLCAP,1354.92,4.66,0.3451
08/09/2026 12:56:07,2022-07-11 00:00:00,Índice del mercado bursátil colombiano - COLCAP,1344.65,-10.27,-0.758
08/09/2026 12:56:07,2022-07-12 00:00:00,Índice del mercado bursátil colombiano - COLCAP,1347.88,3.23,0.2402
08/09/2026 12:56:07,2022-07-13 00:00:00,Índice del mercado bursátil colombiano - COLCAP,1319.29,-28.59,-2.1211
08/09/2026 12:56:07,2022-07-14 00:00:00,Índice del mercado bursátil colombiano - COLCAP,1272.51,-46.78,-3.5458
08/09/2026 12:56:07,2022-07-15 00:00:00,Índice del mercado bursátil colombiano - COLCAP,1274.19,1.68,0.132
08/09/2026 12:56:07,2022-07-18 00:00:00,Índice del mercado bursátil colombiano - COLCAP,1281.71,7.52,0.5902
08/09/2026 12:56:07,2022-07-19 00:00:00,Índice del mercado bursátil colombiano - COLCAP,1303.01,21.3,1.6618
08/09/2026 12:56:07,2022-07-21 00:00:00,Índice del mercado bursátil colombiano - COLCAP,1291.55,-11.46,-0.8795
08/09/2026 12:56:07,2022-07-22 00:00:00,Índice del mercado bursátil colombiano - COLCAP,1259.8,-31.75,-2.4583
08/09/2026 12:56:07,2022-07-25 00:00:00,Índice del mercado bursátil colombiano - COLCAP,1289.89,30.09,2.3885
08/09/2026 12:56:07,2022-07-26 00:00:00,Índice del mercado bursátil colombiano - COLCAP,1294.82,4.93,0.3822
08/09/2026 12:56:07,2022-07-27 00:00:00,Índice del mercado bursátil colombiano - COLCAP,1300.17,5.35,0.4132
08/09/2026 12:56:07,2022-07-28 00:00:00,Índice del mercado bursátil colombiano - COLCAP,1320.2,20.03,1.5406
08/09/2026 12:56:07,2022-07-29 00:00:00,Índice del mercado bursátil colombiano - COLCAP,1295.96,-24.24,-1.8361
08/09/2026 12:56:07,2022-08-01 00:00:00,Índice del mercado bursátil colombiano - COLCAP,1272.1,-23.86,-1.8411
08/09/2026 12:56:07,2022-08-02 00:00:00,Índice del mercado bursátil colombiano - COLCAP,1281.28,9.18,0.7216
08/09/2026 12:56:07,2022-08-03 00:00:00,Índice del mercado bursátil colombiano - COLCAP,1279.2,-2.08,-0.1623
08/09/2026 12:56:07,2022-08-04 00:00:00,Índice del mercado bursátil colombiano - COLCAP,1281.45,2.25,0.1759
08/09/2026 12:56:07,2022-08-05 00:00:00,Índice del mercado bursátil colombiano - COLCAP,1300.09,18.64,1.4546
08/09/2026 12:56:07,2022-08-08 00:00:00,Índice del mercado bursátil colombiano - COLCAP,1333.07,32.98,2.5367
08/09/2026 12:56:07,2022-08-09 00:00:00,Índice del mercado bursátil colombiano - COLCAP,1322.08,-10.99,-0.8244
08/09/2026 12:56:07,2022-08-10 00:00:00,Índice del mercado bursátil colombiano - COLCAP,1314.08,-8,-0.6051
08/09/2026 12:56:07,2022-08-11 00:00:00,Índice del mercado bursátil colombiano - COLCAP,1324.48,10.4,0.7914
08/09/2026 12:56:07,2022-08-12 00:00:00,Índice del mercado bursátil colombiano - COLCAP,1330.82,6.34,0.4787
08/09/2026 12:56:07,2022-08-16 00:00:00,Índice del mercado bursátil colombiano - COLCAP,1321.38,-9.44,-0.7093
08/09/2026 12:56:07,2022-08-17 00:00:00,Índice del mercado bursátil colombiano - COLCAP,1323.22,1.84,0.1392
08/09/2026 12:56:07,2022-08-18 00:00:00,Índice del mercado bursátil colombiano - COLCAP,1324.12,0.9,0.068
08/09/2026 12:56:07,2022-08-19 00:00:00,Índice del mercado bursátil colombiano - COLCAP,1307.78,-16.34,-1.234
08/09/2026 12:56:07,2022-08-22 00:00:00,Índice del mercado bursátil colombiano - COLCAP,1293.27,-14.51,-1.1095
08/09/2026 12:56:07,2022-08-23 00:00:00,Índice del mercado bursátil colombiano - COLCAP,1289.54,-3.73,-0.2884
08/09/2026 12:56:07,2022-08-24 00:00:00,Índice del mercado bursátil colombiano - COLCAP,1291.98,2.44,0.1892
08/09/2026 12:56:07,2022-08-25 00:00:00,Índice del mercado bursátil colombiano - COLCAP,1304.36,12.38,0.9582
08/09/2026 12:56:07,2022-08-26 00:00:00,Índice del mercado bursátil colombiano - COLCAP,1298.84,-5.52,-0.4232
08/09/2026 12:56:07,2022-08-29 00:00:00,Índice del mercado bursátil colombiano - COLCAP,1289.86,-8.98,-0.6914
08/09/2026 12:56:07,2022-08-30 00:00:00,Índice del mercado bursátil colombiano - COLCAP,1270.29,-19.57,-1.5172
08/09/2026 12:56:07,2022-08-31 00:00:00,Índice del mercado bursátil colombiano - COLCAP,1228.33,-41.96,-3.3032
08/09/2026 12:56:07,2022-09-01 00:00:00,Índice del mercado bursátil colombiano - COLCAP,1224,-4.33,-0.3525
08/09/2026 12:56:07,2022-09-02 00:00:00,Índice del mercado bursátil colombiano - COLCAP,1232.91,8.91,0.7279
08/09/2026 12:56:07,2022-09-05 00:00:00,Índice del mercado bursátil colombiano - COLCAP,1236.74,3.83,0.3106
08/09/2026 12:56:07,2022-09-06 00:00:00,Índice del mercado bursátil colombiano - COLCAP,1227.08,-9.66,-0.7811
08/09/2026 12:56:07,2022-09-07 00:00:00,Índice del mercado bursátil colombiano - COLCAP,1210.3,-16.78,-1.3675
08/09/2026 12:56:07,2022-09-08 00:00:00,Índice del mercado bursátil colombiano - COLCAP,1202.96,-7.34,-0.6065
08/09/2026 12:56:07,2022-09-09 00:00:00,Índice del mercado bursátil colombiano - COLCAP,1222.51,19.55,1.6252
08/09/2026 12:56:07,2022-09-12 00:00:00,Índice del mercado bursátil colombiano - COLCAP,1235.54,13.03,1.0658
08/09/2026 12:56:07,2022-09-13 00:00:00,Índice del mercado bursátil colombiano - COLCAP,1228.09,-7.45,-0.603
08/09/2026 12:56:07,2022-09-14 00:00:00,Índice del mercado bursátil colombiano - COLCAP,1218.76,-9.33,-0.7597
08/09/2026 12:56:07,2022-09-15 00:00:00,Índice del mercado bursátil colombiano - COLCAP,1213.7,-5.06,-0.4152
08/09/2026 12:56:07,2022-09-16 00:00:00,Índice del mercado bursátil colombiano - COLCAP,1209.58,-4.12,-0.3395
08/09/2026 12:56:07,2022-09-19 00:00:00,Índice del mercado bursátil colombiano - COLCAP,1205.45,-4.13,-0.3414
08/09/2026 12:56:07,2022-09-20 00:00:00,Índice del mercado bursátil colombiano - COLCAP,1194.83,-10.62,-0.881
08/09/2026 12:56:07,2022-09-21 00:00:00,Índice del mercado bursátil colombiano - COLCAP,1197.75,2.92,0.2444
08/09/2026 12:56:07,2022-09-22 00:00:00,Índice del mercado bursátil colombiano - COLCAP,1201.61,3.86,0.3223
08/09/2026 12:56:07,2022-09-23 00:00:00,Índice del mercado bursátil colombiano - COLCAP,1157.27,-44.34,-3.69
08/09/2026 12:56:07,2022-09-26 00:00:00,Índice del mercado bursátil colombiano - COLCAP,1112.84,-44.43,-3.8392
08/09/2026 12:56:07,2022-09-27 00:00:00,Índice del mercado bursátil colombiano - COLCAP,1123.81,10.97,0.9858
08/09/2026 12:56:07,2022-09-28 00:00:00,Índice del mercado bursátil colombiano - COLCAP,1130.35,6.54,0.5819
08/09/2026 12:56:07,2022-09-29 00:00:00,Índice del mercado bursátil colombiano - COLCAP,1135.78,5.43,0.4804
08/09/2026 12:56:07,2022-09-30 00:00:00,Índice del mercado bursátil colombiano - COLCAP,1128.24,-7.54,-0.6639
08/09/2026 12:56:07,2022-10-03 00:00:00,Índice del mercado bursátil colombiano - COLCAP,1145.38,17.14,1.5192
08/09/2026 12:56:07,2022-10-04 00:00:00,Índice del mercado bursátil colombiano - COLCAP,1197.44,52.06,4.5452
08/09/2026 12:56:07,2022-10-05 00:00:00,Índice del mercado bursátil colombiano - COLCAP,1215.36,17.92,1.4965
08/09/2026 12:56:07,2022-10-06 00:00:00,Índice del mercado bursátil colombiano - COLCAP,1218.15,2.79,0.2296
08/09/2026 12:56:07,2022-10-07 00:00:00,Índice del mercado bursátil colombiano - COLCAP,1209.1,-9.05,-0.7429
08/09/2026 12:56:07,2022-10-10 00:00:00,Índice del mercado bursátil colombiano - COLCAP,1198.83,-10.27,-0.8494
08/09/2026 12:56:07,2022-10-11 00:00:00,Índice del mercado bursátil colombiano - COLCAP,1180.9,-17.93,-1.4956
08/09/2026 12:56:07,2022-10-12 00:00:00,Índice del mercado bursátil colombiano - COLCAP,1176.64,-4.26,-0.3607
08/09/2026 12:56:07,2022-10-13 00:00:00,Índice del mercado bursátil colombiano - COLCAP,1177.65,1.01,0.0858
08/09/2026 12:56:07,2022-10-14 00:00:00,Índice del mercado bursátil colombiano - COLCAP,1168.32,-9.33,-0.7923
08/09/2026 12:56:07,2022-10-18 00:00:00,Índice del mercado bursátil colombiano - COLCAP,1188.74,20.42,1.7478
08/09/2026 12:56:07,2022-10-19 00:00:00,Índice del mercado bursátil colombiano - COLCAP,1197.4,8.66,0.7285
08/09/2026 12:56:07,2022-10-20 00:00:00,Índice del mercado bursátil colombiano - COLCAP,1222.63,25.23,2.1071
08/09/2026 12:56:07,2022-10-21 00:00:00,Índice del mercado bursátil colombiano - COLCAP,1231.64,9.01,0.7369
08/09/2026 12:56:07,2022-10-24 00:00:00,Índice del mercado bursátil colombiano - COLCAP,1195.68,-35.96,-2.9197
08/09/2026 12:56:07,2022-10-25 00:00:00,Índice del mercado bursátil colombiano - COLCAP,1209.12,13.44,1.124
08/09/2026 12:56:07,2022-10-26 00:00:00,Índice del mercado bursátil colombiano - COLCAP,1202,-7.12,-0.5889
08/09/2026 12:56:07,2022-10-27 00:00:00,Índice del mercado bursátil colombiano - COLCAP,1211.76,9.76,0.812
08/09/2026 12:56:07,2022-10-28 00:00:00,Índice del mercado bursátil colombiano - COLCAP,1219.69,7.93,0.6544
08/09/2026 12:56:07,2022-10-31 00:00:00,Índice del mercado bursátil colombiano - COLCAP,1231.52,11.83,0.9699
08/09/2026 12:56:07,2022-11-01 00:00:00,Índice del mercado bursátil colombiano - COLCAP,1254.39,22.87,1.8571
08/09/2026 12:56:07,2022-11-02 00:00:00,Índice del mercado bursátil colombiano - COLCAP,1245.1,-9.29,-0.7406
08/09/2026 12:56:07,2022-11-03 00:00:00,Índice del mercado bursátil colombiano - COLCAP,1215.51,-29.59,-2.3765
08/09/2026 12:56:07,2022-11-04 00:00:00,Índice del mercado bursátil colombiano - COLCAP,1244.24,28.73,2.3636
08/09/2026 12:56:07,2022-11-08 00:00:00,Índice del mercado bursátil colombiano - COLCAP,1252.67,8.43,0.6775
08/09/2026 12:56:07,2022-11-09 00:00:00,Índice del mercado bursátil colombiano - COLCAP,1249.55,-3.12,-0.2491
08/09/2026 12:56:07,2022-11-10 00:00:00,Índice del mercado bursátil colombiano - COLCAP,1278.26,28.71,2.2976
08/09/2026 12:56:07,2022-11-11 00:00:00,Índice del mercado bursátil colombiano - COLCAP,1266.56,-11.7,-0.9153
08/09/2026 12:56:07,2022-11-15 00:00:00,Índice del mercado bursátil colombiano - COLCAP,1285.29,18.73,1.4788
08/09/2026 12:56:07,2022-11-16 00:00:00,Índice del mercado bursátil colombiano - COLCAP,1279,-6.29,-0.4894
08/09/2026 12:56:07,2022-11-17 00:00:00,Índice del mercado bursátil colombiano - COLCAP,1295.81,16.81,1.3143
08/09/2026 12:56:07,2022-11-18 00:00:00,Índice del mercado bursátil colombiano - COLCAP,1282.68,-13.13,-1.0133
08/09/2026 12:56:07,2022-11-21 00:00:00,Índice del mercado bursátil colombiano - COLCAP,1231.54,-51.14,-3.987
08/09/2026 12:56:07,2022-11-22 00:00:00,Índice del mercado bursátil colombiano - COLCAP,1255.82,24.28,1.9715
08/09/2026 12:56:07,2022-11-23 00:00:00,Índice del mercado bursátil colombiano - COLCAP,1266,10.18,0.8106
08/09/2026 12:56:07,2022-11-24 00:00:00,Índice del mercado bursátil colombiano - COLCAP,1267.93,1.93,0.1524
08/09/2026 12:56:07,2022-11-25 00:00:00,Índice del mercado bursátil colombiano - COLCAP,1266.25,-1.68,-0.1325
08/09/2026 12:56:07,2022-11-28 00:00:00,Índice del mercado bursátil colombiano - COLCAP,1240.99,-25.26,-1.9949
08/09/2026 12:56:07,2022-11-29 00:00:00,Índice del mercado bursátil colombiano - COLCAP,1248.36,7.37,0.5939
08/09/2026 12:56:07,2022-11-30 00:00:00,Índice del mercado bursátil colombiano - COLCAP,1242.63,-5.73,-0.459
08/09/2026 12:56:07,2022-12-01 00:00:00,Índice del mercado bursátil colombiano - COLCAP,1235.45,-7.18,-0.5778
08/09/2026 12:56:07,2022-12-02 00:00:00,Índice del mercado bursátil colombiano - COLCAP,1240.93,5.48,0.4436
08/09/2026 12:56:07,2022-12-05 00:00:00,Índice del mercado bursátil colombiano - COLCAP,1217.68,-23.25,-1.8736
08/09/2026 12:56:07,2022-12-06 00:00:00,Índice del mercado bursátil colombiano - COLCAP,1236.59,18.91,1.553
08/09/2026 12:56:07,2022-12-07 00:00:00,Índice del mercado bursátil colombiano - COLCAP,1229.65,-6.94,-0.5612
08/09/2026 12:56:07,2022-12-09 00:00:00,Índice del mercado bursátil colombiano - COLCAP,1236.18,6.53,0.531
08/09/2026 12:56:07,2022-12-12 00:00:00,Índice del mercado bursátil colombiano - COLCAP,1226.87,-9.31,-0.7531
08/09/2026 12:56:07,2022-12-13 00:00:00,Índice del mercado bursátil colombiano - COLCAP,1229.69,2.82,0.2299
08/09/2026 12:56:07,2022-12-14 00:00:00,Índice del mercado bursátil colombiano - COLCAP,1230.37,0.68,0.0553
08/09/2026 12:56:07,2022-12-15 00:00:00,Índice del mercado bursátil colombiano - COLCAP,1222.46,-7.91,-0.6429
08/09/2026 12:56:07,2022-12-16 00:00:00,Índice del mercado bursátil colombiano - COLCAP,1211.59,-10.87,-0.8892
08/09/2026 12:56:07,2022-12-19 00:00:00,Índice del mercado bursátil colombiano - COLCAP,1215.44,3.85,0.3178
08/09/2026 12:56:07,2022-12-20 00:00:00,Índice del mercado bursátil colombiano - COLCAP,1227.62,12.18,1.0021
08/09/2026 12:56:07,2022-12-21 00:00:00,Índice del mercado bursátil colombiano - COLCAP,1249.84,22.22,1.81
08/09/2026 12:56:07,2022-12-22 00:00:00,Índice del mercado bursátil colombiano - COLCAP,1227.57,-22.27,-1.7818
08/09/2026 12:56:07,2022-12-23 00:00:00,Índice del mercado bursátil colombiano - COLCAP,1252.68,25.11,2.0455
08/09/2026 12:56:07,2022-12-26 00:00:00,Índice del mercado bursátil colombiano - COLCAP,1247.56,-5.12,-0.4087
08/09/2026 12:56:07,2022-12-27 00:00:00,Índice del mercado bursátil colombiano - COLCAP,1260.55,12.99,1.0412
08/09/2026 12:56:07,2022-12-28 00:00:00,Índice del mercado bursátil colombiano - COLCAP,1266.52,5.97,0.4736
08/09/2026 12:56:07,2022-12-29 00:00:00,Índice del mercado bursátil colombiano - COLCAP,1286.07,19.55,1.5436
08/09/2026 12:56:07,2023-01-02 00:00:00,Índice del mercado bursátil colombiano - COLCAP,1283.87,-2.2,-0.1711
08/09/2026 12:56:07,2023-01-03 00:00:00,Índice del mercado bursátil colombiano - COLCAP,1269.56,-14.31,-1.1146
08/09/2026 12:56:07,2023-01-04 00:00:00,Índice del mercado bursátil colombiano - COLCAP,1291.8,22.24,1.7518
08/09/2026 12:56:07,2023-01-05 00:00:00,Índice del mercado bursátil colombiano - COLCAP,1318.74,26.94,2.0855
08/09/2026 12:56:07,2023-01-06 00:00:00,Índice del mercado bursátil colombiano - COLCAP,1326.74,8,0.6066
08/09/2026 12:56:07,2023-01-10 00:00:00,Índice del mercado bursátil colombiano - COLCAP,1334.69,7.95,0.5992
08/09/2026 12:56:07,2023-01-11 00:00:00,Índice del mercado bursátil colombiano - COLCAP,1342.91,8.22,0.6159
08/09/2026 12:56:07,2023-01-12 00:00:00,Índice del mercado bursátil colombiano - COLCAP,1336.65,-6.26,-0.4662
08/09/2026 12:56:07,2023-01-13 00:00:00,Índice del mercado bursátil colombiano - COLCAP,1337.44,0.79,0.0591
08/09/2026 12:56:07,2023-01-16 00:00:00,Índice del mercado bursátil colombiano - COLCAP,1335.15,-2.29,-0.1712
08/09/2026 12:56:07,2023-01-17 00:00:00,Índice del mercado bursátil colombiano - COLCAP,1333.86,-1.29,-0.0966
08/09/2026 12:56:07,2023-01-18 00:00:00,Índice del mercado bursátil colombiano - COLCAP,1337.89,4.03,0.3021
08/09/2026 12:56:07,2023-01-19 00:00:00,Índice del mercado bursátil colombiano - COLCAP,1332.5,-5.39,-0.4029
08/09/2026 12:56:07,2023-01-20 00:00:00,Índice del mercado bursátil colombiano - COLCAP,1337.4,4.9,0.3677
08/09/2026 12:56:07,2023-01-23 00:00:00,Índice del mercado bursátil colombiano - COLCAP,1331.77,-5.63,-0.421
08/09/2026 12:56:07,2023-01-24 00:00:00,Índice del mercado bursátil colombiano - COLCAP,1310.5,-21.27,-1.5971
08/09/2026 12:56:07,2023-01-25 00:00:00,Índice del mercado bursátil colombiano - COLCAP,1301.28,-9.22,-0.7035
08/09/2026 12:56:07,2023-01-26 00:00:00,Índice del mercado bursátil colombiano - COLCAP,1301.9,0.62,0.0476
08/09/2026 12:56:07,2023-01-27 00:00:00,Índice del mercado bursátil colombiano - COLCAP,1285.89,-16.01,-1.2297
08/09/2026 12:56:07,2023-01-30 00:00:00,Índice del mercado bursátil colombiano - COLCAP,1280.22,-5.67,-0.4409
08/09/2026 12:56:07,2023-01-31 00:00:00,Índice del mercado bursátil colombiano - COLCAP,1290.11,9.89,0.7725
08/09/2026 12:56:07,2023-02-01 00:00:00,Índice del mercado bursátil colombiano - COLCAP,1268.48,-21.63,-1.6766
08/09/2026 12:56:07,2023-02-02 00:00:00,Índice del mercado bursátil colombiano - COLCAP,1260.1,-8.38,-0.6606
08/09/2026 12:56:07,2023-02-03 00:00:00,Índice del mercado bursátil colombiano - COLCAP,1263.25,3.15,0.25
08/09/2026 12:56:07,2023-02-06 00:00:00,Índice del mercado bursátil colombiano - COLCAP,1268.49,5.24,0.4148
08/09/2026 12:56:07,2023-02-07 00:00:00,Índice del mercado bursátil colombiano - COLCAP,1270.09,1.6,0.1261
08/09/2026 12:56:07,2023-02-08 00:00:00,Índice del mercado bursátil colombiano - COLCAP,1264.1,-5.99,-0.4716
08/09/2026 12:56:07,2023-02-09 00:00:00,Índice del mercado bursátil colombiano - COLCAP,1245.63,-18.47,-1.4611
08/09/2026 12:56:07,2023-02-10 00:00:00,Índice del mercado bursátil colombiano - COLCAP,1245.65,0.02,0.0016
08/09/2026 12:56:07,2023-02-13 00:00:00,Índice del mercado bursátil colombiano - COLCAP,1240.18,-5.47,-0.4391
08/09/2026 12:56:07,2023-02-14 00:00:00,Índice del mercado bursátil colombiano - COLCAP,1222.74,-17.44,-1.4062
08/09/2026 12:56:07,2023-02-15 00:00:00,Índice del mercado bursátil colombiano - COLCAP,1219.44,-3.3,-0.2699
08/09/2026 12:56:07,2023-02-16 00:00:00,Índice del mercado bursátil colombiano - COLCAP,1226.34,6.9,0.5658
08/09/2026 12:56:07,2023-02-17 00:00:00,Índice del mercado bursátil colombiano - COLCAP,1209.86,-16.48,-1.3438
08/09/2026 12:56:07,2023-02-20 00:00:00,Índice del mercado bursátil colombiano - COLCAP,1210.92,1.06,0.0876
08/09/2026 12:56:07,2023-02-21 00:00:00,Índice del mercado bursátil colombiano - COLCAP,1198.14,-12.78,-1.0554
08/09/2026 12:56:07,2023-02-22 00:00:00,Índice del mercado bursátil colombiano - COLCAP,1187.55,-10.59,-0.8839
08/09/2026 12:56:07,2023-02-23 00:00:00,Índice del mercado bursátil colombiano - COLCAP,1192.24,4.69,0.3949
08/09/2026 12:56:07,2023-02-24 00:00:00,Índice del mercado bursátil colombiano - COLCAP,1193.54,1.3,0.109
08/09/2026 12:56:07,2023-02-27 00:00:00,Índice del mercado bursátil colombiano - COLCAP,1206.22,12.68,1.0624
08/09/2026 12:56:07,2023-02-28 00:00:00,Índice del mercado bursátil colombiano - COLCAP,1187.56,-18.66,-1.547
08/09/2026 12:56:07,2023-03-01 00:00:00,Índice del mercado bursátil colombiano - COLCAP,1198.89,11.33,0.9541
08/09/2026 12:56:07,2023-03-02 00:00:00,Índice del mercado bursátil colombiano - COLCAP,1189.09,-9.8,-0.8174
08/09/2026 12:56:07,2023-03-03 00:00:00,Índice del mercado bursátil colombiano - COLCAP,1214.55,25.46,2.1411
08/09/2026 12:56:07,2023-03-06 00:00:00,Índice del mercado bursátil colombiano - COLCAP,1235.67,21.12,1.7389
08/09/2026 12:56:07,2023-03-07 00:00:00,Índice del mercado bursátil colombiano - COLCAP,1236.75,1.08,0.0874
08/09/2026 12:56:07,2023-03-08 00:00:00,Índice del mercado bursátil colombiano - COLCAP,1241.44,4.69,0.3792
08/09/2026 12:56:07,2023-03-09 00:00:00,Índice del mercado bursátil colombiano - COLCAP,1210.68,-30.76,-2.4778
08/09/2026 12:56:07,2023-03-10 00:00:00,Índice del mercado bursátil colombiano - COLCAP,1187.27,-23.41,-1.9336
08/09/2026 12:56:07,2023-03-13 00:00:00,Índice del mercado bursátil colombiano - COLCAP,1154.07,-33.2,-2.7963
08/09/2026 12:56:07,2023-03-14 00:00:00,Índice del mercado bursátil colombiano - COLCAP,1156.17,2.1,0.182
08/09/2026 12:56:07,2023-03-15 00:00:00,Índice del mercado bursátil colombiano - COLCAP,1111.75,-44.42,-3.842
08/09/2026 12:56:07,2023-03-16 00:00:00,Índice del mercado bursátil colombiano - COLCAP,1118.43,6.68,0.6009
08/09/2026 12:56:07,2023-03-17 00:00:00,Índice del mercado bursátil colombiano - COLCAP,1110.39,-8.04,-0.7189
08/09/2026 12:56:07,2023-03-21 00:00:00,Índice del mercado bursátil colombiano - COLCAP,1129.63,19.24,1.7327
08/09/2026 12:56:07,2023-03-22 00:00:00,Índice del mercado bursátil colombiano - COLCAP,1121.24,-8.39,-0.7427
08/09/2026 12:56:07,2023-03-23 00:00:00,Índice del mercado bursátil colombiano - COLCAP,1096.92,-24.32,-2.17
08/09/2026 12:56:07,2023-03-24 00:00:00,Índice del mercado bursátil colombiano - COLCAP,1106.24,-9.3,-0.8337
08/09/2026 12:56:07,2023-03-27 00:00:00,Índice del mercado bursátil colombiano - COLCAP,1118.2,11.96,1.0811
08/09/2026 12:56:07,2023-03-28 00:00:00,Índice del mercado bursátil colombiano - COLCAP,1117.41,-0.79,-0.0706
08/09/2026 12:56:07,2023-03-29 00:00:00,Índice del mercado bursátil colombiano - COLCAP,1119.62,2.21,0.1978
08/09/2026 12:56:07,2023-03-30 00:00:00,Índice del mercado bursátil colombiano - COLCAP,1146.36,26.74,2.3883
08/09/2026 12:56:07,2023-03-31 00:00:00,Índice del mercado bursátil colombiano - COLCAP,1157.59,11.23,0.9796
08/09/2026 12:56:07,2023-04-03 00:00:00,Índice del mercado bursátil colombiano - COLCAP,1183.2,25.61,2.2124
08/09/2026 12:56:07,2023-04-04 00:00:00,Índice del mercado bursátil colombiano - COLCAP,1178.51,-4.69,-0.3964
08/09/2026 12:56:07,2023-04-05 00:00:00,Índice del mercado bursátil colombiano - COLCAP,1193.57,15.06,1.2779
08/09/2026 12:56:07,2023-04-10 00:00:00,Índice del mercado bursátil colombiano - COLCAP,1200.34,6.77,0.5672
08/09/2026 12:56:07,2023-04-11 00:00:00,Índice del mercado bursátil colombiano - COLCAP,1221.42,21.08,1.7562
08/09/2026 12:56:07,2023-04-12 00:00:00,Índice del mercado bursátil colombiano - COLCAP,1232.2,10.78,0.8826
08/09/2026 12:56:07,2023-04-13 00:00:00,Índice del mercado bursátil colombiano - COLCAP,1240.27,8.07,0.6549
08/09/2026 12:56:07,2023-04-14 00:00:00,Índice del mercado bursátil colombiano - COLCAP,1253.29,13.02,1.0498
08/09/2026 12:56:07,2023-04-17 00:00:00,Índice del mercado bursátil colombiano - COLCAP,1257.24,3.95,0.3152
08/09/2026 12:56:07,2023-04-18 00:00:00,Índice del mercado bursátil colombiano - COLCAP,1255.16,-2.08,-0.1654
08/09/2026 12:56:07,2023-04-19 00:00:00,Índice del mercado bursátil colombiano - COLCAP,1247.97,-7.19,-0.5728
08/09/2026 12:56:07,2023-04-20 00:00:00,Índice del mercado bursátil colombiano - COLCAP,1244.77,-3.2,-0.2564
08/09/2026 12:56:07,2023-04-21 00:00:00,Índice del mercado bursátil colombiano - COLCAP,1215.94,-28.83,-2.3161
08/09/2026 12:56:07,2023-04-24 00:00:00,Índice del mercado bursátil colombiano - COLCAP,1225.26,9.32,0.7665
08/09/2026 12:56:07,2023-04-25 00:00:00,Índice del mercado bursátil colombiano - COLCAP,1197.65,-27.61,-2.2534
08/09/2026 12:56:07,2023-04-26 00:00:00,Índice del mercado bursátil colombiano - COLCAP,1185.6,-12.05,-1.0061
08/09/2026 12:56:07,2023-04-27 00:00:00,Índice del mercado bursátil colombiano - COLCAP,1167.51,-18.09,-1.5258
08/09/2026 12:56:07,2023-04-28 00:00:00,Índice del mercado bursátil colombiano - COLCAP,1198.81,31.3,2.6809
08/09/2026 12:56:07,2023-05-02 00:00:00,Índice del mercado bursátil colombiano - COLCAP,1157.99,-40.82,-3.405
08/09/2026 12:56:07,2023-05-03 00:00:00,Índice del mercado bursátil colombiano - COLCAP,1158.68,0.69,0.0596
08/09/2026 12:56:07,2023-05-04 00:00:00,Índice del mercado bursátil colombiano - COLCAP,1158.6,-0.08,-0.0069
08/09/2026 12:56:07,2023-05-05 00:00:00,Índice del mercado bursátil colombiano - COLCAP,1164.18,5.58,0.4816
08/09/2026 12:56:07,2023-05-08 00:00:00,Índice del mercado bursátil colombiano - COLCAP,1157.44,-6.74,-0.5789
08/09/2026 12:56:07,2023-05-09 00:00:00,Índice del mercado bursátil colombiano - COLCAP,1159.53,2.09,0.1806
08/09/2026 12:56:07,2023-05-10 00:00:00,Índice del mercado bursátil colombiano - COLCAP,1160.15,0.62,0.0535
08/09/2026 12:56:07,2023-05-11 00:00:00,Índice del mercado bursátil colombiano - COLCAP,1143.42,-16.73,-1.4421
08/09/2026 12:56:07,2023-05-12 00:00:00,Índice del mercado bursátil colombiano - COLCAP,1159.12,15.7,1.3731
08/09/2026 12:56:07,2023-05-15 00:00:00,Índice del mercado bursátil colombiano - COLCAP,1148.13,-10.99,-0.9481
08/09/2026 12:56:07,2023-05-16 00:00:00,Índice del mercado bursátil colombiano - COLCAP,1137.65,-10.48,-0.9128
08/09/2026 12:56:07,2023-05-17 00:00:00,Índice del mercado bursátil colombiano - COLCAP,1134.23,-3.42,-0.3006
08/09/2026 12:56:07,2023-05-18 00:00:00,Índice del mercado bursátil colombiano - COLCAP,1136.76,2.53,0.2231
08/09/2026 12:56:07,2023-05-19 00:00:00,Índice del mercado bursátil colombiano - COLCAP,1123.9,-12.86,-1.1313
08/09/2026 12:56:07,2023-05-23 00:00:00,Índice del mercado bursátil colombiano - COLCAP,1122.65,-1.25,-0.1112
08/09/2026 12:56:07,2023-05-24 00:00:00,Índice del mercado bursátil colombiano - COLCAP,1110.71,-11.94,-1.0636
08/09/2026 12:56:07,2023-05-25 00:00:00,Índice del mercado bursátil colombiano - COLCAP,1098.6,-12.11,-1.0903
08/09/2026 12:56:07,2023-05-26 00:00:00,Índice del mercado bursátil colombiano - COLCAP,1100.97,2.37,0.2157
08/09/2026 12:56:07,2023-05-29 00:00:00,Índice del mercado bursátil colombiano - COLCAP,1101.47,0.5,0.0454
08/09/2026 12:56:07,2023-05-30 00:00:00,Índice del mercado bursátil colombiano - COLCAP,1092.64,-8.83,-0.8017
08/09/2026 12:56:07,2023-05-31 00:00:00,Índice del mercado bursátil colombiano - COLCAP,1099.03,6.39,0.5848
08/09/2026 12:56:07,2023-06-01 00:00:00,Índice del mercado bursátil colombiano - COLCAP,1117.93,18.9,1.7197
08/09/2026 12:56:07,2023-06-02 00:00:00,Índice del mercado bursátil colombiano - COLCAP,1147.97,30.04,2.6871
08/09/2026 12:56:07,2023-06-05 00:00:00,Índice del mercado bursátil colombiano - COLCAP,1151.72,3.75,0.3267
08/09/2026 12:56:07,2023-06-06 00:00:00,Índice del mercado bursátil colombiano - COLCAP,1193.83,42.11,3.6563
08/09/2026 12:56:07,2023-06-07 00:00:00,Índice del mercado bursátil colombiano - COLCAP,1199.68,5.85,0.49
08/09/2026 12:56:07,2023-06-08 00:00:00,Índice del mercado bursátil colombiano - COLCAP,1190.76,-8.92,-0.7435
08/09/2026 12:56:07,2023-06-09 00:00:00,Índice del mercado bursátil colombiano - COLCAP,1183.97,-6.79,-0.5702
08/09/2026 12:56:07,2023-06-13 00:00:00,Índice del mercado bursátil colombiano - COLCAP,1185.36,1.39,0.1174
08/09/2026 12:56:07,2023-06-14 00:00:00,Índice del mercado bursátil colombiano - COLCAP,1178.28,-7.08,-0.5973
08/09/2026 12:56:07,2023-06-15 00:00:00,Índice del mercado bursátil colombiano - COLCAP,1178.54,0.26,0.0221
08/09/2026 12:56:07,2023-06-16 00:00:00,Índice del mercado bursátil colombiano - COLCAP,1173.9,-4.64,-0.3937
08/09/2026 12:56:07,2023-06-20 00:00:00,Índice del mercado bursátil colombiano - COLCAP,1161.07,-12.83,-1.0929
08/09/2026 12:56:07,2023-06-21 00:00:00,Índice del mercado bursátil colombiano - COLCAP,1151.83,-9.24,-0.7958
08/09/2026 12:56:07,2023-06-22 00:00:00,Índice del mercado bursátil colombiano - COLCAP,1141.67,-10.16,-0.8821
08/09/2026 12:56:07,2023-06-23 00:00:00,Índice del mercado bursátil colombiano - COLCAP,1133.54,-8.13,-0.7121
08/09/2026 12:56:07,2023-06-26 00:00:00,Índice del mercado bursátil colombiano - COLCAP,1138.45,4.91,0.4332
08/09/2026 12:56:07,2023-06-27 00:00:00,Índice del mercado bursátil colombiano - COLCAP,1129.51,-8.94,-0.7853
08/09/2026 12:56:07,2023-06-28 00:00:00,Índice del mercado bursátil colombiano - COLCAP,1127.37,-2.14,-0.1895
08/09/2026 12:56:07,2023-06-29 00:00:00,Índice del mercado bursátil colombiano - COLCAP,1130.93,3.56,0.3158
08/09/2026 12:56:07,2023-06-30 00:00:00,Índice del mercado bursátil colombiano - COLCAP,1133.6,2.67,0.2361
08/09/2026 12:56:07,2023-07-04 00:00:00,Índice del mercado bursátil colombiano - COLCAP,1134.27,0.67,0.0591
08/09/2026 12:56:07,2023-07-05 00:00:00,Índice del mercado bursátil colombiano - COLCAP,1121.71,-12.56,-1.1073
08/09/2026 12:56:07,2023-07-06 00:00:00,Índice del mercado bursátil colombiano - COLCAP,1115.02,-6.69,-0.5964
08/09/2026 12:56:07,2023-07-07 00:00:00,Índice del mercado bursátil colombiano - COLCAP,1133.11,18.09,1.6224
08/09/2026 12:56:07,2023-07-10 00:00:00,Índice del mercado bursátil colombiano - COLCAP,1130.84,-2.27,-0.2003
08/09/2026 12:56:07,2023-07-11 00:00:00,Índice del mercado bursátil colombiano - COLCAP,1147.86,17.02,1.5051
08/09/2026 12:56:07,2023-07-12 00:00:00,Índice del mercado bursátil colombiano - COLCAP,1162.39,14.53,1.2658
08/09/2026 12:56:07,2023-07-13 00:00:00,Índice del mercado bursátil colombiano - COLCAP,1173.36,10.97,0.9437
08/09/2026 12:56:07,2023-07-14 00:00:00,Índice del mercado bursátil colombiano - COLCAP,1164.2,-9.16,-0.7807
08/09/2026 12:56:07,2023-07-17 00:00:00,Índice del mercado bursátil colombiano - COLCAP,1160.14,-4.06,-0.3487
08/09/2026 12:56:07,2023-07-18 00:00:00,Índice del mercado bursátil colombiano - COLCAP,1169.79,9.65,0.8318
08/09/2026 12:56:07,2023-07-19 00:00:00,Índice del mercado bursátil colombiano - COLCAP,1173.75,3.96,0.3385
08/09/2026 12:56:07,2023-07-21 00:00:00,Índice del mercado bursátil colombiano - COLCAP,1172.85,-0.9,-0.0767
08/09/2026 12:56:07,2023-07-24 00:00:00,Índice del mercado bursátil colombiano - COLCAP,1172.41,-0.44,-0.0375
08/09/2026 12:56:07,2023-07-25 00:00:00,Índice del mercado bursátil colombiano - COLCAP,1171.24,-1.17,-0.0998
08/09/2026 12:56:07,2023-07-26 00:00:00,Índice del mercado bursátil colombiano - COLCAP,1164.32,-6.92,-0.5908
08/09/2026 12:56:07,2023-07-27 00:00:00,Índice del mercado bursátil colombiano - COLCAP,1166.84,2.52,0.2164
08/09/2026 12:56:07,2023-07-28 00:00:00,Índice del mercado bursátil colombiano - COLCAP,1161.83,-5.01,-0.4294
08/09/2026 12:56:07,2023-07-31 00:00:00,Índice del mercado bursátil colombiano - COLCAP,1174.62,12.79,1.1
08/09/2026 12:56:07,2023-08-01 00:00:00,Índice del mercado bursátil colombiano - COLCAP,1178.85,4.15,0.3533
08/09/2026 12:56:07,2023-08-02 00:00:00,Índice del mercado bursátil colombiano - COLCAP,1160.9,-17.95,-1.5227
08/09/2026 12:56:07,2023-08-03 00:00:00,Índice del mercado bursátil colombiano - COLCAP,1173.89,12.99,1.119
08/09/2026 12:56:07,2023-08-04 00:00:00,Índice del mercado bursátil colombiano - COLCAP,1172.92,-0.97,-0.08
08/09/2026 12:56:07,2023-08-08 00:00:00,Índice del mercado bursátil colombiano - COLCAP,1173.4,3.17,0.2709
08/09/2026 12:56:07,2023-08-09 00:00:00,Índice del mercado bursátil colombiano - COLCAP,1166.07,-7.33,-0.6247
08/09/2026 12:56:07,2023-08-10 00:00:00,Índice del mercado bursátil colombiano - COLCAP,1152.82,-13.25,-1.1363
08/09/2026 12:56:07,2023-08-11 00:00:00,Índice del mercado bursátil colombiano - COLCAP,1147.5,-5.32,-0.4615
08/09/2026 12:56:07,2023-08-14 00:00:00,Índice del mercado bursátil colombiano - COLCAP,1145.53,-1.97,-0.1717
08/09/2026 12:56:07,2023-08-15 00:00:00,Índice del mercado bursátil colombiano - COLCAP,1130.14,-15.39,-1.3435
08/09/2026 12:56:07,2023-08-16 00:00:00,Índice del mercado bursátil colombiano - COLCAP,1143.55,13.41,1.1866
08/09/2026 12:56:07,2023-08-17 00:00:00,Índice del mercado bursátil colombiano - COLCAP,1134.99,-8.56,-0.7485
08/09/2026 12:56:07,2023-08-18 00:00:00,Índice del mercado bursátil colombiano - COLCAP,1132.66,-2.33,-0.2053
08/09/2026 12:56:07,2023-08-22 00:00:00,Índice del mercado bursátil colombiano - COLCAP,1115.74,-16.92,-1.4938
08/09/2026 12:56:07,2023-08-23 00:00:00,Índice del mercado bursátil colombiano - COLCAP,1099.55,-16.19,-1.4511
08/09/2026 12:56:07,2023-08-24 00:00:00,Índice del mercado bursátil colombiano - COLCAP,1101.11,1.56,0.1419
08/09/2026 12:56:07,2023-08-25 00:00:00,Índice del mercado bursátil colombiano - COLCAP,1101.64,0.53,0.0481
08/09/2026 12:56:07,2023-08-28 00:00:00,Índice del mercado bursátil colombiano - COLCAP,1104.31,2.67,0.2424
08/09/2026 12:56:07,2023-08-29 00:00:00,Índice del mercado bursátil colombiano - COLCAP,1111.25,6.94,0.6284
08/09/2026 12:56:07,2023-08-30 00:00:00,Índice del mercado bursátil colombiano - COLCAP,1114.86,3.61,0.3249
08/09/2026 12:56:07,2023-08-31 00:00:00,Índice del mercado bursátil colombiano - COLCAP,1076.12,-38.74,-3.4749
08/09/2026 12:56:07,2023-09-01 00:00:00,Índice del mercado bursátil colombiano - COLCAP,1084.71,8.59,0.7982
08/09/2026 12:56:07,2023-09-04 00:00:00,Índice del mercado bursátil colombiano - COLCAP,1077.55,-7.16,-0.6601
08/09/2026 12:56:07,2023-09-05 00:00:00,Índice del mercado bursátil colombiano - COLCAP,1051.18,-26.37,-2.4472
08/09/2026 12:56:07,2023-09-06 00:00:00,Índice del mercado bursátil colombiano - COLCAP,1046.7,-4.48,-0.4262
08/09/2026 12:56:07,2023-09-07 00:00:00,Índice del mercado bursátil colombiano - COLCAP,1063.29,16.59,1.585
08/09/2026 12:56:07,2023-09-08 00:00:00,Índice del mercado bursátil colombiano - COLCAP,1069.14,5.85,0.5502
08/09/2026 12:56:07,2023-09-11 00:00:00,Índice del mercado bursátil colombiano - COLCAP,1062.97,-6.17,-0.5771
08/09/2026 12:56:07,2023-09-12 00:00:00,Índice del mercado bursátil colombiano - COLCAP,1083.7,20.73,1.9502
08/09/2026 12:56:07,2023-09-13 00:00:00,Índice del mercado bursátil colombiano - COLCAP,1077.85,-5.85,-0.5398
08/09/2026 12:56:07,2023-09-14 00:00:00,Índice del mercado bursátil colombiano - COLCAP,1082.66,4.81,0.4463
08/09/2026 12:56:07,2023-09-15 00:00:00,Índice del mercado bursátil colombiano - COLCAP,1098.66,16,1.4778
08/09/2026 12:56:07,2023-09-18 00:00:00,Índice del mercado bursátil colombiano - COLCAP,1100.01,1.35,0.12
08/09/2026 12:56:07,2023-09-19 00:00:00,Índice del mercado bursátil colombiano - COLCAP,1104.73,4.72,0.4291
08/09/2026 12:56:07,2023-09-20 00:00:00,Índice del mercado bursátil colombiano - COLCAP,1107.85,0.78,0.0705
08/09/2026 12:56:07,2023-09-21 00:00:00,Índice del mercado bursátil colombiano - COLCAP,1095.53,-13.35,-1.2
08/09/2026 12:56:07,2023-09-22 00:00:00,Índice del mercado bursátil colombiano - COLCAP,1091.2,-5.1,-0.4652
08/09/2026 12:56:07,2023-09-25 00:00:00,Índice del mercado bursátil colombiano - COLCAP,1100.33,9.8,0.9
08/09/2026 12:56:07,2023-09-26 00:00:00,Índice del mercado bursátil colombiano - COLCAP,1089.57,-10.76,-0.9779
08/09/2026 12:56:07,2023-09-27 00:00:00,Índice del mercado bursátil colombiano - COLCAP,1107.59,25.04,2.3131
08/09/2026 12:56:07,2023-09-28 00:00:00,Índice del mercado bursátil colombiano - COLCAP,1117.7,10.11,0.9128
08/09/2026 12:56:07,2023-09-29 00:00:00,Índice del mercado bursátil colombiano - COLCAP,1121.64,3.94,0.3525
08/09/2026 12:56:07,2023-10-02 00:00:00,Índice del mercado bursátil colombiano - COLCAP,1112.09,-9.55,-0.8514
08/09/2026 12:56:07,2023-10-03 00:00:00,Índice del mercado bursátil colombiano - COLCAP,1102.46,-9.63,-0.8659
08/09/2026 12:56:07,2023-10-04 00:00:00,Índice del mercado bursátil colombiano - COLCAP,1097.31,-5.15,-0.47
08/09/2026 12:56:07,2023-10-05 00:00:00,Índice del mercado bursátil colombiano - COLCAP,1092.4,-11.9,-1.0776
08/09/2026 12:56:07,2023-10-06 00:00:00,Índice del mercado bursátil colombiano - COLCAP,1101.97,9.57,0.8761
08/09/2026 12:56:07,2023-10-09 00:00:00,Índice del mercado bursátil colombiano - COLCAP,1118.25,16.28,1.4774
08/09/2026 12:56:07,2023-10-10 00:00:00,Índice del mercado bursátil colombiano - COLCAP,1114.76,-3.49,-0.3121
08/09/2026 12:56:07,2023-10-11 00:00:00,Índice del mercado bursátil colombiano - COLCAP,1114.2,-0.56,-0.0502
08/09/2026 12:56:07,2023-10-12 00:00:00,Índice del mercado bursátil colombiano - COLCAP,1112.09,-2.11,-0.1894
08/09/2026 12:56:07,2023-10-13 00:00:00,Índice del mercado bursátil colombiano - COLCAP,1116.29,4.2,0.3777
08/09/2026 12:56:07,2023-10-17 00:00:00,Índice del mercado bursátil colombiano - COLCAP,1119.19,2.9,0.2598
08/09/2026 12:56:07,2023-10-18 00:00:00,Índice del mercado bursátil colombiano - COLCAP,1134.48,15.29,1.3662
08/09/2026 12:56:07,2023-10-19 00:00:00,Índice del mercado bursátil colombiano - COLCAP,1125.6,-8.88,-0.7827
08/09/2026 12:56:07,2023-10-20 00:00:00,Índice del mercado bursátil colombiano - COLCAP,1117.42,-8.18,-0.7267
08/09/2026 12:56:07,2023-10-23 00:00:00,Índice del mercado bursátil colombiano - COLCAP,1108.63,-8.79,-0.7866
08/09/2026 12:56:07,2023-10-24 00:00:00,Índice del mercado bursátil colombiano - COLCAP,1105.76,-2.87,-0.2589
08/09/2026 12:56:07,2023-10-25 00:00:00,Índice del mercado bursátil colombiano - COLCAP,1104.19,-1.57,-0.142
08/09/2026 12:56:07,2023-10-26 00:00:00,Índice del mercado bursátil colombiano - COLCAP,1083.95,-20.24,-1.833
08/09/2026 12:56:07,2023-10-27 00:00:00,Índice del mercado bursátil colombiano - COLCAP,1093.84,9.89,0.9124
08/09/2026 12:56:07,2023-10-30 00:00:00,Índice del mercado bursátil colombiano - COLCAP,1088.69,-5.15,-0.4708
08/09/2026 12:56:07,2023-10-31 00:00:00,Índice del mercado bursátil colombiano - COLCAP,1088.15,-0.54,-0.0496
08/09/2026 12:56:07,2023-11-01 00:00:00,Índice del mercado bursátil colombiano - COLCAP,1088.39,0,0
08/09/2026 12:56:07,2023-11-02 00:00:00,Índice del mercado bursátil colombiano - COLCAP,1097.53,9.14,0.839772508016428
08/09/2026 12:56:07,2023-11-03 00:00:00,Índice del mercado bursátil colombiano - COLCAP,1098.75,1.22,0.111158692700883
08/09/2026 12:56:07,2023-11-07 00:00:00,Índice del mercado bursátil colombiano - COLCAP,1093.71,-5.04,-0.458703071672355
08/09/2026 12:56:07,2023-11-08 00:00:00,Índice del mercado bursátil colombiano - COLCAP,1098.62,4.91,0.448930703751451
08/09/2026 12:56:07,2023-11-09 00:00:00,Índice del mercado bursátil colombiano - COLCAP,1104.44,5.82,0.529755511459831
08/09/2026 12:56:07,2023-11-10 00:00:00,Índice del mercado bursátil colombiano - COLCAP,1102.93,-1.51,-0.136720872116186
08/09/2026 12:56:07,2023-11-14 00:00:00,Índice del mercado bursátil colombiano - COLCAP,1107.45,4.52,0.409817486150526
08/09/2026 12:56:07,2023-11-15 00:00:00,Índice del mercado bursátil colombiano - COLCAP,1110.09,2.64,0.238385480157118
08/09/2026 12:56:07,2023-11-16 00:00:00,Índice del mercado bursátil colombiano - COLCAP,1108.56,-1.53,-0.137826662703024
08/09/2026 12:56:07,2023-11-17 00:00:00,Índice del mercado bursátil colombiano - COLCAP,1125.22,16.66,1.50285054485098
08/09/2026 12:56:07,2023-11-20 00:00:00,Índice del mercado bursátil colombiano - COLCAP,1125.16,-0.06,-0.005332290574288
08/09/2026 12:56:07,2023-11-21 00:00:00,Índice del mercado bursátil colombiano - COLCAP,1128.61,3.45,0.306623058053966
08/09/2026 12:56:07,2023-11-22 00:00:00,Índice del mercado bursátil colombiano - COLCAP,1131.96,3.35,0.296825298375878
08/09/2026 12:56:07,2023-11-23 00:00:00,Índice del mercado bursátil colombiano - COLCAP,1127.81,-4.15,-0.366620728647655
08/09/2026 12:56:07,2023-11-24 00:00:00,Índice del mercado bursátil colombiano - COLCAP,1135.46,7.65,0.678305742988624
08/09/2026 12:56:07,2023-11-27 00:00:00,Índice del mercado bursátil colombiano - COLCAP,1127.74,-7.72,-0.679900657002448
08/09/2026 12:56:07,2023-11-28 00:00:00,Índice del mercado bursátil colombiano - COLCAP,1127.81,0.07,0.006207104474436
08/09/2026 12:56:07,2023-11-29 00:00:00,Índice del mercado bursátil colombiano - COLCAP,1138.69,10.88,0.964701501139376
08/09/2026 12:56:07,2023-11-30 00:00:00,Índice del mercado bursátil colombiano - COLCAP,1146.87,8.18,0.718369354257963
08/09/2026 12:56:07,2023-12-01 00:00:00,Índice del mercado bursátil colombiano - COLCAP,1151.79,4.92,0.428993695885323
08/09/2026 12:56:07,2023-12-04 00:00:00,Índice del mercado bursátil colombiano - COLCAP,1156.33,4.54,0.394169075960027
08/09/2026 12:56:07,2023-12-05 00:00:00,Índice del mercado bursátil colombiano - COLCAP,1150.1,-6.23,-0.538773533506871
08/09/2026 12:56:07,2023-12-06 00:00:00,Índice del mercado bursátil colombiano - COLCAP,1134.17,-15.93,-1.38509694809147
08/09/2026 12:56:07,2023-12-07 00:00:00,Índice del mercado bursátil colombiano - COLCAP,1145.28,11.11,0.979570963788497
08/09/2026 12:56:07,2023-12-11 00:00:00,Índice del mercado bursátil colombiano - COLCAP,1141.41,-3.87,-0.337908633696563
08/09/2026 12:56:07,2023-12-12 00:00:00,Índice del mercado bursátil colombiano - COLCAP,1149.28,7.87,0.689498076939925
08/09/2026 12:56:07,2023-12-13 00:00:00,Índice del mercado bursátil colombiano - COLCAP,1165.85,16.57,1.44177224001114
08/09/2026 12:56:07,2023-12-14 00:00:00,Índice del mercado bursátil colombiano - COLCAP,1174.7,8.85,0.759102800531801
08/09/2026 12:56:07,2023-12-15 00:00:00,Índice del mercado bursátil colombiano - COLCAP,1162.58,-12.12,-1.03175278794586
08/09/2026 12:56:07,2023-12-18 00:00:00,Índice del mercado bursátil colombiano - COLCAP,1163.33,0.75,0.064511689518141
08/09/2026 12:56:07,2023-12-19 00:00:00,Índice del mercado bursátil colombiano - COLCAP,1169.27,5.94,0.510603182244075
08/09/2026 12:56:07,2023-12-20 00:00:00,Índice del mercado bursátil colombiano - COLCAP,1162.66,-6.61,-0.565309979730943
08/09/2026 12:56:07,2023-12-21 00:00:00,Índice del mercado bursátil colombiano - COLCAP,1166.07,3.41,0.293292966129393
08/09/2026 12:56:07,2023-12-22 00:00:00,Índice del mercado bursátil colombiano - COLCAP,1170.34,4.27,0.366187278636789
08/09/2026 12:56:07,2023-12-26 00:00:00,Índice del mercado bursátil colombiano - COLCAP,1183.84,13.5,1.15351094553719
08/09/2026 12:56:07,2023-12-27 00:00:00,Índice del mercado bursátil colombiano - COLCAP,1188.17,4.33,0.365758886335991
08/09/2026 12:56:07,2023-12-28 00:00:00,Índice del mercado bursátil colombiano - COLCAP,1195.2,7.03,0.591666175715596
08/09/2026 12:56:07,2024-01-02 00:00:00,Índice del mercado bursátil colombiano - COLCAP,1222.5,27.3,2.28413654618474
08/09/2026 12:56:07,2024-01-03 00:00:00,Índice del mercado bursátil colombiano - COLCAP,1228.7,6.2,0.507157464212679
08/09/2026 12:56:07,2024-01-04 00:00:00,Índice del mercado bursátil colombiano - COLCAP,1262.99,34.29,2.79075445592903
08/09/2026 12:56:07,2024-01-05 00:00:00,Índice del mercado bursátil colombiano - COLCAP,1294.78,31.79,2.51704289028417
08/09/2026 12:56:07,2024-01-09 00:00:00,Índice del mercado bursátil colombiano - COLCAP,1294.43,-0.35,-0.027031619271228
08/09/2026 12:56:07,2024-01-10 00:00:00,Índice del mercado bursátil colombiano - COLCAP,1288.77,-5.66,-0.437258098159035
08/09/2026 12:56:07,2024-01-11 00:00:00,Índice del mercado bursátil colombiano - COLCAP,1283.25,-5.52,-0.428315370469517
08/09/2026 12:56:07,2024-01-12 00:00:00,Índice del mercado bursátil colombiano - COLCAP,1290.78,7.53,0.586791350087668
08/09/2026 12:56:07,2024-01-15 00:00:00,Índice del mercado bursátil colombiano - COLCAP,1297.33,6.55,0.507445110708254
08/09/2026 12:56:07,2024-01-16 00:00:00,Índice del mercado bursátil colombiano - COLCAP,1292.93,-4.4,-0.339158117055799
08/09/2026 12:56:07,2024-01-17 00:00:00,Índice del mercado bursátil colombiano - COLCAP,1283.84,-9.09,-0.703054303017178
08/09/2026 12:56:07,2024-01-18 00:00:00,Índice del mercado bursátil colombiano - COLCAP,1276.13,-7.71,-0.600542123629113
08/09/2026 12:56:07,2024-01-19 00:00:00,Índice del mercado bursátil colombiano - COLCAP,1274.5,-1.63,-0.127729933470728
08/09/2026 12:56:07,2024-01-22 00:00:00,Índice del mercado bursátil colombiano - COLCAP,1271.1,-3.4,-0.266771282856022
08/09/2026 12:56:07,2024-01-23 00:00:00,Índice del mercado bursátil colombiano - COLCAP,1263.15,-7.95,-0.625442530092046
08/09/2026 12:56:07,2024-01-24 00:00:00,Índice del mercado bursátil colombiano - COLCAP,1261.11,-2.04,-0.161501009381309
08/09/2026 12:56:07,2024-01-25 00:00:00,Índice del mercado bursátil colombiano - COLCAP,1268.91,7.8,0.618502747579513
08/09/2026 12:56:07,2024-01-26 00:00:00,Índice del mercado bursátil colombiano - COLCAP,1282.43,13.52,1.06548139741983
08/09/2026 12:56:07,2024-01-29 00:00:00,Índice del mercado bursátil colombiano - COLCAP,1279.81,-2.62,-0.204299649883424
08/09/2026 12:56:07,2024-01-30 00:00:00,Índice del mercado bursátil colombiano - COLCAP,1280.17,0.36,0.028129175424477
08/09/2026 12:56:07,2024-01-31 00:00:00,Índice del mercado bursátil colombiano - COLCAP,1276.55,-3.62,-0.282774943952756
08/09/2026 12:56:07,2024-02-01 00:00:00,Índice del mercado bursátil colombiano - COLCAP,1277.65,1.1,0.0861697544162
08/09/2026 12:56:07,2024-02-02 00:00:00,Índice del mercado bursátil colombiano - COLCAP,1277.77,0.12,0.009392243572183
08/09/2026 12:56:07,2024-02-05 00:00:00,Índice del mercado bursátil colombiano - COLCAP,1272.44,-5.33,-0.417132973852884
08/09/2026 12:56:07,2024-02-06 00:00:00,Índice del mercado bursátil colombiano - COLCAP,1276.77,4.33,0.340291094275565
08/09/2026 12:56:07,2024-02-07 00:00:00,Índice del mercado bursátil colombiano - COLCAP,1279.26,2.49,0.195023379308724
08/09/2026 12:56:07,2024-02-08 00:00:00,Índice del mercado bursátil colombiano - COLCAP,1261.1,-18.16,-1.41957068930475
08/09/2026 12:56:07,2024-02-09 00:00:00,Índice del mercado bursátil colombiano - COLCAP,1248.23,-12.87,-1.02053762588217
08/09/2026 12:56:07,2024-02-12 00:00:00,Índice del mercado bursátil colombiano - COLCAP,1248.18,-0.05,-0.004005672031597
08/09/2026 12:56:07,2024-02-13 00:00:00,Índice del mercado bursátil colombiano - COLCAP,1235.86,-12.32,-0.987037126055537
08/09/2026 12:56:07,2024-02-14 00:00:00,Índice del mercado bursátil colombiano - COLCAP,1237.18,1.32,0.106808214522681
08/09/2026 12:56:07,2024-02-15 00:00:00,Índice del mercado bursátil colombiano - COLCAP,1246.31,9.13,0.737968606023376
08/09/2026 12:56:07,2024-02-16 00:00:00,Índice del mercado bursátil colombiano - COLCAP,1256.97,10.66,0.855324919161364
08/09/2026 12:56:07,2024-02-19 00:00:00,Índice del mercado bursátil colombiano - COLCAP,1220.31,-36.66,-2.91653738752715
08/09/2026 12:56:07,2024-02-20 00:00:00,Índice del mercado bursátil colombiano - COLCAP,1245.54,25.23,2.06750743663495
08/09/2026 12:56:07,2024-02-21 00:00:00,Índice del mercado bursátil colombiano - COLCAP,1268.74,23.2,1.86264592064486
08/09/2026 12:56:07,2024-02-22 00:00:00,Índice del mercado bursátil colombiano - COLCAP,1279.09,10.35,0.81576997651213
08/09/2026 12:56:07,2024-02-23 00:00:00,Índice del mercado bursátil colombiano - COLCAP,1290.31,11.22,0.877186124510394
08/09/2026 12:56:07,2024-02-26 00:00:00,Índice del mercado bursátil colombiano - COLCAP,1291.39,1.08,0.083700816082957
08/09/2026 12:56:07,2024-02-27 00:00:00,Índice del mercado bursátil colombiano - COLCAP,1286.55,-4.84,-0.374789955009718
08/09/2026 12:56:07,2024-02-28 00:00:00,Índice del mercado bursátil colombiano - COLCAP,1285.47,-1.08,-0.083945435466947
08/09/2026 12:56:07,2024-02-29 00:00:00,Índice del mercado bursátil colombiano - COLCAP,1274.08,-11.39,-0.886057239764444
08/09/2026 12:56:07,2024-03-01 00:00:00,Índice del mercado bursátil colombiano - COLCAP,1286.46,12.38,0.971681527062665
08/09/2026 12:56:07,2024-03-04 00:00:00,Índice del mercado bursátil colombiano - COLCAP,1288.59,2.13,0.165570635697962
08/09/2026 12:56:07,2024-03-05 00:00:00,Índice del mercado bursátil colombiano - COLCAP,1300.86,12.27,0.952203571345424
08/09/2026 12:56:07,2024-03-06 00:00:00,Índice del mercado bursátil colombiano - COLCAP,1307.11,6.25,0.480451393693403
08/09/2026 12:56:07,2024-03-07 00:00:00,Índice del mercado bursátil colombiano - COLCAP,1313.51,6.4,0.489629793972963
08/09/2026 12:56:07,2024-03-08 00:00:00,Índice del mercado bursátil colombiano - COLCAP,1298.97,-14.54,-1.10695769350823
08/09/2026 12:56:07,2024-03-11 00:00:00,Índice del mercado bursátil colombiano - COLCAP,1298.29,-0.68,-0.052349168956943
08/09/2026 12:56:07,2024-03-12 00:00:00,Índice del mercado bursátil colombiano - COLCAP,1278.65,-19.64,-1.51275909080406
08/09/2026 12:56:07,2024-03-13 00:00:00,Índice del mercado bursátil colombiano - COLCAP,1284.15,5.5,0.430141164509444
08/09/2026 12:56:07,2024-03-14 00:00:00,Índice del mercado bursátil colombiano - COLCAP,1283.19,-0.96,-0.074757621773157
08/09/2026 12:56:07,2024-03-15 00:00:00,Índice del mercado bursátil colombiano - COLCAP,1285.1,1.91,0.148847793389911
08/09/2026 12:56:07,2024-03-18 00:00:00,Índice del mercado bursátil colombiano - COLCAP,1307.14,22.04,1.71504163100148
08/09/2026 12:56:07,2024-03-19 00:00:00,Índice del mercado bursátil colombiano - COLCAP,1306.76,-0.38,-0.029071101794758
08/09/2026 12:56:07,2024-03-20 00:00:00,Índice del mercado bursátil colombiano - COLCAP,1308.77,2.01,0.153815543787689
08/09/2026 12:56:07,2024-03-21 00:00:00,Índice del mercado bursátil colombiano - COLCAP,1321.6,12.83,0.980309756488917
08/09/2026 12:56:07,2024-03-22 00:00:00,Índice del mercado bursátil colombiano - COLCAP,1329.48,7.88,0.596246973365618
08/09/2026 12:56:07,2024-03-26 00:00:00,Índice del mercado bursátil colombiano - COLCAP,1318.11,-11.37,-0.855221590396245
08/09/2026 12:56:07,2024-03-27 00:00:00,Índice del mercado bursátil colombiano - COLCAP,1332.98,14.87,1.12813042917511
08/09/2026 12:56:07,2024-04-01 00:00:00,Índice del mercado bursátil colombiano - COLCAP,1355.14,22.16,1.66244054674489
08/09/2026 12:56:07,2024-04-02 00:00:00,Índice del mercado bursátil colombiano - COLCAP,1372.71,17.57,1.29654500642
08/09/2026 12:56:07,2024-04-03 00:00:00,Índice del mercado bursátil colombiano - COLCAP,1383.91,11.2,0.815904306080673
08/09/2026 12:56:07,2024-04-04 00:00:00,Índice del mercado bursátil colombiano - COLCAP,1407.95,24.04,1.73710718182541
08/09/2026 12:56:07,2024-04-05 00:00:00,Índice del mercado bursátil colombiano - COLCAP,1388.27,-19.68,-1.3977769096914
08/09/2026 12:56:07,2024-04-08 00:00:00,Índice del mercado bursátil colombiano - COLCAP,1386.8,-1.47,-0.105887183328891
08/09/2026 12:56:07,2024-04-09 00:00:00,Índice del mercado bursátil colombiano - COLCAP,1408.58,21.78,1.57052206518604
08/09/2026 12:56:07,2024-04-10 00:00:00,Índice del mercado bursátil colombiano - COLCAP,1398.05,-10.53,-0.747561373865879
08/09/2026 12:56:07,2024-04-11 00:00:00,Índice del mercado bursátil colombiano - COLCAP,1415.24,17.19,1.22956975787704
08/09/2026 12:56:07,2024-04-12 00:00:00,Índice del mercado bursátil colombiano - COLCAP,1390.74,-24.5,-1.73115513976428
08/09/2026 12:56:07,2024-04-15 00:00:00,Índice del mercado bursátil colombiano - COLCAP,1380.21,-10.53,-0.757150869321368
08/09/2026 12:56:07,2024-04-16 00:00:00,Índice del mercado bursátil colombiano - COLCAP,1368.26,-11.95,-0.86581027524797
08/09/2026 12:56:07,2024-04-17 00:00:00,Índice del mercado bursátil colombiano - COLCAP,1350.12,-18.14,-1.32577141771301
08/09/2026 12:56:07,2024-04-18 00:00:00,Índice del mercado bursátil colombiano - COLCAP,1321.06,-29.06,-2.15240126803543
08/09/2026 12:56:07,2024-04-19 00:00:00,Índice del mercado bursátil colombiano - COLCAP,1332.13,11.07,0.837963453590299
08/09/2026 12:56:07,2024-04-22 00:00:00,Índice del mercado bursátil colombiano - COLCAP,1344.21,12.08,0.906818403609257
08/09/2026 12:56:07,2024-04-23 00:00:00,Índice del mercado bursátil colombiano - COLCAP,1347.93,3.72,0.276742473274265
08/09/2026 12:56:07,2024-04-24 00:00:00,Índice del mercado bursátil colombiano - COLCAP,1343.34,-4.59,-0.340522133938706
08/09/2026 12:56:07,2024-04-25 00:00:00,Índice del mercado bursátil colombiano - COLCAP,1349.93,6.59,0.490568285020918
08/09/2026 12:56:07,2024-04-26 00:00:00,Índice del mercado bursátil colombiano - COLCAP,1366.61,16.68,1.23561962472128
08/09/2026 12:56:07,2024-04-29 00:00:00,Índice del mercado bursátil colombiano - COLCAP,1381.01,14.4,1.05370222667769
08/09/2026 12:56:07,2024-04-30 00:00:00,Índice del mercado bursátil colombiano - COLCAP,1357.31,-23.7,-1.71613529228608
08/09/2026 12:56:07,2024-05-02 00:00:00,Índice del mercado bursátil colombiano - COLCAP,1378.74,21.43,1.57885818272907
08/09/2026 12:56:07,2024-05-03 00:00:00,Índice del mercado bursátil colombiano - COLCAP,1385.56,6.82,0.494654539652146
08/09/2026 12:56:07,2024-05-06 00:00:00,Índice del mercado bursátil colombiano - COLCAP,1379.9,-5.66,-0.408499090620399
08/09/2026 12:56:07,2024-05-07 00:00:00,Índice del mercado bursátil colombiano - COLCAP,1380.64,0.74,0.053627074425683
08/09/2026 12:56:07,2024-05-08 00:00:00,Índice del mercado bursátil colombiano - COLCAP,1384.15,3.51,0.25422992235485
08/09/2026 12:56:07,2024-05-09 00:00:00,Índice del mercado bursátil colombiano - COLCAP,1387.12,2.97,0.214572120073691
08/09/2026 12:56:07,2024-05-10 00:00:00,Índice del mercado bursátil colombiano - COLCAP,1390.38,3.26,0.235019320606725
08/09/2026 12:56:07,2024-05-14 00:00:00,Índice del mercado bursátil colombiano - COLCAP,1402.76,12.38,0.890404062198823
08/09/2026 12:56:07,2024-05-15 00:00:00,Índice del mercado bursátil colombiano - COLCAP,1406.35,3.59,0.255924035472925
08/09/2026 12:56:07,2024-05-16 00:00:00,Índice del mercado bursátil colombiano - COLCAP,1417.48,11.13,0.791410388594589
08/09/2026 12:56:07,2024-05-17 00:00:00,Índice del mercado bursátil colombiano - COLCAP,1429.18,11.7,0.82540847137173
08/09/2026 12:56:07,2024-05-20 00:00:00,Índice del mercado bursátil colombiano - COLCAP,1441.68,12.5,0.874627408723884
08/09/2026 12:56:07,2024-05-21 00:00:00,Índice del mercado bursátil colombiano - COLCAP,1440.78,-0.9,-0.062427168303646
08/09/2026 12:56:07,2024-05-22 00:00:00,Índice del mercado bursátil colombiano - COLCAP,1409.28,-31.5,-2.18631574563778
08/09/2026 12:56:07,2024-05-23 00:00:00,Índice del mercado bursátil colombiano - COLCAP,1406.39,-2.89,-0.205069255222525
08/09/2026 12:56:07,2024-05-24 00:00:00,Índice del mercado bursátil colombiano - COLCAP,1407.76,1.37,0.097412524264251
08/09/2026 12:56:07,2024-05-27 00:00:00,Índice del mercado bursátil colombiano - COLCAP,1413.7,5.94,0.421946922770927
08/09/2026 12:56:07,2024-05-28 00:00:00,Índice del mercado bursátil colombiano - COLCAP,1408.6,-5.1,-0.36075546438424
08/09/2026 12:56:07,2024-05-29 00:00:00,Índice del mercado bursátil colombiano - COLCAP,1394.39,-14.21,-1.00880306687491
08/09/2026 12:56:07,2024-05-30 00:00:00,Índice del mercado bursátil colombiano - COLCAP,1403.79,9.4,0.674129906267257
08/09/2026 12:56:07,2024-05-31 00:00:00,Índice del mercado bursátil colombiano - COLCAP,1401.08,-2.71,-0.193048817843125
08/09/2026 12:56:07,2024-06-04 00:00:00,Índice del mercado bursátil colombiano - COLCAP,1404.04,2.96,0.211265595112342
08/09/2026 12:56:07,2024-06-05 00:00:00,Índice del mercado bursátil colombiano - COLCAP,1406.47,2.43,0.173071992250933
08/09/2026 12:56:07,2024-06-06 00:00:00,Índice del mercado bursátil colombiano - COLCAP,1410.53,4.06,0.288665950926788
08/09/2026 12:56:07,2024-06-07 00:00:00,Índice del mercado bursátil colombiano - COLCAP,1411.99,1.46,0.10350719233196
08/09/2026 12:56:07,2024-06-11 00:00:00,Índice del mercado bursátil colombiano - COLCAP,1388.12,-23.87,-1.69052188754878
08/09/2026 12:56:07,2024-06-12 00:00:00,Índice del mercado bursátil colombiano - COLCAP,1380.74,-7.38,-0.531654323833674
08/09/2026 12:56:07,2024-06-13 00:00:00,Índice del mercado bursátil colombiano - COLCAP,1386.12,5.38,0.389646131784405
08/09/2026 12:56:07,2024-06-14 00:00:00,Índice del mercado bursátil colombiano - COLCAP,1378.09,-8.03,-0.579314922228956
08/09/2026 12:56:07,2024-06-17 00:00:00,Índice del mercado bursátil colombiano - COLCAP,1378.59,0.5,0.036282100588496
08/09/2026 12:56:07,2024-06-18 00:00:00,Índice del mercado bursátil colombiano - COLCAP,1389.58,10.99,0.79719133317375
08/09/2026 12:56:07,2024-06-19 00:00:00,Índice del mercado bursátil colombiano - COLCAP,1380.56,-9.02,-0.649116999381108
08/09/2026 12:56:07,2024-06-20 00:00:00,Índice del mercado bursátil colombiano - COLCAP,1376.01,-4.55,-0.329576403778177
08/09/2026 12:56:07,2024-06-21 00:00:00,Índice del mercado bursátil colombiano - COLCAP,1365.34,-10.67,-0.775430411116198
08/09/2026 12:56:07,2024-06-24 00:00:00,Índice del mercado bursátil colombiano - COLCAP,1386.8,21.46,1.57176966909341
08/09/2026 12:56:07,2024-06-25 00:00:00,Índice del mercado bursátil colombiano - COLCAP,1367.94,-18.86,-1.35996538794347
08/09/2026 12:56:07,2024-06-26 00:00:00,Índice del mercado bursátil colombiano - COLCAP,1368.9,0.96,0.070178516601605
08/09/2026 12:56:07,2024-06-27 00:00:00,Índice del mercado bursátil colombiano - COLCAP,1376.64,7.74,0.565417488494412
08/09/2026 12:56:07,2024-06-28 00:00:00,Índice del mercado bursátil colombiano - COLCAP,1380.9,4.26,0.309449093444909
08/09/2026 12:56:07,2024-07-02 00:00:00,Índice del mercado bursátil colombiano - COLCAP,1383.61,2.71,0.196248823231226
08/09/2026 12:56:07,2024-07-03 00:00:00,Índice del mercado bursátil colombiano - COLCAP,1381.43,-2.18,-0.157558849675848
08/09/2026 12:56:07,2024-07-04 00:00:00,Índice del mercado bursátil colombiano - COLCAP,1384.76,3.33,0.241054559405833
08/09/2026 12:56:07,2024-07-05 00:00:00,Índice del mercado bursátil colombiano - COLCAP,1383.57,-1.19,-0.085935468962131
08/09/2026 12:56:07,2024-07-08 00:00:00,Índice del mercado bursátil colombiano - COLCAP,1383.05,-0.52,-0.037583931423781
08/09/2026 12:56:07,2024-07-09 00:00:00,Índice del mercado bursátil colombiano - COLCAP,1373.15,-9.9,-0.715809262138028
08/09/2026 12:56:07,2024-07-10 00:00:00,Índice del mercado bursátil colombiano - COLCAP,1365.92,-7.23,-0.52652659942468
08/09/2026 12:56:07,2024-07-11 00:00:00,Índice del mercado bursátil colombiano - COLCAP,1376.34,10.42,0.762855804146656
08/09/2026 12:56:07,2024-07-12 00:00:00,Índice del mercado bursátil colombiano - COLCAP,1374.06,-2.28,-0.165656741793452
08/09/2026 12:56:07,2024-07-15 00:00:00,Índice del mercado bursátil colombiano - COLCAP,1374.77,0.71,0.051671688281443
08/09/2026 12:56:07,2024-07-16 00:00:00,Índice del mercado bursátil colombiano - COLCAP,1373.74,-1.03,-0.074921623253344
08/09/2026 12:56:07,2024-07-17 00:00:00,Índice del mercado bursátil colombiano - COLCAP,1366.24,-7.5,-0.54595483861575
08/09/2026 12:56:07,2024-07-18 00:00:00,Índice del mercado bursátil colombiano - COLCAP,1364.48,-1.76,-0.128820705000586
08/09/2026 12:56:07,2024-07-19 00:00:00,Índice del mercado bursátil colombiano - COLCAP,1367.69,3.21,0.235254455909944
08/09/2026 12:56:07,2024-07-22 00:00:00,Índice del mercado bursátil colombiano - COLCAP,1366.66,-1.03,-0.075309463401794
08/09/2026 12:56:07,2024-07-23 00:00:00,Índice del mercado bursátil colombiano - COLCAP,1360.59,-6.07,-0.444148508041503
08/09/2026 12:56:07,2024-07-24 00:00:00,Índice del mercado bursátil colombiano - COLCAP,1354.4,-6.19,-0.4549496909429
08/09/2026 12:56:07,2024-07-25 00:00:00,Índice del mercado bursátil colombiano - COLCAP,1353.66,-0.74,-0.054636739515653
08/09/2026 12:56:07,2024-07-26 00:00:00,Índice del mercado bursátil colombiano - COLCAP,1345.63,-8.03,-0.593206565902812
08/09/2026 12:56:07,2024-07-29 00:00:00,Índice del mercado bursátil colombiano - COLCAP,1340.69,-4.94,-0.367114288474544
08/09/2026 12:56:07,2024-07-30 00:00:00,Índice del mercado bursátil colombiano - COLCAP,1335.31,-5.38,-0.401285905019057
08/09/2026 12:56:07,2024-07-31 00:00:00,Índice del mercado bursátil colombiano - COLCAP,1345.7,10.39,0.778096471980289
08/09/2026 12:56:07,2024-08-01 00:00:00,Índice del mercado bursátil colombiano - COLCAP,1341.77,-3.93,-0.292041316786802
08/09/2026 12:56:07,2024-08-02 00:00:00,Índice del mercado bursátil colombiano - COLCAP,1316.87,-24.9,-1.8557576931963
08/09/2026 12:56:07,2024-08-05 00:00:00,Índice del mercado bursátil colombiano - COLCAP,1294.56,-22.31,-1.69416874862363
08/09/2026 12:56:07,2024-08-06 00:00:00,Índice del mercado bursátil colombiano - COLCAP,1296.79,2.23,0.172259300457298
08/09/2026 12:56:07,2024-08-08 00:00:00,Índice del mercado bursátil colombiano - COLCAP,1299.24,2.45,0.188928045404422
08/09/2026 12:56:07,2024-08-09 00:00:00,Índice del mercado bursátil colombiano - COLCAP,1310.45,11.21,0.862812105538622
08/09/2026 12:56:07,2024-08-12 00:00:00,Índice del mercado bursátil colombiano - COLCAP,1330.28,19.83,1.51322064939525
08/09/2026 12:56:07,2024-08-13 00:00:00,Índice del mercado bursátil colombiano - COLCAP,1343.87,13.59,1.02158943981718
08/09/2026 12:56:07,2024-08-14 00:00:00,Índice del mercado bursátil colombiano - COLCAP,1350.68,6.81,0.50674544412778
08/09/2026 12:56:07,2024-08-15 00:00:00,Índice del mercado bursátil colombiano - COLCAP,1360,9.32,0.690022803328694
08/09/2026 12:56:07,2024-08-16 00:00:00,Índice del mercado bursátil colombiano - COLCAP,1361.01,1.01,0.074264705882353
08/09/2026 12:56:07,2024-08-20 00:00:00,Índice del mercado bursátil colombiano - COLCAP,1345.35,-15.66,-1.15061608658276
08/09/2026 12:56:07,2024-08-21 00:00:00,Índice del mercado bursátil colombiano - COLCAP,1347.33,1.98,0.147173597948489
08/09/2026 12:56:07,2024-08-22 00:00:00,Índice del mercado bursátil colombiano - COLCAP,1334.96,-12.37,-0.918112118040866
08/09/2026 12:56:07,2024-08-23 00:00:00,Índice del mercado bursátil colombiano - COLCAP,1331.01,-3.95,-0.295889015401211
08/09/2026 12:56:07,2024-08-26 00:00:00,Índice del mercado bursátil colombiano - COLCAP,1343.93,12.92,0.970691429816455
08/09/2026 12:56:07,2024-08-27 00:00:00,Índice del mercado bursátil colombiano - COLCAP,1341.19,-2.74,-0.20387966635167
08/09/2026 12:56:07,2024-08-28 00:00:00,Índice del mercado bursátil colombiano - COLCAP,1343.04,1.85,0.137937205019423
08/09/2026 12:56:07,2024-08-29 00:00:00,Índice del mercado bursátil colombiano - COLCAP,1335.32,-7.72,-0.574815344293543
08/09/2026 12:56:07,2024-08-30 00:00:00,Índice del mercado bursátil colombiano - COLCAP,1362.28,26.96,2.01899170236348
08/09/2026 12:56:07,2024-09-02 00:00:00,Índice del mercado bursátil colombiano - COLCAP,1355.13,-7.15,-0.524855389494083
08/09/2026 12:56:07,2024-09-03 00:00:00,Índice del mercado bursátil colombiano - COLCAP,1347.82,-7.31,-0.539431641244751
08/09/2026 12:56:07,2024-09-04 00:00:00,Índice del mercado bursátil colombiano - COLCAP,1336.16,-11.66,-0.86510068109985
08/09/2026 12:56:07,2024-09-05 00:00:00,Índice del mercado bursátil colombiano - COLCAP,1341.65,5.49,0.410878936654293
08/09/2026 12:56:07,2024-09-06 00:00:00,Índice del mercado bursátil colombiano - COLCAP,1328.47,-13.18,-0.9823724518317
08/09/2026 12:56:07,2024-09-09 00:00:00,Índice del mercado bursátil colombiano - COLCAP,1321.67,-6.8,-0.5118670350102
08/09/2026 12:56:07,2024-09-10 00:00:00,Índice del mercado bursátil colombiano - COLCAP,1313.66,-8.01,-0.606051434927024
08/09/2026 12:56:07,2024-09-11 00:00:00,Índice del mercado bursátil colombiano - COLCAP,1309.92,-3.74,-0.284700759709514
08/09/2026 12:56:07,2024-09-12 00:00:00,Índice del mercado bursátil colombiano - COLCAP,1320.28,10.36,0.790887993159888
08/09/2026 12:56:07,2024-09-13 00:00:00,Índice del mercado bursátil colombiano - COLCAP,1311.68,-8.6,-0.65137698064047
08/09/2026 12:56:07,2024-09-16 00:00:00,Índice del mercado bursátil colombiano - COLCAP,1317.98,6.3,0.480300073188583
08/09/2026 12:56:07,2024-09-17 00:00:00,Índice del mercado bursátil colombiano - COLCAP,1313.35,-4.63,-0.351295163811287
08/09/2026 12:56:07,2024-09-18 00:00:00,Índice del mercado bursátil colombiano - COLCAP,1307.24,-6.11,-0.46522252255682
08/09/2026 12:56:07,2024-09-19 00:00:00,Índice del mercado bursátil colombiano - COLCAP,1320.58,13.34,1.02047060983446
08/09/2026 12:56:07,2024-09-20 00:00:00,Índice del mercado bursátil colombiano - COLCAP,1320.84,0.26,0.019688318769026
08/09/2026 12:56:07,2024-09-23 00:00:00,Índice del mercado bursátil colombiano - COLCAP,1322.17,1.33,0.100693498076981
08/09/2026 12:56:07,2024-09-24 00:00:00,Índice del mercado bursátil colombiano - COLCAP,1334.9,12.73,0.962811136238154
08/09/2026 12:56:07,2024-09-25 00:00:00,Índice del mercado bursátil colombiano - COLCAP,1321.19,-13.71,-1.02704322421155
08/09/2026 12:56:07,2024-09-26 00:00:00,Índice del mercado bursátil colombiano - COLCAP,1331.64,10.45,0.790953610003103
08/09/2026 12:56:07,2024-09-27 00:00:00,Índice del mercado bursátil colombiano - COLCAP,1320.81,-10.83,-0.81328286924394
08/09/2026 12:56:07,2024-09-30 00:00:00,Índice del mercado bursátil colombiano - COLCAP,1307.59,-13.22,-1.00090096228829
08/09/2026 12:56:07,2024-10-01 00:00:00,Índice del mercado bursátil colombiano - COLCAP,1307.14,-0.45,-0.034414457131058
08/09/2026 12:56:07,2024-10-02 00:00:00,Índice del mercado bursátil colombiano - COLCAP,1301.36,-5.78,-0.442186758878161
08/09/2026 12:56:07,2024-10-03 00:00:00,Índice del mercado bursátil colombiano - COLCAP,1303.27,1.91,0.146769533411201
08/09/2026 12:56:07,2024-10-04 00:00:00,Índice del mercado bursátil colombiano - COLCAP,1303.86,0.59,0.045270742056519
08/09/2026 12:56:07,2024-10-07 00:00:00,Índice del mercado bursátil colombiano - COLCAP,1309.35,5.49,0.421057475495835
08/09/2026 12:56:07,2024-10-08 00:00:00,Índice del mercado bursátil colombiano - COLCAP,1300.01,-9.34,-0.713331042120136
08/09/2026 12:56:07,2024-10-09 00:00:00,Índice del mercado bursátil colombiano - COLCAP,1301.41,1.4,0.107691479296313
08/09/2026 12:56:07,2024-10-10 00:00:00,Índice del mercado bursátil colombiano - COLCAP,1310.13,8.72,0.670042492373656
08/09/2026 12:56:07,2024-10-11 00:00:00,Índice del mercado bursátil colombiano - COLCAP,1326.48,16.35,1.24796775892469
08/09/2026 12:56:07,2024-10-15 00:00:00,Índice del mercado bursátil colombiano - COLCAP,1328.87,2.39,0.180176105180628
08/09/2026 12:56:07,2024-10-16 00:00:00,Índice del mercado bursátil colombiano - COLCAP,1337.26,8.39,0.631363489280366
08/09/2026 12:56:07,2024-10-17 00:00:00,Índice del mercado bursátil colombiano - COLCAP,1346.29,9.03,0.675261355308616
08/09/2026 12:56:07,2024-10-18 00:00:00,Índice del mercado bursátil colombiano - COLCAP,1362.07,15.78,1.17211002087217
08/09/2026 12:56:07,2024-10-21 00:00:00,Índice del mercado bursátil colombiano - COLCAP,1356.34,-5.73,-0.420683224797551
08/09/2026 12:56:07,2024-10-22 00:00:00,Índice del mercado bursátil colombiano - COLCAP,1344.26,-12.08,-0.890632142383178
08/09/2026 12:56:07,2024-10-23 00:00:00,Índice del mercado bursátil colombiano - COLCAP,1321.55,-22.71,-1.68940532337494
08/09/2026 12:56:07,2024-10-24 00:00:00,Índice del mercado bursátil colombiano - COLCAP,1337.6,16.05,1.21448299345466
08/09/2026 12:56:07,2024-10-25 00:00:00,Índice del mercado bursátil colombiano - COLCAP,1334.49,-3.11,-0.232505980861244
08/09/2026 12:56:07,2024-10-28 00:00:00,Índice del mercado bursátil colombiano - COLCAP,1339.48,4.99,0.373925619525062
08/09/2026 12:56:07,2024-10-29 00:00:00,Índice del mercado bursátil colombiano - COLCAP,1339.4,-0.08,-0.005972466927464
08/09/2026 12:56:07,2024-10-30 00:00:00,Índice del mercado bursátil colombiano - COLCAP,1356.41,17.01,1.26997162908765
08/09/2026 12:56:07,2024-10-31 00:00:00,Índice del mercado bursátil colombiano - COLCAP,1358.46,2.05,0.151134244070746
08/09/2026 12:56:07,2024-11-01 00:00:00,Índice del mercado bursátil colombiano - COLCAP,1352.8,-5.66,-0.416648263474817
08/09/2026 12:56:07,2024-11-05 00:00:00,Índice del mercado bursátil colombiano - COLCAP,1359.65,6.85,0.506357185097575
08/09/2026 12:56:07,2024-11-06 00:00:00,Índice del mercado bursátil colombiano - COLCAP,1364.37,4.72,0.347148163130217
08/09/2026 12:56:07,2024-11-07 00:00:00,Índice del mercado bursátil colombiano - COLCAP,1359.04,-5.33,-0.390656493473178
08/09/2026 12:56:07,2024-11-08 00:00:00,Índice del mercado bursátil colombiano - COLCAP,1335.33,-23.71,-1.74461384506711
08/09/2026 12:56:07,2024-11-12 00:00:00,Índice del mercado bursátil colombiano - COLCAP,1345.38,10.05,0.752622947136663
08/09/2026 12:56:07,2024-11-13 00:00:00,Índice del mercado bursátil colombiano - COLCAP,1337.79,-7.59,-0.564152878740579
08/09/2026 12:56:07,2024-11-14 00:00:00,Índice del mercado bursátil colombiano - COLCAP,1347.68,9.89,0.739278960075946
08/09/2026 12:56:07,2024-11-15 00:00:00,Índice del mercado bursátil colombiano - COLCAP,1346.11,-1.57,-0.11649649768491
08/09/2026 12:56:07,2024-11-18 00:00:00,Índice del mercado bursátil colombiano - COLCAP,1362.37,16.26,1.20792505813046
08/09/2026 12:56:07,2024-11-19 00:00:00,Índice del mercado bursátil colombiano - COLCAP,1370.03,7.66,0.562255481256927
08/09/2026 12:56:07,2024-11-20 00:00:00,Índice del mercado bursátil colombiano - COLCAP,1386.24,16.21,1.18318576965468
08/09/2026 12:56:07,2024-11-21 00:00:00,Índice del mercado bursátil colombiano - COLCAP,1388.22,1.98,0.142832409972299
08/09/2026 12:56:07,2024-11-22 00:00:00,Índice del mercado bursátil colombiano - COLCAP,1391.95,3.73,0.268689400815433
08/09/2026 12:56:07,2024-11-25 00:00:00,Índice del mercado bursátil colombiano - COLCAP,1398.53,6.58,0.472718129243148
08/09/2026 12:56:07,2024-11-26 00:00:00,Índice del mercado bursátil colombiano - COLCAP,1391.2,-7.33,-0.524121756415665
08/09/2026 12:56:07,2024-11-27 00:00:00,Índice del mercado bursátil colombiano - COLCAP,1397.49,6.29,0.452127659574468
08/09/2026 12:56:07,2024-11-28 00:00:00,Índice del mercado bursátil colombiano - COLCAP,1397.58,0.09,0.006440117639482
08/09/2026 12:56:07,2024-11-29 00:00:00,Índice del mercado bursátil colombiano - COLCAP,1392.13,-5.45,-0.389959787632908
08/09/2026 12:56:07,2024-12-02 00:00:00,Índice del mercado bursátil colombiano - COLCAP,1398.62,6.49,0.46619209412914
08/09/2026 12:56:07,2024-12-03 00:00:00,Índice del mercado bursátil colombiano - COLCAP,1391.54,-7.08,-0.506213267363544
08/09/2026 12:56:07,2024-12-04 00:00:00,Índice del mercado bursátil colombiano - COLCAP,1383.75,-7.79,-0.559811431938715
08/09/2026 12:56:07,2024-12-05 00:00:00,Índice del mercado bursátil colombiano - COLCAP,1394.57,10.82,0.78193315266486
08/09/2026 12:56:07,2024-12-06 00:00:00,Índice del mercado bursátil colombiano - COLCAP,1377.04,-17.53,-1.25701829237686
08/09/2026 12:56:07,2024-12-09 00:00:00,Índice del mercado bursátil colombiano - COLCAP,1379.45,2.41,0.175013071515715
08/09/2026 12:56:07,2024-12-10 00:00:00,Índice del mercado bursátil colombiano - COLCAP,1383.99,4.54,0.32911667693646
08/09/2026 12:56:07,2024-12-11 00:00:00,Índice del mercado bursátil colombiano - COLCAP,1383.41,-0.58,-0.041907817253015
08/09/2026 12:56:07,2024-12-12 00:00:00,Índice del mercado bursátil colombiano - COLCAP,1385.09,1.68,0.121439052775388
08/09/2026 12:56:07,2024-12-13 00:00:00,Índice del mercado bursátil colombiano - COLCAP,1380.07,-5.02,-0.362431322152351
08/09/2026 12:56:07,2024-12-16 00:00:00,Índice del mercado bursátil colombiano - COLCAP,1370.59,-9.48,-0.686921677885904
08/09/2026 12:56:07,2024-12-17 00:00:00,Índice del mercado bursátil colombiano - COLCAP,1367.66,-2.93,-0.21377654878556
08/09/2026 12:56:07,2024-12-18 00:00:00,Índice del mercado bursátil colombiano - COLCAP,1360.4,-7.26,-0.530833686735007
08/09/2026 12:56:07,2024-12-19 00:00:00,Índice del mercado bursátil colombiano - COLCAP,1373.29,12.89,0.947515436636284
08/09/2026 12:56:07,2024-12-20 00:00:00,Índice del mercado bursátil colombiano - COLCAP,1368.21,-5.08,-0.369914584683497
08/09/2026 12:56:07,2024-12-23 00:00:00,Índice del mercado bursátil colombiano - COLCAP,1389.23,21.02,1.53631386994686
08/09/2026 12:56:07,2024-12-24 00:00:00,Índice del mercado bursátil colombiano - COLCAP,1383.76,-5.47,-0.393743296646344
08/09/2026 12:56:07,2024-12-26 00:00:00,Índice del mercado bursátil colombiano - COLCAP,1386.59,2.83,0.204515233855582
08/09/2026 12:56:07,2024-12-27 00:00:00,Índice del mercado bursátil colombiano - COLCAP,1381.93,-4.66,-0.336076273447811
08/09/2026 12:56:07,2024-12-30 00:00:00,Índice del mercado bursátil colombiano - COLCAP,1379.58,-2.35,-0.170052028684521
08/09/2026 12:56:07,2025-01-02 00:00:00,Índice del mercado bursátil colombiano - COLCAP,1399.58,20,1.44971658040853
08/09/2026 12:56:07,2025-01-03 00:00:00,Índice del mercado bursátil colombiano - COLCAP,1396.23,-3.35,-0.239357521542177
08/09/2026 12:56:07,2025-01-07 00:00:00,Índice del mercado bursátil colombiano - COLCAP,1419.1,22.87,1.63798228085631
08/09/2026 12:56:07,2025-01-08 00:00:00,Índice del mercado bursátil colombiano - COLCAP,1409.54,-9.56,-0.673666408286942
08/09/2026 12:56:07,2025-01-09 00:00:00,Índice del mercado bursátil colombiano - COLCAP,1407.35,-2.19,-0.155369836968089
08/09/2026 12:56:07,2025-01-10 00:00:00,Índice del mercado bursátil colombiano - COLCAP,1404.94,-2.41,-0.17124382705084
08/09/2026 12:56:07,2025-01-13 00:00:00,Índice del mercado bursátil colombiano - COLCAP,1406.76,1.82,0.129542898629123
08/09/2026 12:56:07,2025-01-14 00:00:00,Índice del mercado bursátil colombiano - COLCAP,1398.71,-8.05,-0.572236913190594
08/09/2026 12:56:07,2025-01-15 00:00:00,Índice del mercado bursátil colombiano - COLCAP,1397.58,-1.13,-0.080788726755367
08/09/2026 12:56:07,2025-01-16 00:00:00,Índice del mercado bursátil colombiano - COLCAP,1394.44,-3.14,-0.224674079480244
08/09/2026 12:56:07,2025-01-17 00:00:00,Índice del mercado bursátil colombiano - COLCAP,1391.22,-3.22,-0.230917070652018
08/09/2026 12:56:07,2025-01-20 00:00:00,Índice del mercado bursátil colombiano - COLCAP,1387.59,-3.63,-0.260922068400397
08/09/2026 12:56:07,2025-01-21 00:00:00,Índice del mercado bursátil colombiano - COLCAP,1392.19,4.6,0.331510028178352
08/09/2026 12:56:07,2025-01-22 00:00:00,Índice del mercado bursátil colombiano - COLCAP,1381.9,-10.29,-0.739123251854991
08/09/2026 12:56:07,2025-01-23 00:00:00,Índice del mercado bursátil colombiano - COLCAP,1397.33,15.43,1.11657862363413
08/09/2026 12:56:07,2025-01-24 00:00:00,Índice del mercado bursátil colombiano - COLCAP,1415.45,18.12,1.29675881860405
08/09/2026 12:56:07,2025-01-27 00:00:00,Índice del mercado bursátil colombiano - COLCAP,1432.41,16.96,1.19820551767989
08/09/2026 12:56:07,2025-01-28 00:00:00,Índice del mercado bursátil colombiano - COLCAP,1474,41.59,2.90349830006772
08/09/2026 12:56:07,2025-01-29 00:00:00,Índice del mercado bursátil colombiano - COLCAP,1509.82,35.82,2.43012211668928
08/09/2026 12:56:07,2025-01-30 00:00:00,Índice del mercado bursátil colombiano - COLCAP,1543.02,33.2,2.19893762170325
08/09/2026 12:56:07,2025-01-31 00:00:00,Índice del mercado bursátil colombiano - COLCAP,1521.74,-21.28,-1.37911368614794
08/09/2026 12:56:07,2025-02-03 00:00:00,Índice del mercado bursátil colombiano - COLCAP,1504.83,-16.91,-1.11122793644118
08/09/2026 12:56:07,2025-02-04 00:00:00,Índice del mercado bursátil colombiano - COLCAP,1523.08,18.25,1.21276157439711
08/09/2026 12:56:07,2025-02-05 00:00:00,Índice del mercado bursátil colombiano - COLCAP,1510.21,-12.87,-0.844998292932742
08/09/2026 12:56:07,2025-02-06 00:00:00,Índice del mercado bursátil colombiano - COLCAP,1525.14,14.93,0.988604233848273
08/09/2026 12:56:07,2025-02-07 00:00:00,Índice del mercado bursátil colombiano - COLCAP,1515.99,-9.15,-0.599944923089028
08/09/2026 12:56:07,2025-02-10 00:00:00,Índice del mercado bursátil colombiano - COLCAP,1525.64,9.65,0.636547734483737
08/09/2026 12:56:07,2025-02-11 00:00:00,Índice del mercado bursátil colombiano - COLCAP,1534.93,9.29,0.608924779109095
08/09/2026 12:56:07,2025-02-12 00:00:00,Índice del mercado bursátil colombiano - COLCAP,1531.33,-3.6,-0.23453838285785
08/09/2026 12:56:07,2025-02-13 00:00:00,Índice del mercado bursátil colombiano - COLCAP,1535.55,4.22,0.275577439219502
08/09/2026 12:56:07,2025-02-14 00:00:00,Índice del mercado bursátil colombiano - COLCAP,1548.81,13.26,0.863534238546449
08/09/2026 12:56:07,2025-02-17 00:00:00,Índice del mercado bursátil colombiano - COLCAP,1567.89,19.08,1.23191353361613
08/09/2026 12:56:07,2025-02-18 00:00:00,Índice del mercado bursátil colombiano - COLCAP,1576.63,8.74,0.55743706510023
08/09/2026 12:56:07,2025-02-19 00:00:00,Índice del mercado bursátil colombiano - COLCAP,1599.95,23.32,1.47910416521314
08/09/2026 12:56:07,2025-02-20 00:00:00,Índice del mercado bursátil colombiano - COLCAP,1634.61,34.66,2.16631769742804
08/09/2026 12:56:07,2025-02-21 00:00:00,Índice del mercado bursátil colombiano - COLCAP,1630.62,-3.99,-0.244094921724448
08/09/2026 12:56:07,2025-02-24 00:00:00,Índice del mercado bursátil colombiano - COLCAP,1651.39,20.77,1.27374863548834
08/09/2026 12:56:07,2025-02-25 00:00:00,Índice del mercado bursátil colombiano - COLCAP,1648.85,-2.54,-0.153809820817614
08/09/2026 12:56:07,2025-02-26 00:00:00,Índice del mercado bursátil colombiano - COLCAP,1646.13,-2.72,-0.164963459380781
08/09/2026 12:56:07,2025-02-27 00:00:00,Índice del mercado bursátil colombiano - COLCAP,1627.96,-18.17,-1.10380103637015
08/09/2026 12:56:07,2025-02-28 00:00:00,Índice del mercado bursátil colombiano - COLCAP,1607.57,-20.39,-1.25248777611244
08/09/2026 12:56:07,2025-03-03 00:00:00,Índice del mercado bursátil colombiano - COLCAP,1575.61,-31.96,-1.98809383106179
08/09/2026 12:56:07,2025-03-04 00:00:00,Índice del mercado bursátil colombiano - COLCAP,1564.52,-11.09,-0.7038543802083
08/09/2026 12:56:07,2025-03-05 00:00:00,Índice del mercado bursátil colombiano - COLCAP,1589.02,24.5,1.56597550686473
08/09/2026 12:56:07,2025-03-06 00:00:00,Índice del mercado bursátil colombiano - COLCAP,1603.01,13.99,0.880416860706599
08/09/2026 12:56:07,2025-03-07 00:00:00,Índice del mercado bursátil colombiano - COLCAP,1610.5,7.49,0.467245993474776
08/09/2026 12:56:07,2025-03-10 00:00:00,Índice del mercado bursátil colombiano - COLCAP,1581.93,-28.57,-1.77398323502018
08/09/2026 12:56:07,2025-03-11 00:00:00,Índice del mercado bursátil colombiano - COLCAP,1578.49,-3.44,-0.217455892485761
08/09/2026 12:56:07,2025-03-12 00:00:00,Índice del mercado bursátil colombiano - COLCAP,1600.54,22.05,1.39690463670977
08/09/2026 12:56:07,2025-03-13 00:00:00,Índice del mercado bursátil colombiano - COLCAP,1592.12,-8.42,-0.52607245054794
08/09/2026 12:56:07,2025-03-14 00:00:00,Índice del mercado bursátil colombiano - COLCAP,1620.36,28.24,1.77373564806673
08/09/2026 12:56:07,2025-03-17 00:00:00,Índice del mercado bursátil colombiano - COLCAP,1634.64,14.28,0.881285640228097
08/09/2026 12:56:07,2025-03-18 00:00:00,Índice del mercado bursátil colombiano - COLCAP,1623.35,-11.29,-0.690671952234131
08/09/2026 12:56:07,2025-03-19 00:00:00,Índice del mercado bursátil colombiano - COLCAP,1616.99,-6.36,-0.391782425231774
08/09/2026 12:56:07,2025-03-20 00:00:00,Índice del mercado bursátil colombiano - COLCAP,1607.79,-9.2,-0.568958373273799
08/09/2026 12:56:07,2025-03-21 00:00:00,Índice del mercado bursátil colombiano - COLCAP,1608.85,1.06,0.065929008141611
08/09/2026 12:56:07,2025-03-25 00:00:00,Índice del mercado bursátil colombiano - COLCAP,1634.99,26.14,1.62476302949312
08/09/2026 12:56:07,2025-03-26 00:00:00,Índice del mercado bursátil colombiano - COLCAP,1598.67,-36.32,-2.22142031449734
08/09/2026 12:56:07,2025-03-27 00:00:00,Índice del mercado bursátil colombiano - COLCAP,1599,0.33,0.020642158794498
08/09/2026 12:56:07,2025-03-28 00:00:00,Índice del mercado bursátil colombiano - COLCAP,1603.63,4.63,0.289555972482802
08/09/2026 12:56:07,2025-03-31 00:00:00,Índice del mercado bursátil colombiano - COLCAP,1602.92,-0.71,-0.044274552109901
08/09/2026 12:56:07,2025-04-01 00:00:00,Índice del mercado bursátil colombiano - COLCAP,1625.55,22.63,1.41179846779627
08/09/2026 12:56:07,2025-04-02 00:00:00,Índice del mercado bursátil colombiano - COLCAP,1653.5,27.95,1.71941804312387
08/09/2026 12:56:07,2025-04-03 00:00:00,Índice del mercado bursátil colombiano - COLCAP,1657.4,3.9,0.235863320229816
08/09/2026 12:56:07,2025-04-04 00:00:00,Índice del mercado bursátil colombiano - COLCAP,1620.49,-36.91,-2.22698202003137
08/09/2026 12:56:07,2025-04-07 00:00:00,Índice del mercado bursátil colombiano - COLCAP,1609.66,-10.83,-0.668316373442601
08/09/2026 12:56:07,2025-04-08 00:00:00,Índice del mercado bursátil colombiano - COLCAP,1552.71,-56.95,-3.53801423903185
08/09/2026 12:56:07,2025-04-09 00:00:00,Índice del mercado bursátil colombiano - COLCAP,1601.6,48.89,3.148688422178
08/09/2026 12:56:07,2025-04-10 00:00:00,Índice del mercado bursátil colombiano - COLCAP,1546.98,-54.62,-3.41033966033966
08/09/2026 12:56:07,2025-04-11 00:00:00,Índice del mercado bursátil colombiano - COLCAP,1561.52,14.54,0.939895796972165
08/09/2026 12:56:07,2025-04-14 00:00:00,Índice del mercado bursátil colombiano - COLCAP,1582.31,20.79,1.33139505097597
08/09/2026 12:56:07,2025-04-15 00:00:00,Índice del mercado bursátil colombiano - COLCAP,1603.83,21.52,1.36003690806479
08/09/2026 12:56:07,2025-04-16 00:00:00,Índice del mercado bursátil colombiano - COLCAP,1626.73,22.9,1.42783212684636
08/09/2026 12:56:07,2025-04-21 00:00:00,Índice del mercado bursátil colombiano - COLCAP,1619.72,-7.01,-0.430925845100293
08/09/2026 12:56:07,2025-04-22 00:00:00,Índice del mercado bursátil colombiano - COLCAP,1631.26,11.54,0.712468821771664
08/09/2026 12:56:07,2025-04-23 00:00:00,Índice del mercado bursátil colombiano - COLCAP,1642.84,11.58,0.709880705712149
08/09/2026 12:56:07,2025-04-24 00:00:00,Índice del mercado bursátil colombiano - COLCAP,1634.48,-8.36,-0.508874875216089
08/09/2026 12:56:07,2025-04-25 00:00:00,Índice del mercado bursátil colombiano - COLCAP,1641.69,7.21,0.441118887964368
08/09/2026 12:56:07,2025-04-28 00:00:00,Índice del mercado bursátil colombiano - COLCAP,1618.19,-23.5,-1.43145173571137
08/09/2026 12:56:07,2025-04-29 00:00:00,Índice del mercado bursátil colombiano - COLCAP,1620.8,2.61,0.161291319313554
08/09/2026 12:56:07,2025-04-30 00:00:00,Índice del mercado bursátil colombiano - COLCAP,1636.51,15.71,0.969274432379072
08/09/2026 12:56:07,2025-05-02 00:00:00,Índice del mercado bursátil colombiano - COLCAP,1641.99,5.48,0.334858937617246
08/09/2026 12:56:07,2025-05-05 00:00:00,Índice del mercado bursátil colombiano - COLCAP,1642.08,0.09,0.005481153965615
08/09/2026 12:56:07,2025-05-06 00:00:00,Índice del mercado bursátil colombiano - COLCAP,1648.51,6.43,0.391576537074929
08/09/2026 12:56:07,2025-05-07 00:00:00,Índice del mercado bursátil colombiano - COLCAP,1641.08,-7.43,-0.450710035122626
08/09/2026 12:56:07,2025-05-08 00:00:00,Índice del mercado bursátil colombiano - COLCAP,1655.15,14.07,0.857362224876301
08/09/2026 12:56:07,2025-05-09 00:00:00,Índice del mercado bursátil colombiano - COLCAP,1645.4,-9.75,-0.589070476996043
08/09/2026 12:56:07,2025-05-12 00:00:00,Índice del mercado bursátil colombiano - COLCAP,1655.26,9.86,0.599246383858028
08/09/2026 12:56:07,2025-05-13 00:00:00,Índice del mercado bursátil colombiano - COLCAP,1699.93,44.67,2.69866969539529
08/09/2026 12:56:07,2025-05-14 00:00:00,Índice del mercado bursátil colombiano - COLCAP,1678.16,-21.77,-1.28064096756925
08/09/2026 12:56:07,2025-05-15 00:00:00,Índice del mercado bursátil colombiano - COLCAP,1666.85,-11.31,-0.67395242408352
08/09/2026 12:56:07,2025-05-16 00:00:00,Índice del mercado bursátil colombiano - COLCAP,1646.92,-19.93,-1.19566847646759
08/09/2026 12:56:07,2025-05-19 00:00:00,Índice del mercado bursátil colombiano - COLCAP,1658.24,11.32,0.687343647536007
08/09/2026 12:56:07,2025-05-20 00:00:00,Índice del mercado bursátil colombiano - COLCAP,1662.69,4.45,0.268356812041683
08/09/2026 12:56:07,2025-05-21 00:00:00,Índice del mercado bursátil colombiano - COLCAP,1649.5,-13.19,-0.793292796612718
08/09/2026 12:56:07,2025-05-22 00:00:00,Índice del mercado bursátil colombiano - COLCAP,1641.31,-8.19,-0.496514095180358
08/09/2026 12:56:07,2025-05-23 00:00:00,Índice del mercado bursátil colombiano - COLCAP,1654.73,13.42,0.817639568393539
08/09/2026 12:56:07,2025-05-26 00:00:00,Índice del mercado bursátil colombiano - COLCAP,1652.91,-1.82,-0.109987732137569
08/09/2026 12:56:07,2025-05-27 00:00:00,Índice del mercado bursátil colombiano - COLCAP,1640.95,-11.96,-0.723572366311535
08/09/2026 12:56:07,2025-05-28 00:00:00,Índice del mercado bursátil colombiano - COLCAP,1647.24,6.29,0.383314543404735
08/09/2026 12:56:07,2025-05-29 00:00:00,Índice del mercado bursátil colombiano - COLCAP,1636.59,-10.65,-0.646536023894514
08/09/2026 12:56:07,2025-05-30 00:00:00,Índice del mercado bursátil colombiano - COLCAP,1608.9,-27.69,-1.69193261598812
08/09/2026 12:56:07,2025-06-03 00:00:00,Índice del mercado bursátil colombiano - COLCAP,1643.59,34.69,2.15613151842874
08/09/2026 12:56:07,2025-06-04 00:00:00,Índice del mercado bursátil colombiano - COLCAP,1651.36,7.77,0.472745636077124
08/09/2026 12:56:07,2025-06-05 00:00:00,Índice del mercado bursátil colombiano - COLCAP,1655.95,4.59,0.277952717759907
08/09/2026 12:56:07,2025-06-06 00:00:00,Índice del mercado bursátil colombiano - COLCAP,1651.21,-4.74,-0.286240526585948
08/09/2026 12:56:07,2025-06-09 00:00:00,Índice del mercado bursátil colombiano - COLCAP,1635.71,-15.5,-0.938705555320038
08/09/2026 12:56:07,2025-06-10 00:00:00,Índice del mercado bursátil colombiano - COLCAP,1649.53,13.82,0.844893043387887
08/09/2026 12:56:07,2025-06-11 00:00:00,Índice del mercado bursátil colombiano - COLCAP,1659.35,9.82,0.595321091462417
08/09/2026 12:56:07,2025-06-12 00:00:00,Índice del mercado bursátil colombiano - COLCAP,1648.88,-10.47,-0.63096995811613
08/09/2026 12:56:07,2025-06-13 00:00:00,Índice del mercado bursátil colombiano - COLCAP,1648.92,0.04,0.002425889088351
08/09/2026 12:56:07,2025-06-16 00:00:00,Índice del mercado bursátil colombiano - COLCAP,1633.17,-15.75,-0.955170657157412
08/09/2026 12:56:07,2025-06-17 00:00:00,Índice del mercado bursátil colombiano - COLCAP,1631.46,-1.71,-0.104704347985819
08/09/2026 12:56:07,2025-06-18 00:00:00,Índice del mercado bursátil colombiano - COLCAP,1650.7,19.24,1.17931178208476
08/09/2026 12:56:07,2025-06-19 00:00:00,Índice del mercado bursátil colombiano - COLCAP,1653.04,2.34,0.14175804204277
08/09/2026 12:56:07,2025-06-20 00:00:00,Índice del mercado bursátil colombiano - COLCAP,1647.78,-5.26,-0.318201616415816
08/09/2026 12:56:07,2025-06-24 00:00:00,Índice del mercado bursátil colombiano - COLCAP,1671.64,23.86,1.44800883613104
08/09/2026 12:56:07,2025-06-25 00:00:00,Índice del mercado bursátil colombiano - COLCAP,1672.88,1.24,0.074178650905697
08/09/2026 12:56:07,2025-06-26 00:00:00,Índice del mercado bursátil colombiano - COLCAP,1678.59,5.71,0.341327530964564
08/09/2026 12:56:07,2025-06-27 00:00:00,Índice del mercado bursátil colombiano - COLCAP,1668.33,-10.26,-0.611227280038604
08/09/2026 12:56:07,2025-07-01 00:00:00,Índice del mercado bursátil colombiano - COLCAP,1674.79,6.46,0.387213560866255
08/09/2026 12:56:07,2025-07-02 00:00:00,Índice del mercado bursátil colombiano - COLCAP,1693.94,19.15,1.14342693710853
08/09/2026 12:56:07,2025-07-03 00:00:00,Índice del mercado bursátil colombiano - COLCAP,1684.07,-9.87,-0.582665265593823
08/09/2026 12:56:07,2025-07-04 00:00:00,Índice del mercado bursátil colombiano - COLCAP,1686.87,2.8,0.166263872641874
08/09/2026 12:56:07,2025-07-07 00:00:00,Índice del mercado bursátil colombiano - COLCAP,1684.81,-2.06,-0.122119665415829
08/09/2026 12:56:07,2025-07-08 00:00:00,Índice del mercado bursátil colombiano - COLCAP,1688.33,3.52,0.208925635531603
08/09/2026 12:56:07,2025-07-09 00:00:00,Índice del mercado bursátil colombiano - COLCAP,1675.18,-13.15,-0.778876167573875
08/09/2026 12:56:07,2025-07-10 00:00:00,Índice del mercado bursátil colombiano - COLCAP,1683.16,7.98,0.476366718800368
08/09/2026 12:56:07,2025-07-11 00:00:00,Índice del mercado bursátil colombiano - COLCAP,1688.47,5.31,0.315478029420851
08/09/2026 12:56:07,2025-07-14 00:00:00,Índice del mercado bursátil colombiano - COLCAP,1689.69,1.22,0.072254763187975
08/09/2026 12:56:07,2025-07-15 00:00:00,Índice del mercado bursátil colombiano - COLCAP,1699.41,9.72,0.575253448857483
08/09/2026 12:56:07,2025-07-16 00:00:00,Índice del mercado bursátil colombiano - COLCAP,1701.62,2.21,0.130045133310973
08/09/2026 12:56:07,2025-07-17 00:00:00,Índice del mercado bursátil colombiano - COLCAP,1745.28,43.66,2.56579024694115
08/09/2026 12:56:07,2025-07-18 00:00:00,Índice del mercado bursátil colombiano - COLCAP,1733.54,-11.74,-0.672671433810048
08/09/2026 12:56:07,2025-07-21 00:00:00,Índice del mercado bursátil colombiano - COLCAP,1742.56,9.02,0.520322576923521
08/09/2026 12:56:07,2025-07-22 00:00:00,Índice del mercado bursátil colombiano - COLCAP,1727.55,-15.01,-0.861376365806629
08/09/2026 12:56:07,2025-07-23 00:00:00,Índice del mercado bursátil colombiano - COLCAP,1716.19,-11.36,-0.657578651847993
08/09/2026 12:56:07,2025-07-24 00:00:00,Índice del mercado bursátil colombiano - COLCAP,1709.73,-6.46,-0.376415198783351
08/09/2026 12:56:07,2025-07-25 00:00:00,Índice del mercado bursátil colombiano - COLCAP,1709.23,-0.5,-0.029244383616127
08/09/2026 12:56:07,2025-07-28 00:00:00,Índice del mercado bursátil colombiano - COLCAP,1762.46,53.23,3.11426782820334
08/09/2026 12:56:07,2025-07-29 00:00:00,Índice del mercado bursátil colombiano - COLCAP,1757.87,-4.59,-0.260431442415714
08/09/2026 12:56:07,2025-07-30 00:00:00,Índice del mercado bursátil colombiano - COLCAP,1759.9,2.03,0.115480666943517
08/09/2026 12:56:07,2025-07-31 00:00:00,Índice del mercado bursátil colombiano - COLCAP,1772.88,12.98,0.737541905790102
08/09/2026 12:56:07,2025-08-01 00:00:00,Índice del mercado bursátil colombiano - COLCAP,1751.56,-21.32,-1.2025630612337
08/09/2026 12:56:07,2025-08-04 00:00:00,Índice del mercado bursátil colombiano - COLCAP,1751.55,-0.01,-0.000570919637352
08/09/2026 12:56:07,2025-08-05 00:00:00,Índice del mercado bursátil colombiano - COLCAP,1761.81,10.26,0.585766892181211
08/09/2026 12:56:07,2025-08-06 00:00:00,Índice del mercado bursátil colombiano - COLCAP,1774.53,12.72,0.721984777019088
08/09/2026 12:56:07,2025-08-08 00:00:00,Índice del mercado bursátil colombiano - COLCAP,1802.78,28.25,1.59197083171319
08/09/2026 12:56:07,2025-08-11 00:00:00,Índice del mercado bursátil colombiano - COLCAP,1812.81,10.03,0.556362950554144
08/09/2026 12:56:07,2025-08-12 00:00:00,Índice del mercado bursátil colombiano - COLCAP,1812.19,-0.62,-0.034201046993342
08/09/2026 12:56:07,2025-08-13 00:00:00,Índice del mercado bursátil colombiano - COLCAP,1826.99,14.8,0.81669140653022
08/09/2026 12:56:07,2025-08-14 00:00:00,Índice del mercado bursátil colombiano - COLCAP,1845.64,18.65,1.02080471157478
08/09/2026 12:56:07,2025-08-15 00:00:00,Índice del mercado bursátil colombiano - COLCAP,1856.83,11.19,0.606293751760907
08/09/2026 12:56:07,2025-08-19 00:00:00,Índice del mercado bursátil colombiano - COLCAP,1853.52,-3.31,-0.17826079931927
08/09/2026 12:56:07,2025-08-20 00:00:00,Índice del mercado bursátil colombiano - COLCAP,1855.31,1.79,0.096573007035263
08/09/2026 12:56:07,2025-08-21 00:00:00,Índice del mercado bursátil colombiano - COLCAP,1852.35,-2.96,-0.15954207113636
08/09/2026 12:56:07,2025-08-22 00:00:00,Índice del mercado bursátil colombiano - COLCAP,1858.45,6.1,0.329311415229303
08/09/2026 12:56:07,2025-08-25 00:00:00,Índice del mercado bursátil colombiano - COLCAP,1850.02,-8.43,-0.453603809626301
08/09/2026 12:56:07,2025-08-26 00:00:00,Índice del mercado bursátil colombiano - COLCAP,1855.52,5.5,0.297294083307207
08/09/2026 12:56:07,2025-08-27 00:00:00,Índice del mercado bursátil colombiano - COLCAP,1843.98,-11.54,-0.62192808484953
08/09/2026 12:56:07,2025-08-28 00:00:00,Índice del mercado bursátil colombiano - COLCAP,1838.34,-5.64,-0.30586015032701
08/09/2026 12:56:07,2025-08-29 00:00:00,Índice del mercado bursátil colombiano - COLCAP,1845.6,7.26,0.39492150527106
08/09/2026 12:56:07,2025-09-01 00:00:00,Índice del mercado bursátil colombiano - COLCAP,1842.81,-2.79,-0.151170351105332
08/09/2026 12:56:07,2025-09-02 00:00:00,Índice del mercado bursátil colombiano - COLCAP,1829.25,-13.56,-0.735832777117554
08/09/2026 12:56:07,2025-09-03 00:00:00,Índice del mercado bursátil colombiano - COLCAP,1831.72,2.47,0.135028016946836
08/09/2026 12:56:07,2025-09-04 00:00:00,Índice del mercado bursátil colombiano - COLCAP,1832.66,0.94,0.051317887013299
08/09/2026 12:56:07,2025-09-05 00:00:00,Índice del mercado bursátil colombiano - COLCAP,1862.87,30.21,1.6484236028505
08/09/2026 12:56:07,2025-09-08 00:00:00,Índice del mercado bursátil colombiano - COLCAP,1871.14,8.27,0.443938653797635
08/09/2026 12:56:07,2025-09-09 00:00:00,Índice del mercado bursátil colombiano - COLCAP,1867.99,-3.15,-0.168346569471018
08/09/2026 12:56:07,2025-09-10 00:00:00,Índice del mercado bursátil colombiano - COLCAP,1873.17,5.18,0.277303411688499
08/09/2026 12:56:07,2025-09-11 00:00:00,Índice del mercado bursátil colombiano - COLCAP,1854.57,-18.6,-0.992969137878569
08/09/2026 12:56:07,2025-09-12 00:00:00,Índice del mercado bursátil colombiano - COLCAP,1845.61,-8.96,-0.483130860522924
08/09/2026 12:56:07,2025-09-15 00:00:00,Índice del mercado bursátil colombiano - COLCAP,1847.03,1.42,0.076939331711467
08/09/2026 12:56:07,2025-09-16 00:00:00,Índice del mercado bursátil colombiano - COLCAP,1838.67,-8.36,-0.452618528123528
08/09/2026 12:56:07,2025-09-17 00:00:00,Índice del mercado bursátil colombiano - COLCAP,1834.3,-4.37,-0.23767179537383
08/09/2026 12:56:07,2025-09-18 00:00:00,Índice del mercado bursátil colombiano - COLCAP,1823.31,-10.99,-0.599138635991932
08/09/2026 12:56:07,2025-09-19 00:00:00,Índice del mercado bursátil colombiano - COLCAP,1858.13,34.82,1.90971365264272
08/09/2026 12:56:07,2025-09-22 00:00:00,Índice del mercado bursátil colombiano - COLCAP,1871.52,13.39,0.720616964367402
08/09/2026 12:56:07,2025-09-23 00:00:00,Índice del mercado bursátil colombiano - COLCAP,1871.46,-0.06,-0.003205950243652
08/09/2026 12:56:07,2025-09-24 00:00:00,Índice del mercado bursátil colombiano - COLCAP,1880.71,9.25,0.494266508501384
08/09/2026 12:56:07,2025-09-25 00:00:00,Índice del mercado bursátil colombiano - COLCAP,1875.73,-4.98,-0.264793615177247
08/09/2026 12:56:07,2025-09-26 00:00:00,Índice del mercado bursátil colombiano - COLCAP,1863.45,-12.28,-0.654678445192005
08/09/2026 12:56:07,2025-09-29 00:00:00,Índice del mercado bursátil colombiano - COLCAP,1874.87,11.42,0.612841771982076
08/09/2026 12:56:07,2025-09-30 00:00:00,Índice del mercado bursátil colombiano - COLCAP,1872.36,-2.51,-0.133875948732445
08/09/2026 12:56:07,2025-10-01 00:00:00,Índice del mercado bursátil colombiano - COLCAP,1862.92,-9.44,-0.504176547245188
08/09/2026 12:56:07,2025-10-02 00:00:00,Índice del mercado bursátil colombiano - COLCAP,1848.94,-13.98,-0.750434801279712
08/09/2026 12:56:07,2025-10-03 00:00:00,Índice del mercado bursátil colombiano - COLCAP,1852.74,3.8,0.205523164624055
08/09/2026 12:56:07,2025-10-06 00:00:00,Índice del mercado bursátil colombiano - COLCAP,1863.19,10.45,0.564029491455898
08/09/2026 12:56:07,2025-10-07 00:00:00,Índice del mercado bursátil colombiano - COLCAP,1855.73,-7.46,-0.400388580874736
08/09/2026 12:56:07,2025-10-08 00:00:00,Índice del mercado bursátil colombiano - COLCAP,1875.25,19.52,1.05187715885393
08/09/2026 12:56:07,2025-10-09 00:00:00,Índice del mercado bursátil colombiano - COLCAP,1889.25,14,0.746567124383416
08/09/2026 12:56:07,2025-10-10 00:00:00,Índice del mercado bursátil colombiano - COLCAP,1869.78,-19.47,-1.03056768558952
08/09/2026 12:56:07,2025-10-14 00:00:00,Índice del mercado bursátil colombiano - COLCAP,1891.64,21.86,1.16912150092524
08/09/2026 12:56:07,2025-10-15 00:00:00,Índice del mercado bursátil colombiano - COLCAP,1891.39,-0.25,-0.013216045336322
08/09/2026 12:56:07,2025-10-16 00:00:00,Índice del mercado bursátil colombiano - COLCAP,1898.86,7.47,0.394947631107281
08/09/2026 12:56:07,2025-10-17 00:00:00,Índice del mercado bursátil colombiano - COLCAP,1924.26,25.4,1.3376446920784
08/09/2026 12:56:07,2025-10-20 00:00:00,Índice del mercado bursátil colombiano - COLCAP,1897.42,-26.84,-1.3948219055637
08/09/2026 12:56:07,2025-10-21 00:00:00,Índice del mercado bursátil colombiano - COLCAP,1888.56,-8.86,-0.466949858228542
08/09/2026 12:56:07,2025-10-22 00:00:00,Índice del mercado bursátil colombiano - COLCAP,1915.75,27.19,1.43972126911509
08/09/2026 12:56:07,2025-10-23 00:00:00,Índice del mercado bursátil colombiano - COLCAP,1925,9.25,0.482839618948193
08/09/2026 12:56:07,2025-10-24 00:00:00,Índice del mercado bursátil colombiano - COLCAP,1945.79,20.79,1.08
08/09/2026 12:56:07,2025-10-27 00:00:00,Índice del mercado bursátil colombiano - COLCAP,1956.37,10.58,0.543738019005134
08/09/2026 12:56:07,2025-10-28 00:00:00,Índice del mercado bursátil colombiano - COLCAP,1977.47,21.1,1.07852809028967
08/09/2026 12:56:07,2025-10-29 00:00:00,Índice del mercado bursátil colombiano - COLCAP,1993.83,16.36,0.827319757063318
08/09/2026 12:56:07,2025-10-30 00:00:00,Índice del mercado bursátil colombiano - COLCAP,1990.74,-3.09,-0.154978107461519
08/09/2026 12:56:07,2025-10-31 00:00:00,Índice del mercado bursátil colombiano - COLCAP,1987.12,-3.62,-0.181841928127229
08/09/2026 12:56:07,2025-11-04 00:00:00,Índice del mercado bursátil colombiano - COLCAP,2018.42,31.3,1.57514392688917
08/09/2026 12:56:07,2025-11-05 00:00:00,Índice del mercado bursátil colombiano - COLCAP,2035.82,17.4,0.862060423499569
08/09/2026 12:56:07,2025-11-06 00:00:00,Índice del mercado bursátil colombiano - COLCAP,2045.66,9.84,0.483343321118763
08/09/2026 12:56:07,2025-11-07 00:00:00,Índice del mercado bursátil colombiano - COLCAP,2081.29,35.63,1.74173616338981
08/09/2026 12:56:07,2025-11-10 00:00:00,Índice del mercado bursátil colombiano - COLCAP,2072.04,-9.25,-0.444435902733401
08/09/2026 12:56:07,2025-11-11 00:00:00,Índice del mercado bursátil colombiano - COLCAP,2081.91,9.87,0.476342155556843
08/09/2026 12:56:07,2025-11-12 00:00:00,Índice del mercado bursátil colombiano - COLCAP,2080.68,-1.23,-0.059080363704483
08/09/2026 12:56:07,2025-11-13 00:00:00,Índice del mercado bursátil colombiano - COLCAP,2051.57,-29.11,-1.399061845166
08/09/2026 12:56:07,2025-11-14 00:00:00,Índice del mercado bursátil colombiano - COLCAP,2071.23,19.66,0.958290479973874
08/09/2026 12:56:07,2025-11-18 00:00:00,Índice del mercado bursátil colombiano - COLCAP,2071.34,0.11,0.005310853937033
08/09/2026 12:56:07,2025-11-19 00:00:00,Índice del mercado bursátil colombiano - COLCAP,2061.5,-9.84,-0.475054795446426
08/09/2026 12:56:07,2025-11-20 00:00:00,Índice del mercado bursátil colombiano - COLCAP,2029.18,-32.32,-1.56779044385156
08/09/2026 12:56:07,2025-11-21 00:00:00,Índice del mercado bursátil colombiano - COLCAP,2033.99,4.81,0.237041563587262
08/09/2026 12:56:07,2025-11-24 00:00:00,Índice del mercado bursátil colombiano - COLCAP,1999.67,-34.32,-1.68732392981283
08/09/2026 12:56:07,2025-11-25 00:00:00,Índice del mercado bursátil colombiano - COLCAP,2034.26,34.59,1.72978541459341
08/09/2026 12:56:07,2025-11-26 00:00:00,Índice del mercado bursátil colombiano - COLCAP,2041.08,6.82,0.335257046788513
08/09/2026 12:56:07,2025-11-27 00:00:00,Índice del mercado bursátil colombiano - COLCAP,2051.65,10.57,0.517863092088502
08/09/2026 12:56:07,2025-11-28 00:00:00,Índice del mercado bursátil colombiano - COLCAP,2073.28,21.63,1.05427338971072
08/09/2026 12:56:07,2025-12-01 00:00:00,Índice del mercado bursátil colombiano - COLCAP,2081.43,8.15,0.393096928538355
08/09/2026 12:56:07,2025-12-02 00:00:00,Índice del mercado bursátil colombiano - COLCAP,2115.75,34.32,1.64886640434701
08/09/2026 12:56:07,2025-12-03 00:00:00,Índice del mercado bursátil colombiano - COLCAP,2105.66,-10.09,-0.47689944464138
08/09/2026 12:56:07,2025-12-04 00:00:00,Índice del mercado bursátil colombiano - COLCAP,2115.96,10.3,0.489157793755877
08/09/2026 12:56:07,2025-12-05 00:00:00,Índice del mercado bursátil colombiano - COLCAP,2112.7,-3.26,-0.15406718463487
08/09/2026 12:56:07,2025-12-09 00:00:00,Índice del mercado bursátil colombiano - COLCAP,2123.58,10.88,0.514980830217258
08/09/2026 12:56:07,2025-12-10 00:00:00,Índice del mercado bursátil colombiano - COLCAP,2119.71,-3.87,-0.182239425875173
08/09/2026 12:56:07,2025-12-11 00:00:00,Índice del mercado bursátil colombiano - COLCAP,2114.21,-5.5,-0.259469455727434
08/09/2026 12:56:07,2025-12-12 00:00:00,Índice del mercado bursátil colombiano - COLCAP,2108.7,-5.51,-0.260617441029983
08/09/2026 12:56:07,2025-12-15 00:00:00,Índice del mercado bursátil colombiano - COLCAP,2091.6,-17.1,-0.810926163038839
08/09/2026 12:56:07,2025-12-16 00:00:00,Índice del mercado bursátil colombiano - COLCAP,2075.88,-15.72,-0.751577739529547
08/09/2026 12:56:07,2025-12-17 00:00:00,Índice del mercado bursátil colombiano - COLCAP,2053.25,-22.63,-1.0901400851687
08/09/2026 12:56:07,2025-12-18 00:00:00,Índice del mercado bursátil colombiano - COLCAP,2055.1,1.85,0.090101059296238
08/09/2026 12:56:07,2025-12-19 00:00:00,Índice del mercado bursátil colombiano - COLCAP,2048.99,-6.11,-0.297309133375505
08/09/2026 12:56:07,2025-12-22 00:00:00,Índice del mercado bursátil colombiano - COLCAP,2056.64,7.65,0.373354677182417
08/09/2026 12:56:07,2025-12-23 00:00:00,Índice del mercado bursátil colombiano - COLCAP,2075.32,18.68,0.908277578963747
08/09/2026 12:56:07,2025-12-24 00:00:00,Índice del mercado bursátil colombiano - COLCAP,2081.4,6.08,0.292966867760153
08/09/2026 12:56:07,2025-12-26 00:00:00,Índice del mercado bursátil colombiano - COLCAP,2081.58,0.18,0.008648025367541
08/09/2026 12:56:07,2025-12-29 00:00:00,Índice del mercado bursátil colombiano - COLCAP,2108.15,26.57,1.27643424706233
08/09/2026 12:56:07,2025-12-30 00:00:00,Índice del mercado bursátil colombiano - COLCAP,2068.01,-40.14,-1.90403908640277
08/09/2026 12:56:07,2026-01-02 00:00:00,Índice del mercado bursátil colombiano - COLCAP,2069.02,1.01,0.048839222247475
08/09/2026 12:56:07,2026-01-05 00:00:00,Índice del mercado bursátil colombiano - COLCAP,2134.26,65.24,3.153183632831
08/09/2026 12:56:07,2026-01-06 00:00:00,Índice del mercado bursátil colombiano - COLCAP,2175.89,41.63,1.95055897594482
08/09/2026 12:56:07,2026-01-07 00:00:00,Índice del mercado bursátil colombiano - COLCAP,2171.87,-4.02,-0.184751986543437
08/09/2026 12:56:07,2026-01-08 00:00:00,Índice del mercado bursátil colombiano - COLCAP,2187.07,15.2,0.699857726291168
08/09/2026 12:56:07,2026-01-09 00:00:00,Índice del mercado bursátil colombiano - COLCAP,2213.35,26.28,1.2016076302999
08/09/2026 12:56:07,2026-01-13 00:00:00,Índice del mercado bursátil colombiano - COLCAP,2236.51,23.16,1.0463776628188
08/09/2026 12:56:07,2026-01-14 00:00:00,Índice del mercado bursátil colombiano - COLCAP,2261.62,25.11,1.12273139847351
08/09/2026 12:56:07,2026-01-15 00:00:00,Índice del mercado bursátil colombiano - COLCAP,2287.47,25.85,1.14298600118499
08/09/2026 12:56:07,2026-01-16 00:00:00,Índice del mercado bursátil colombiano - COLCAP,2345.4,57.93,2.53249222940629
08/09/2026 12:56:07,2026-01-19 00:00:00,Índice del mercado bursátil colombiano - COLCAP,2377.57,32.17,1.37162104545067
08/09/2026 12:56:07,2026-01-20 00:00:00,Índice del mercado bursátil colombiano - COLCAP,2402.01,24.44,1.02794029197879
08/09/2026 12:56:07,2026-01-21 00:00:00,Índice del mercado bursátil colombiano - COLCAP,2444.98,42.97,1.78891844746691
08/09/2026 12:56:07,2026-01-22 00:00:00,Índice del mercado bursátil colombiano - COLCAP,2433.78,-11.2,-0.458081456699032
08/09/2026 12:56:07,2026-01-23 00:00:00,Índice del mercado bursátil colombiano - COLCAP,2482.72,48.94,2.01086375925515
08/09/2026 12:56:07,2026-01-26 00:00:00,Índice del mercado bursátil colombiano - COLCAP,2521.54,38.82,1.5636076561191
08/09/2026 12:56:07,2026-01-27 00:00:00,Índice del mercado bursátil colombiano - COLCAP,2496.18,-25.36,-1.00573459076596
08/09/2026 12:56:07,2026-01-28 00:00:00,Índice del mercado bursátil colombiano - COLCAP,2506.43,10.25,0.410627438726374
08/09/2026 12:56:07,2026-01-29 00:00:00,Índice del mercado bursátil colombiano - COLCAP,2493.35,-13.08,-0.521857781785248
08/09/2026 12:56:07,2026-01-30 00:00:00,Índice del mercado bursátil colombiano - COLCAP,2474.76,-18.59,-0.745583251448854
08/09/2026 12:56:07,2026-02-02 00:00:00,Índice del mercado bursátil colombiano - COLCAP,2422.51,-52.25,-2.11131584476879
08/09/2026 12:56:07,2026-02-03 00:00:00,Índice del mercado bursátil colombiano - COLCAP,2436.73,14.22,0.586994480930935
08/09/2026 12:56:07,2026-02-04 00:00:00,Índice del mercado bursátil colombiano - COLCAP,2381.04,-55.69,-2.28543991332647
08/09/2026 12:56:07,2026-02-05 00:00:00,Índice del mercado bursátil colombiano - COLCAP,2320.55,-60.49,-2.54048651009643
08/09/2026 12:56:07,2026-02-06 00:00:00,Índice del mercado bursátil colombiano - COLCAP,2370.1,49.55,2.13526965590054
08/09/2026 12:56:07,2026-02-09 00:00:00,Índice del mercado bursátil colombiano - COLCAP,2396.01,25.91,1.09320281844648
08/09/2026 12:56:07,2026-02-10 00:00:00,Índice del mercado bursátil colombiano - COLCAP,2418.04,22.03,0.919445244385458
08/09/2026 12:56:07,2026-02-11 00:00:00,Índice del mercado bursátil colombiano - COLCAP,2375.82,-42.22,-1.74604224909431
08/09/2026 12:56:07,2026-02-12 00:00:00,Índice del mercado bursátil colombiano - COLCAP,2323.94,-51.88,-2.18366711282841
08/09/2026 12:56:07,2026-02-13 00:00:00,Índice del mercado bursátil colombiano - COLCAP,2343.28,19.34,0.832207371963132
08/09/2026 12:56:07,2026-02-16 00:00:00,Índice del mercado bursátil colombiano - COLCAP,2361.44,18.16,0.774982076405722
08/09/2026 12:56:07,2026-02-17 00:00:00,Índice del mercado bursátil colombiano - COLCAP,2362.45,1.01,0.042770512907378
08/09/2026 12:56:07,2026-02-18 00:00:00,Índice del mercado bursátil colombiano - COLCAP,2366.46,4.01,0.169739042096129
08/09/2026 12:56:07,2026-02-19 00:00:00,Índice del mercado bursátil colombiano - COLCAP,2386.38,19.92,0.841763646966355
08/09/2026 12:56:07,2026-02-20 00:00:00,Índice del mercado bursátil colombiano - COLCAP,2417.81,31.43,1.31705763541431
08/09/2026 12:56:07,2026-02-23 00:00:00,Índice del mercado bursátil colombiano - COLCAP,2468.58,50.77,2.09983414743094
08/09/2026 12:56:07,2026-02-24 00:00:00,Índice del mercado bursátil colombiano - COLCAP,2395.81,-72.77,-2.94784856071102
08/09/2026 12:56:07,2026-02-25 00:00:00,Índice del mercado bursátil colombiano - COLCAP,2382.41,-13.4,-0.559309795017134
08/09/2026 12:56:07,2026-02-26 00:00:00,Índice del mercado bursátil colombiano - COLCAP,2283.91,-98.5,-4.13446887815279
08/09/2026 12:56:07,2026-02-27 00:00:00,Índice del mercado bursátil colombiano - COLCAP,2222.92,-60.99,-2.6704204631531
08/09/2026 12:56:07,2026-03-02 00:00:00,Índice del mercado bursátil colombiano - COLCAP,2148.11,-74.81,-3.36539326651431
08/09/2026 12:56:07,2026-03-03 00:00:00,Índice del mercado bursátil colombiano - COLCAP,2149.33,1.22,0.056794112033369
08/09/2026 12:56:07,2026-03-04 00:00:00,Índice del mercado bursátil colombiano - COLCAP,2170.53,21.2,0.986353887025259
08/09/2026 12:56:07,2026-03-05 00:00:00,Índice del mercado bursátil colombiano - COLCAP,2182.36,11.83,0.545028172842578
08/09/2026 12:56:07,2026-03-06 00:00:00,Índice del mercado bursátil colombiano - COLCAP,2175.41,-6.95,-0.318462581792188
08/09/2026 12:56:07,2026-03-09 00:00:00,Índice del mercado bursátil colombiano - COLCAP,2225.68,50.27,2.31082876331358
08/09/2026 12:56:07,2026-03-10 00:00:00,Índice del mercado bursátil colombiano - COLCAP,2272.65,46.97,2.11036627008375
08/09/2026 12:56:07,2026-03-11 00:00:00,Índice del mercado bursátil colombiano - COLCAP,2275.37,2.72,0.119684069258355
08/09/2026 12:56:07,2026-03-12 00:00:00,Índice del mercado bursátil colombiano - COLCAP,2172.32,-103.05,-4.52893375582872
08/09/2026 12:56:07,2026-03-13 00:00:00,Índice del mercado bursátil colombiano - COLCAP,2180.75,8.43,0.388064373572954
08/09/2026 12:56:07,2026-03-16 00:00:00,Índice del mercado bursátil colombiano - COLCAP,2185.52,4.77,0.218732087584547
08/09/2026 12:56:07,2026-03-17 00:00:00,Índice del mercado bursátil colombiano - COLCAP,2184.49,-1.03,-0.047128372195176
08/09/2026 12:56:07,2026-03-18 00:00:00,Índice del mercado bursátil colombiano - COLCAP,2178.92,-5.57,-0.254979423114777
08/09/2026 12:56:07,2026-03-19 00:00:00,Índice del mercado bursátil colombiano - COLCAP,2199.95,21.03,0.965157050281791
08/09/2026 12:56:07,2026-03-20 00:00:00,Índice del mercado bursátil colombiano - COLCAP,2230.71,30.76,1.39821359576354
08/09/2026 12:56:07,2026-03-24 00:00:00,Índice del mercado bursátil colombiano - COLCAP,2237.66,6.95,0.311559996593013
08/09/2026 12:56:07,2026-03-25 00:00:00,Índice del mercado bursátil colombiano - COLCAP,2273.65,35.99,1.60837660770626
08/09/2026 12:56:07,2026-03-26 00:00:00,Índice del mercado bursátil colombiano - COLCAP,2233.4,-40.25,-1.77028126580608
08/09/2026 12:56:07,2026-03-27 00:00:00,Índice del mercado bursátil colombiano - COLCAP,2212.65,-20.75,-0.929076743977792
08/09/2026 12:56:07,2026-03-30 00:00:00,Índice del mercado bursátil colombiano - COLCAP,2194.95,-17.7,-0.79994576638872
08/09/2026 12:56:07,2026-03-31 00:00:00,Índice del mercado bursátil colombiano - COLCAP,2286.41,91.46,4.16683751338299
08/09/2026 12:56:07,2026-04-01 00:00:00,Índice del mercado bursátil colombiano - COLCAP,2280.95,-5.46,-0.23880231454551
08/09/2026 12:56:07,2026-04-06 00:00:00,Índice del mercado bursátil colombiano - COLCAP,2300.66,19.71,0.864113636861834
08/09/2026 12:56:07,2026-04-07 00:00:00,Índice del mercado bursátil colombiano - COLCAP,2276.32,-24.34,-1.05795728182348
08/09/2026 12:56:07,2026-04-08 00:00:00,Índice del mercado bursátil colombiano - COLCAP,2286.05,9.73,0.427444296056793
08/09/2026 12:56:07,2026-04-09 00:00:00,Índice del mercado bursátil colombiano - COLCAP,2294.2,8.15,0.356510137573544
08/09/2026 12:56:07,2026-04-10 00:00:00,Índice del mercado bursátil colombiano - COLCAP,2301.78,7.58,0.330398395955017
08/09/2026 12:56:07,2026-04-13 00:00:00,Índice del mercado bursátil colombiano - COLCAP,2347.36,45.58,1.98020662270069
08/09/2026 12:56:07,2026-04-14 00:00:00,Índice del mercado bursátil colombiano - COLCAP,2359.48,12.12,0.516324722241156
08/09/2026 12:56:07,2026-04-15 00:00:00,Índice del mercado bursátil colombiano - COLCAP,2324.59,-34.89,-1.47871564921084
08/09/2026 12:56:07,2026-04-16 00:00:00,Índice del mercado bursátil colombiano - COLCAP,2332.77,8.18,0.351890010711566
08/09/2026 12:56:07,2026-04-17 00:00:00,Índice del mercado bursátil colombiano - COLCAP,2301.86,-30.91,-1.3250341868251
08/09/2026 12:56:07,2026-04-20 00:00:00,Índice del mercado bursátil colombiano - COLCAP,2286.82,-15.04,-0.653384654149253
08/09/2026 12:56:07,2026-04-21 00:00:00,Índice del mercado bursátil colombiano - COLCAP,2282.09,-4.73,-0.206837442387245
08/09/2026 12:56:07,2026-04-22 00:00:00,Índice del mercado bursátil colombiano - COLCAP,2283.62,1.53,0.067043806335421
08/09/2026 12:56:07,2026-04-23 00:00:00,Índice del mercado bursátil colombiano - COLCAP,2252.27,-31.35,-1.37282034664261
08/09/2026 12:56:07,2026-04-24 00:00:00,Índice del mercado bursátil colombiano - COLCAP,2232.9,-19.37,-0.860021223032763
08/09/2026 12:56:07,2026-04-27 00:00:00,Índice del mercado bursátil colombiano - COLCAP,2189.86,-43.04,-1.92753817904967
08/09/2026 12:56:07,2026-04-28 00:00:00,Índice del mercado bursátil colombiano - COLCAP,2167.42,-22.44,-1.02472304165563
08/09/2026 12:56:07,2026-04-29 00:00:00,Índice del mercado bursátil colombiano - COLCAP,2144.99,-22.43,-1.03487095256111
08/09/2026 12:56:07,2026-04-30 00:00:00,Índice del mercado bursátil colombiano - COLCAP,2178,33.01,1.53893491344948
08/09/2026 12:56:07,2026-05-04 00:00:00,Índice del mercado bursátil colombiano - COLCAP,2169.52,-8.48,-0.389348025711662
08/09/2026 12:56:07,2026-05-05 00:00:00,Índice del mercado bursátil colombiano - COLCAP,2171.54,2.02,0.093108152955493
08/09/2026 12:56:07,2026-05-06 00:00:00,Índice del mercado bursátil colombiano - COLCAP,2187.45,15.91,0.732659771406467
08/09/2026 12:56:07,2026-05-07 00:00:00,Índice del mercado bursátil colombiano - COLCAP,2165.94,-21.51,-0.983336761983131
08/09/2026 12:56:07,2026-05-08 00:00:00,Índice del mercado bursátil colombiano - COLCAP,2122.7,-43.24,-1.9963618567458
08/09/2026 12:56:07,2026-05-11 00:00:00,Índice del mercado bursátil colombiano - COLCAP,2109.15,-13.55,-0.638337965798276
08/09/2026 12:56:07,2026-05-12 00:00:00,Índice del mercado bursátil colombiano - COLCAP,2088.66,-20.49,-0.971481402460707
08/09/2026 12:56:07,2026-05-13 00:00:00,Índice del mercado bursátil colombiano - COLCAP,2073.46,-15.2,-0.727739316116553
08/09/2026 12:56:07,2026-05-14 00:00:00,Índice del mercado bursátil colombiano - COLCAP,2121.95,48.49,2.33860310784872
08/09/2026 12:56:07,2026-05-15 00:00:00,Índice del mercado bursátil colombiano - COLCAP,2101.08,-20.87,-0.983529300878909
08/09/2026 12:56:07,2026-05-19 00:00:00,Índice del mercado bursátil colombiano - COLCAP,2110.01,8.93,0.425019513773869
08/09/2026 12:56:07,2026-05-20 00:00:00,Índice del mercado bursátil colombiano - COLCAP,2089.76,-20.25,-0.959711091416628
08/09/2026 12:56:07,2026-05-21 00:00:00,Índice del mercado bursátil colombiano - COLCAP,2101.35,11.59,0.554609141719623
08/09/2026 12:56:07,2026-05-22 00:00:00,Índice del mercado bursátil colombiano - COLCAP,2083.39,-17.96,-0.854688652532896
08/09/2026 12:56:07,2026-05-25 00:00:00,Índice del mercado bursátil colombiano - COLCAP,2132.79,49.4,2.37113550511426
08/09/2026 12:56:07,2026-05-26 00:00:00,Índice del mercado bursátil colombiano - COLCAP,2228.3,95.51,4.47817178437633
08/09/2026 12:56:07,2026-05-27 00:00:00,Índice del mercado bursátil colombiano - COLCAP,2194.76,-33.54,-1.50518332360993
08/09/2026 12:56:07,2026-05-28 00:00:00,Índice del mercado bursátil colombiano - COLCAP,2182.57,-12.19,-0.555413803787202
08/09/2026 12:56:07,2026-05-29 00:00:00,Índice del mercado bursátil colombiano - COLCAP,2176.9,-5.67,-0.259785482252574
08/09/2026 12:56:07,2026-06-01 00:00:00,Índice del mercado bursátil colombiano - COLCAP,2254.58,77.68,3.56837704993339
08/09/2026 12:56:07,2026-06-02 00:00:00,Índice del mercado bursátil colombiano - COLCAP,2264.61,10.03,0.444872215667663
08/09/2026 12:56:07,2026-06-03 00:00:00,Índice del mercado bursátil colombiano - COLCAP,2238.99,-25.62,-1.13132062474333
08/09/2026 12:56:07,2026-06-04 00:00:00,Índice del mercado bursátil colombiano - COLCAP,2228.19,-10.8,-0.482360349979232
08/09/2026 12:56:07,2026-06-05 00:00:00,Índice del mercado bursátil colombiano - COLCAP,2192.97,-35.22,-1.58065515059308
08/09/2026 12:56:07,2026-06-09 00:00:00,Índice del mercado bursátil colombiano - COLCAP,2252.33,59.36,2.70683137480221
08/09/2026 12:56:07,2026-06-10 00:00:00,Índice del mercado bursátil colombiano - COLCAP,2262.54,10.21,0.453308351795696
08/09/2026 12:56:07,2026-06-11 00:00:00,Índice del mercado bursátil colombiano - COLCAP,2350.77,88.23,3.89959956509056
08/09/2026 12:56:07,2026-06-12 00:00:00,Índice del mercado bursátil colombiano - COLCAP,2386.78,36.01,1.53183850397955
08/09/2026 12:56:07,2026-06-16 00:00:00,Índice del mercado bursátil colombiano - COLCAP,2371.18,-15.6,-0.653600248032915
08/09/2026 12:56:07,2026-06-17 00:00:00,Índice del mercado bursátil colombiano - COLCAP,2377.03,5.85,0.246712607225095
08/09/2026 12:56:07,2026-06-18 00:00:00,Índice del mercado bursátil colombiano - COLCAP,2406.14,29.11,1.2246374677644
08/09/2026 12:56:07,2026-06-19 00:00:00,Índice del mercado bursátil colombiano - COLCAP,2502.96,96.82,4.02387226013449
08/09/2026 12:56:07,2026-06-22 00:00:00,Índice del mercado bursátil colombiano - COLCAP,2393.3,-109.66,-4.38121264422923
08/09/2026 12:56:07,2026-06-23 00:00:00,Índice del mercado bursátil colombiano - COLCAP,2347.07,-46.23,-1.93164250198471
08/09/2026 12:56:07,2026-06-24 00:00:00,Índice del mercado bursátil colombiano - COLCAP,2270.97,-76.1,-3.24234045000788
08/09/2026 12:56:07,2026-06-25 00:00:00,Índice del mercado bursátil colombiano - COLCAP,2261.53,-9.44,-0.415681404862239
08/09/2026 12:56:07,2026-06-26 00:00:00,Índice del mercado bursátil colombiano - COLCAP,2286.19,24.66,1.090412243039
08/09/2026 12:56:07,2026-06-30 00:00:00,Índice del mercado bursátil colombiano - COLCAP,2269.08,-17.11,-0.748406737847685
08/09/2026 12:56:07,2026-07-01 00:00:00,Índice del mercado bursátil colombiano - COLCAP,2259.83,-9.25,-0.407654203465722
08/09/2026 12:56:07,2026-07-02 00:00:00,Índice del mercado bursátil colombiano - COLCAP,2260.13,0.3,0.013275334870322
08/09/2026 12:56:07,2026-07-03 00:00:00,Índice del mercado bursátil colombiano - COLCAP,2295.72,35.59,1.57468818165327
08/09/2026 12:56:07,2026-07-06 00:00:00,Índice del mercado bursátil colombiano - COLCAP,2295.85,0.13,0.005662711480494
08/09/2026 12:56:07,2026-07-07 00:00:00,Índice del mercado bursátil colombiano - COLCAP,2294.46,-1.39,-0.060544025088747
08/09/2026 12:56:07,2026-07-08 00:00:00,Índice del mercado bursátil colombiano - COLCAP,2312.96,18.5,0.80628993314331
08/09/2026 12:56:07,2026-07-09 00:00:00,Índice del mercado bursátil colombiano - COLCAP,2292.75,-20.21,-0.873772136137244
08/09/2026 12:56:07,2026-07-10 00:00:00,Índice del mercado bursátil colombiano - COLCAP,2307.67,14.92,0.650746919637989
08/09/2026 12:56:07,2026-07-14 00:00:00,Índice del mercado bursátil colombiano - COLCAP,2298.73,-8.94,-0.387403744902867
08/09/2026 12:56:07,2026-07-15 00:00:00,Índice del mercado bursátil colombiano - COLCAP,2292.03,-6.7,-0.291465287354322
08/09/2026 12:56:07,2026-07-16 00:00:00,Índice del mercado bursátil colombiano - COLCAP,2285.11,-6.92,-0.301915768990807
08/09/2026 12:56:07,2026-07-17 00:00:00,Índice del mercado bursátil colombiano - COLCAP,2298.34,13.23,0.578965564020988
08/09/2026 12:56:07,2026-07-21 00:00:00,Índice del mercado bursátil colombiano - COLCAP,2301.34,3,0.130528990488788
08/09/2026 12:56:07,2026-07-22 00:00:00,Índice del mercado bursátil colombiano - COLCAP,2297,-4.34,-0.188585780458342
08/09/2026 12:56:07,2026-07-23 00:00:00,Índice del mercado bursátil colombiano - COLCAP,2283.28,-13.72,-0.597300827165869
08/09/2026 12:56:07,2026-07-24 00:00:00,Índice del mercado bursátil colombiano - COLCAP,2274.53,-8.75,-0.383220629970919
08/09/2026 12:56:07,2026-07-27 00:00:00,Índice del mercado bursátil colombiano - COLCAP,2282.91,8.38,0.36842776309831
08/09/2026 12:56:07,2026-07-28 00:00:00,Índice del mercado bursátil colombiano - COLCAP,2301.24,18.33,0.802922585647266
08/09/2026 12:56:07,2026-07-29 00:00:00,Índice del mercado bursátil colombiano - COLCAP,2304.68,3.44,0.149484625680068
08/09/2026 12:56:07,2026-07-30 00:00:00,Índice del mercado bursátil colombiano - COLCAP,2342.44,37.76,1.63840533175972
08/09/2026 12:56:07,2026-07-31 00:00:00,Índice del mercado bursátil colombiano - COLCAP,2392.1,49.66,2.12001161182357
08/09/2026 12:56:07,2026-08-03 00:00:00,Índice del mercado bursátil colombiano - COLCAP,2384.67,-7.43,-0.310605743907027
08/09/2026 12:56:07,2026-08-04 00:00:00,Índice del mercado bursátil colombiano - COLCAP,2374.67,-10,-0.419345234351084
08/09/2026 12:56:07,2026-08-05 00:00:00,Índice del mercado bursátil colombiano - COLCAP,2344.8,-29.87,-1.25785898672237
08/09/2026 12:56:07,2026-08-06 00:00:00,Índice del mercado bursátil colombiano - COLCAP,2350.44,5.64,0.240532241555783
08/09/2026 12:56:07,2026-08-10 00:00:00,Índice del mercado bursátil colombiano - COLCAP,2372.5,22.06,0.938547676179779
08/09/2026 12:56:07,2026-08-11 00:00:00,Índice del mercado bursátil colombiano - COLCAP,2423.37,50.87,2.14415173867229
08/09/2026 12:56:07,2026-08-12 00:00:00,Índice del mercado bursátil colombiano - COLCAP,2430.45,7.08,0.292155139330767
08/09/2026 12:56:07,2026-08-13 00:00:00,Índice del mercado bursátil colombiano - COLCAP,2432.1,1.65,0.067888662593347
08/09/2026 12:56:07,2026-08-14 00:00:00,Índice del mercado bursátil colombiano - COLCAP,2452.46,20.36,0.837136630895111
08/09/2026 12:56:07,2026-08-18 00:00:00,Índice del mercado bursátil colombiano - COLCAP,2461.23,8.77,0.35760012395717
08/09/2026 12:56:07,2026-08-19 00:00:00,Índice del mercado bursátil colombiano - COLCAP,2453.87,-7.36,-0.299037473133352
08/09/2026 12:56:07,2026-08-20 00:00:00,Índice del mercado bursátil colombiano - COLCAP,2444.32,-9.55,-0.389181170966677
08/09/2026 12:56:07,2026-08-21 00:00:00,Índice del mercado bursátil colombiano - COLCAP,2459.23,14.91,0.609985599266872
08/09/2026 12:56:07,2026-08-24 00:00:00,Índice del mercado bursátil colombiano - COLCAP,2510.72,51.49,2.09374479003591
08/09/2026 12:56:07,2026-08-25 00:00:00,Índice del mercado bursátil colombiano - COLCAP,2508.47,-2.25,-0.089615727759368
08/09/2026 12:56:07,2026-08-26 00:00:00,Índice del mercado bursátil colombiano - COLCAP,2504.68,-3.79,-0.151088113471558
08/09/2026 12:56:07,2026-08-27 00:00:00,Índice del mercado bursátil colombiano - COLCAP,2489.8,-14.88,-0.594087867512018
08/09/2026 12:56:07,2026-08-28 00:00:00,Índice del mercado bursátil colombiano - COLCAP,2457.87,-31.93,-1.28243232388144
08/09/2026 12:56:07,2026-08-31 00:00:00,Índice del mercado bursátil colombiano - COLCAP,2425.08,-32.79,-1.33408194900463
08/09/2026 12:56:07,2026-09-01 00:00:00,Índice del mercado bursátil colombiano - COLCAP,2470.26,45.18,1.86303132267801
08/09/2026 12:56:07,2026-09-02 00:00:00,Índice del mercado bursátil colombiano - COLCAP,2489.31,19.05,0.771173884530373
08/09/2026 12:56:07,2026-09-03 00:00:00,Índice del mercado bursátil colombiano - COLCAP,2534.46,45.15,1.81375561902696
08/09/2026 12:56:07,2026-09-04 00:00:00,Índice del mercado bursátil colombiano - COLCAP,2544.56,10.1,0.398506979790567
08/09/2026 12:56:07,2026-09-07 00:00:00,Índice del mercado bursátil colombiano - COLCAP,2565.5,20.94,0.822932058980728